date,product,customer,market,sold_quantity
2017-09-01,"AQ Dracula HDD – 3.5 Inch SATA 6 Gb/s 5400 RPM 256 MB Cache","Atliq Exclusive",India,51
2017-09-01,"AQ Dracula HDD – 3.5 Inch SATA 6 Gb/s 5400 RPM 256 MB Cache","Atliq Exclusive",India,21
2017-09-01,"AQ Dracula HDD – 3.5 Inch SATA 6 Gb/s 5400 RPM 256 MB Cache","Atliq Exclusive",India,77
2017-09-01,"AQ Dracula HDD – 3.5 Inch SATA 6 Gb/s 5400 RPM 256 MB Cache","Atliq Exclusive",India,22
2017-09-01,"AQ Dracula HDD – 3.5 Inch SATA 6 Gb/s 5400 RPM 256 MB Cache","Atliq Exclusive",India,54
2017-09-01,"AQ Dracula HDD – 3.5 Inch SATA 6 Gb/s 5400 RPM 256 MB Cache","Atliq Exclusive",India,17
2017-09-01,"AQ Dracula HDD – 3.5 Inch SATA 6 Gb/s 5400 RPM 256 MB Cache","Atliq Exclusive",India,42
2017-09-01,"AQ Dracula HDD – 3.5 Inch SATA 6 Gb/s 5400 RPM 256 MB Cache","Atliq Exclusive",India,66
2017-09-01,"AQ Mforce Gen X","Atliq Exclusive",India,67
2017-09-01,"AQ Mforce Gen X","Atliq Exclusive",India,48
2017-09-01,"AQ Mforce Gen X","Atliq Exclusive",India,17
2017-09-01,"AQ Mforce Gen X","Atliq Exclusive",India,79
2017-09-01,"AQ Mforce Gen X","Atliq Exclusive",India,25
2017-09-01,"AQ Mforce Gen X","Atliq Exclusive",India,93
2017-09-01,"AQ Mforce Gen X","Atliq Exclusive",India,17
2017-09-01,"AQ Mforce Gen X","Atliq Exclusive",India,41
2017-09-01,"AQ Mforce Gen X","Atliq Exclusive",India,51
2017-09-01,"AQ Mforce Gen X","Atliq Exclusive",India,86
2017-09-01,"AQ 5000 Series Electron 9 5900X Desktop Processor","Atliq Exclusive",India,54
2017-09-01,"AQ 5000 Series Electron 9 5900X Desktop Processor","Atliq Exclusive",India,11
2017-09-01,"AQ 5000 Series Electron 9 5900X Desktop Processor","Atliq Exclusive",India,26
2017-09-01,"AQ 5000 Series Electron 9 5900X Desktop Processor","Atliq Exclusive",India,49
2017-09-01,"AQ 5000 Series Electron 9 5900X Desktop Processor","Atliq Exclusive",India,15
2017-09-01,"AQ 5000 Series Electron 9 5900X Desktop Processor","Atliq Exclusive",India,24
2017-09-01,"AQ 5000 Series Electron 8 5900X Desktop Processor","Atliq Exclusive",India,47
2017-09-01,"AQ 5000 Series Electron 8 5900X Desktop Processor","Atliq Exclusive",India,51
2017-09-01,"AQ 5000 Series Electron 8 5900X Desktop Processor","Atliq Exclusive",India,8
2017-09-01,"AQ 5000 Series Electron 8 5900X Desktop Processor","Atliq Exclusive",India,37
2017-09-01,"AQ 5000 Series Electron 8 5900X Desktop Processor","Atliq Exclusive",India,37
2017-09-01,"AQ 5000 Series Electron 8 5900X Desktop Processor","Atliq Exclusive",India,25
2017-09-01,"AQ 5000 Series Ultron 8 5900X Desktop Processor","Atliq Exclusive",India,56
2017-09-01,"AQ 5000 Series Ultron 8 5900X Desktop Processor","Atliq Exclusive",India,9
2017-09-01,"AQ MB Elite","Atliq Exclusive",India,3
2017-09-01,"AQ MB Elite","Atliq Exclusive",India,2
2017-09-01,"AQ MB Elite","Atliq Exclusive",India,2
2017-09-01,"AQ MB Elite","Atliq Exclusive",India,1
2017-09-01,"AQ MB Elite","Atliq Exclusive",India,1
2017-09-01,"AQ MB Elite","Atliq Exclusive",India,1
2017-09-01,"AQ MB Elite","Atliq Exclusive",India,1
2017-09-01,"AQ MB Elite","Atliq Exclusive",India,1
2017-09-01,"AQ MB Crossx","Atliq Exclusive",India,5
2017-09-01,"AQ MB Crossx","Atliq Exclusive",India,2
2017-09-01,"AQ Master wired x1 Ms","Atliq Exclusive",India,281
2017-09-01,"AQ Master wired x1 Ms","Atliq Exclusive",India,508
2017-09-01,"AQ Master wired x1 Ms","Atliq Exclusive",India,431
2017-09-01,"AQ Master wired x1 Ms","Atliq Exclusive",India,153
2017-09-01,"AQ Master wired x1 Ms","Atliq Exclusive",India,197
2017-09-01,"AQ Master wired x1 Ms","Atliq Exclusive",India,444
2017-09-01,"AQ Master wired x1 Ms","Atliq Exclusive",India,468
2017-09-01,"AQ Master wired x1 Ms","Atliq Exclusive",India,182
2017-09-01,"AQ Master wired x1 Ms","Atliq Exclusive",India,546
2017-09-01,"AQ Master wired x1 Ms","Atliq Exclusive",India,458
2017-09-01,"AQ Master wired x1 Ms","Atliq Exclusive",India,540
2017-09-01,"AQ Master wired x1 Ms","Atliq Exclusive",India,194
2017-09-01,"AQ Master wireless x1 Ms","Atliq Exclusive",India,409
2017-09-01,"AQ Master wireless x1 Ms","Atliq Exclusive",India,337
2017-09-01,"AQ Master wireless x1 Ms","Atliq Exclusive",India,422
2017-09-01,"AQ Master wireless x1 Ms","Atliq Exclusive",India,158
2017-09-01,"AQ Master wireless x1 Ms","Atliq Exclusive",India,372
2017-09-01,"AQ Master wireless x1 Ms","Atliq Exclusive",India,89
2017-09-01,"AQ Master wired x1","Atliq Exclusive",India,149
2017-09-01,"AQ Master wired x1","Atliq Exclusive",India,238
2017-09-01,"AQ Master wired x1","Atliq Exclusive",India,290
2017-09-01,"AQ Master wired x1","Atliq Exclusive",India,255
2017-09-01,"AQ Master wired x1","Atliq Exclusive",India,137
2017-09-01,"AQ Master wired x1","Atliq Exclusive",India,56
2017-09-01,"AQ Master wired x1","Atliq Exclusive",India,55
2017-09-01,"AQ Master wired x1","Atliq Exclusive",India,408
2017-09-01,"AQ Master wired x1","Atliq Exclusive",India,226
2017-09-01,"AQ Master wired x1","Atliq Exclusive",India,54
2017-09-01,"AQ Master wired x1","Atliq Exclusive",India,284
2017-09-01,"AQ Master wired x1","Atliq Exclusive",India,116
2017-09-01,"AQ Master wireless x1","Atliq Exclusive",India,424
2017-09-01,"AQ Master wireless x1","Atliq Exclusive",India,121
2017-09-01,"AQ Master wireless x1","Atliq Exclusive",India,174
2017-09-01,"AQ Master wireless x1","Atliq Exclusive",India,295
2017-09-01,"AQ Master wireless x1","Atliq Exclusive",India,112
2017-09-01,"AQ Master wireless x1","Atliq Exclusive",India,264
2017-09-01,"AQ Master wireless x1","Atliq Exclusive",India,301
2017-09-01,"AQ Master wireless x1","Atliq Exclusive",India,98
2017-09-01,"AQ Master wireless x1","Atliq Exclusive",India,408
2017-09-01,"AQ Master wireless x1","Atliq Exclusive",India,223
2017-09-01,"AQ Master wireless x1","Atliq Exclusive",India,126
2017-09-01,"AQ Master wireless x1","Atliq Exclusive",India,230
2017-09-01,"AQ Aspiron","Atliq Exclusive",India,9
2017-09-01,"AQ Aspiron","Atliq Exclusive",India,12
2017-09-01,"AQ Aspiron","Atliq Exclusive",India,6
2017-09-01,"AQ Aspiron","Atliq Exclusive",India,7
2017-09-01,"AQ Aspiron","Atliq Exclusive",India,11
2017-09-01,"AQ Aspiron","Atliq Exclusive",India,9
2017-09-01,"AQ Aspiron","Atliq Exclusive",India,4
2017-09-01,"AQ Aspiron","Atliq Exclusive",India,7
2017-09-01,"AQ Aspiron","Atliq Exclusive",India,4
2017-09-01,"AQ Aspiron","Atliq Exclusive",India,6
2017-09-01,"AQ Aspiron","Atliq Exclusive",India,6
2017-09-01,"AQ Aspiron","Atliq Exclusive",India,2
2017-09-01,"AQ Aspiron","Atliq Exclusive",India,10
2017-09-01,"AQ Aspiron","Atliq Exclusive",India,6
2017-09-01,"AQ Digit","Atliq Exclusive",India,5
2017-09-01,"AQ Digit","Atliq Exclusive",India,5
2017-09-01,"AQ Digit","Atliq Exclusive",India,5
2017-09-01,"AQ Digit","Atliq Exclusive",India,11
2017-09-01,"AQ Digit","Atliq Exclusive",India,4
2017-09-01,"AQ Digit","Atliq Exclusive",India,4
2017-09-01,"AQ Digit","Atliq Exclusive",India,5
2017-09-01,"AQ Digit","Atliq Exclusive",India,8
2017-09-01,"AQ Digit","Atliq Exclusive",India,11
2017-09-01,"AQ Digit","Atliq Exclusive",India,7
2017-09-01,"AQ BZ 101","Atliq Exclusive",India,5
2017-09-01,"AQ BZ 101","Atliq Exclusive",India,6
2017-09-01,"AQ BZ 101","Atliq Exclusive",India,8
2017-09-01,"AQ BZ 101","Atliq Exclusive",India,5
2017-09-01,"AQ BZ 101","Atliq Exclusive",India,9
2017-09-01,"AQ BZ 101","Atliq Exclusive",India,7
2017-09-01,"AQ BZ 101","Atliq Exclusive",India,6
2017-09-01,"AQ BZ 101","Atliq Exclusive",India,7
2017-09-01,"AQ BZ Compact","Atliq Exclusive",India,4
2017-09-01,"AQ BZ Compact","Atliq Exclusive",India,3
2017-09-01,"AQ BZ Compact","Atliq Exclusive",India,9
2017-09-01,"AQ BZ Compact","Atliq Exclusive",India,7
2017-09-01,"AQ BZ Compact","Atliq Exclusive",India,5
2017-09-01,"AQ BZ Compact","Atliq Exclusive",India,8
2017-09-01,"AQ BZ Compact","Atliq Exclusive",India,5
2017-09-01,"AQ BZ Compact","Atliq Exclusive",India,6
2017-09-01,"AQ Gamer 1","Atliq Exclusive",India,1
2017-09-01,"AQ Gamer 1","Atliq Exclusive",India,1
2017-09-01,"AQ Gamer 1","Atliq Exclusive",India,1
2017-09-01,"AQ Gamer 1","Atliq Exclusive",India,1
2017-09-01,"AQ Gamer 1","Atliq Exclusive",India,1
2017-09-01,"AQ Gamer 1","Atliq Exclusive",India,1
2017-09-01,"AQ Gamer 2","Atliq Exclusive",India,1
2017-09-01,"AQ Digit SSD","Atliq Exclusive",India,285
2017-09-01,"AQ Digit SSD","Atliq Exclusive",India,210
2017-09-01,"AQ Digit SSD","Atliq Exclusive",India,296
2017-09-01,"AQ Digit SSD","Atliq Exclusive",India,432
2017-09-01,"AQ Wi Power Dx1","Atliq Exclusive",India,953
2017-09-01,"AQ Wi Power Dx1","Atliq Exclusive",India,1005
2017-10-01,"AQ Dracula HDD – 3.5 Inch SATA 6 Gb/s 5400 RPM 256 MB Cache","Atliq Exclusive",India,54
2017-10-01,"AQ Dracula HDD – 3.5 Inch SATA 6 Gb/s 5400 RPM 256 MB Cache","Atliq Exclusive",India,37
2017-10-01,"AQ Dracula HDD – 3.5 Inch SATA 6 Gb/s 5400 RPM 256 MB Cache","Atliq Exclusive",India,15
2017-10-01,"AQ Dracula HDD – 3.5 Inch SATA 6 Gb/s 5400 RPM 256 MB Cache","Atliq Exclusive",India,77
2017-10-01,"AQ Mforce Gen X","Atliq Exclusive",India,69
2017-10-01,"AQ Mforce Gen X","Atliq Exclusive",India,58
2017-10-01,"AQ Mforce Gen X","Atliq Exclusive",India,109
2017-10-01,"AQ Mforce Gen X","Atliq Exclusive",India,82
2017-10-01,"AQ Mforce Gen X","Atliq Exclusive",India,101
2017-10-01,"AQ 5000 Series Electron 9 5900X Desktop Processor","Atliq Exclusive",India,11
2017-10-01,"AQ 5000 Series Electron 9 5900X Desktop Processor","Atliq Exclusive",India,61
2017-10-01,"AQ 5000 Series Electron 9 5900X Desktop Processor","Atliq Exclusive",India,16
2017-10-01,"AQ 5000 Series Electron 8 5900X Desktop Processor","Atliq Exclusive",India,81
2017-10-01,"AQ 5000 Series Electron 8 5900X Desktop Processor","Atliq Exclusive",India,29
2017-10-01,"AQ 5000 Series Electron 8 5900X Desktop Processor","Atliq Exclusive",India,43
2017-10-01,"AQ 5000 Series Ultron 8 5900X Desktop Processor","Atliq Exclusive",India,46
2017-10-01,"AQ MB Elite","Atliq Exclusive",India,1
2017-10-01,"AQ MB Elite","Atliq Exclusive",India,4
2017-10-01,"AQ MB Elite","Atliq Exclusive",India,4
2017-10-01,"AQ MB Elite","Atliq Exclusive",India,2
2017-10-01,"AQ MB Crossx","Atliq Exclusive",India,6
2017-10-01,"AQ Master wired x1 Ms","Atliq Exclusive",India,784
2017-10-01,"AQ Master wired x1 Ms","Atliq Exclusive",India,152
2017-10-01,"AQ Master wired x1 Ms","Atliq Exclusive",India,427
2017-10-01,"AQ Master wired x1 Ms","Atliq Exclusive",India,765
2017-10-01,"AQ Master wired x1 Ms","Atliq Exclusive",India,394
2017-10-01,"AQ Master wired x1 Ms","Atliq Exclusive",India,757
2017-10-01,"AQ Master wireless x1 Ms","Atliq Exclusive",India,378
2017-10-01,"AQ Master wireless x1 Ms","Atliq Exclusive",India,132
2017-10-01,"AQ Master wireless x1 Ms","Atliq Exclusive",India,571
2017-10-01,"AQ Master wired x1","Atliq Exclusive",India,194
2017-10-01,"AQ Master wired x1","Atliq Exclusive",India,563
2017-10-01,"AQ Master wired x1","Atliq Exclusive",India,293
2017-10-01,"AQ Master wired x1","Atliq Exclusive",India,244
2017-10-01,"AQ Master wired x1","Atliq Exclusive",India,480
2017-10-01,"AQ Master wired x1","Atliq Exclusive",India,133
2017-10-01,"AQ Master wireless x1","Atliq Exclusive",India,447
2017-10-01,"AQ Master wireless x1","Atliq Exclusive",India,125
2017-10-01,"AQ Master wireless x1","Atliq Exclusive",India,308
2017-10-01,"AQ Master wireless x1","Atliq Exclusive",India,275
2017-10-01,"AQ Master wireless x1","Atliq Exclusive",India,228
2017-10-01,"AQ Master wireless x1","Atliq Exclusive",India,564
2017-10-01,"AQ Aspiron","Atliq Exclusive",India,9
2017-10-01,"AQ Aspiron","Atliq Exclusive",India,11
2017-10-01,"AQ Aspiron","Atliq Exclusive",India,6
2017-10-01,"AQ Aspiron","Atliq Exclusive",India,13
2017-10-01,"AQ Aspiron","Atliq Exclusive",India,6
2017-10-01,"AQ Aspiron","Atliq Exclusive",India,16
2017-10-01,"AQ Aspiron","Atliq Exclusive",India,11
2017-10-01,"AQ Digit","Atliq Exclusive",India,7
2017-10-01,"AQ Digit","Atliq Exclusive",India,8
2017-10-01,"AQ Digit","Atliq Exclusive",India,3
2017-10-01,"AQ Digit","Atliq Exclusive",India,9
2017-10-01,"AQ Digit","Atliq Exclusive",India,15
2017-10-01,"AQ BZ 101","Atliq Exclusive",India,2
2017-10-01,"AQ BZ 101","Atliq Exclusive",India,5
2017-10-01,"AQ BZ 101","Atliq Exclusive",India,9
2017-10-01,"AQ BZ 101","Atliq Exclusive",India,4
2017-10-01,"AQ BZ Compact","Atliq Exclusive",India,6
2017-10-01,"AQ BZ Compact","Atliq Exclusive",India,7
2017-10-01,"AQ BZ Compact","Atliq Exclusive",India,5
2017-10-01,"AQ BZ Compact","Atliq Exclusive",India,12
2017-10-01,"AQ Gamer 1","Atliq Exclusive",India,1
2017-10-01,"AQ Gamer 1","Atliq Exclusive",India,1
2017-10-01,"AQ Gamer 1","Atliq Exclusive",India,1
2017-10-01,"AQ Gamer 1","Atliq Exclusive",India,1
2017-10-01,"AQ Gamer 2","Atliq Exclusive",India,1
2017-10-01,"AQ Gamer 2","Atliq Exclusive",India,1
2017-10-01,"AQ Gamer 2","Atliq Exclusive",India,1
2017-10-01,"AQ Digit SSD","Atliq Exclusive",India,265
2017-10-01,"AQ Digit SSD","Atliq Exclusive",India,697
2017-10-01,"AQ Wi Power Dx1","Atliq Exclusive",India,557
2017-11-01,"AQ Dracula HDD – 3.5 Inch SATA 6 Gb/s 5400 RPM 256 MB Cache","Atliq Exclusive",India,30
2017-11-01,"AQ Dracula HDD – 3.5 Inch SATA 6 Gb/s 5400 RPM 256 MB Cache","Atliq Exclusive",India,18
2017-11-01,"AQ Dracula HDD – 3.5 Inch SATA 6 Gb/s 5400 RPM 256 MB Cache","Atliq Exclusive",India,54
2017-11-01,"AQ Dracula HDD – 3.5 Inch SATA 6 Gb/s 5400 RPM 256 MB Cache","Atliq Exclusive",India,114
2017-11-01,"AQ Dracula HDD – 3.5 Inch SATA 6 Gb/s 5400 RPM 256 MB Cache","Atliq Exclusive",India,82
2017-11-01,"AQ Dracula HDD – 3.5 Inch SATA 6 Gb/s 5400 RPM 256 MB Cache","Atliq Exclusive",India,16
2017-11-01,"AQ Dracula HDD – 3.5 Inch SATA 6 Gb/s 5400 RPM 256 MB Cache","Atliq Exclusive",India,79
2017-11-01,"AQ Dracula HDD – 3.5 Inch SATA 6 Gb/s 5400 RPM 256 MB Cache","Atliq Exclusive",India,124
2017-11-01,"AQ Mforce Gen X","Atliq Exclusive",India,26
2017-11-01,"AQ Mforce Gen X","Atliq Exclusive",India,104
2017-11-01,"AQ Mforce Gen X","Atliq Exclusive",India,63
2017-11-01,"AQ Mforce Gen X","Atliq Exclusive",India,18
2017-11-01,"AQ Mforce Gen X","Atliq Exclusive",India,134
2017-11-01,"AQ Mforce Gen X","Atliq Exclusive",India,39
2017-11-01,"AQ Mforce Gen X","Atliq Exclusive",India,51
2017-11-01,"AQ Mforce Gen X","Atliq Exclusive",India,130
2017-11-01,"AQ Mforce Gen X","Atliq Exclusive",India,37
2017-11-01,"AQ Mforce Gen X","Atliq Exclusive",India,131
2017-11-01,"AQ 5000 Series Electron 9 5900X Desktop Processor","Atliq Exclusive",India,90
2017-11-01,"AQ 5000 Series Electron 9 5900X Desktop Processor","Atliq Exclusive",India,90
2017-11-01,"AQ 5000 Series Electron 9 5900X Desktop Processor","Atliq Exclusive",India,20
2017-11-01,"AQ 5000 Series Electron 9 5900X Desktop Processor","Atliq Exclusive",India,83
2017-11-01,"AQ 5000 Series Electron 9 5900X Desktop Processor","Atliq Exclusive",India,104
2017-11-01,"AQ 5000 Series Electron 9 5900X Desktop Processor","Atliq Exclusive",India,28
2017-11-01,"AQ 5000 Series Electron 8 5900X Desktop Processor","Atliq Exclusive",India,22
2017-11-01,"AQ 5000 Series Electron 8 5900X Desktop Processor","Atliq Exclusive",India,69
2017-11-01,"AQ 5000 Series Electron 8 5900X Desktop Processor","Atliq Exclusive",India,102
2017-11-01,"AQ 5000 Series Electron 8 5900X Desktop Processor","Atliq Exclusive",India,31
2017-11-01,"AQ 5000 Series Electron 8 5900X Desktop Processor","Atliq Exclusive",India,61
2017-11-01,"AQ 5000 Series Electron 8 5900X Desktop Processor","Atliq Exclusive",India,18
2017-11-01,"AQ 5000 Series Ultron 8 5900X Desktop Processor","Atliq Exclusive",India,68
2017-11-01,"AQ 5000 Series Ultron 8 5900X Desktop Processor","Atliq Exclusive",India,60
2017-11-01,"AQ MB Elite","Atliq Exclusive",India,3
2017-11-01,"AQ MB Elite","Atliq Exclusive",India,3
2017-11-01,"AQ MB Elite","Atliq Exclusive",India,2
2017-11-01,"AQ MB Elite","Atliq Exclusive",India,6
2017-11-01,"AQ MB Elite","Atliq Exclusive",India,7
2017-11-01,"AQ MB Elite","Atliq Exclusive",India,1
2017-11-01,"AQ MB Elite","Atliq Exclusive",India,2
2017-11-01,"AQ MB Elite","Atliq Exclusive",India,3
2017-11-01,"AQ MB Crossx","Atliq Exclusive",India,4
2017-11-01,"AQ MB Crossx","Atliq Exclusive",India,1
2017-11-01,"AQ Master wired x1 Ms","Atliq Exclusive",India,541
2017-11-01,"AQ Master wired x1 Ms","Atliq Exclusive",India,492
2017-11-01,"AQ Master wired x1 Ms","Atliq Exclusive",India,759
2017-11-01,"AQ Master wired x1 Ms","Atliq Exclusive",India,201
2017-11-01,"AQ Master wired x1 Ms","Atliq Exclusive",India,1015
2017-11-01,"AQ Master wired x1 Ms","Atliq Exclusive",India,585
2017-11-01,"AQ Master wired x1 Ms","Atliq Exclusive",India,299
2017-11-01,"AQ Master wired x1 Ms","Atliq Exclusive",India,993
2017-11-01,"AQ Master wired x1 Ms","Atliq Exclusive",India,974
2017-11-01,"AQ Master wired x1 Ms","Atliq Exclusive",India,874
2017-11-01,"AQ Master wired x1 Ms","Atliq Exclusive",India,660
2017-11-01,"AQ Master wired x1 Ms","Atliq Exclusive",India,312
2017-11-01,"AQ Master wireless x1 Ms","Atliq Exclusive",India,129
2017-11-01,"AQ Master wireless x1 Ms","Atliq Exclusive",India,685
2017-11-01,"AQ Master wireless x1 Ms","Atliq Exclusive",India,980
2017-11-01,"AQ Master wireless x1 Ms","Atliq Exclusive",India,964
2017-11-01,"AQ Master wireless x1 Ms","Atliq Exclusive",India,113
2017-11-01,"AQ Master wireless x1 Ms","Atliq Exclusive",India,234
2017-11-01,"AQ Master wired x1","Atliq Exclusive",India,329
2017-11-01,"AQ Master wired x1","Atliq Exclusive",India,541
2017-11-01,"AQ Master wired x1","Atliq Exclusive",India,413
2017-11-01,"AQ Master wired x1","Atliq Exclusive",India,536
2017-11-01,"AQ Master wired x1","Atliq Exclusive",India,431
2017-11-01,"AQ Master wired x1","Atliq Exclusive",India,514
2017-11-01,"AQ Master wired x1","Atliq Exclusive",India,373
2017-11-01,"AQ Master wired x1","Atliq Exclusive",India,613
2017-11-01,"AQ Master wired x1","Atliq Exclusive",India,233
2017-11-01,"AQ Master wired x1","Atliq Exclusive",India,239
2017-11-01,"AQ Master wired x1","Atliq Exclusive",India,81
2017-11-01,"AQ Master wired x1","Atliq Exclusive",India,93
2017-11-01,"AQ Master wireless x1","Atliq Exclusive",India,319
2017-11-01,"AQ Master wireless x1","Atliq Exclusive",India,305
2017-11-01,"AQ Master wireless x1","Atliq Exclusive",India,227
2017-11-01,"AQ Master wireless x1","Atliq Exclusive",India,110
2017-11-01,"AQ Master wireless x1","Atliq Exclusive",India,192
2017-11-01,"AQ Master wireless x1","Atliq Exclusive",India,690
2017-11-01,"AQ Master wireless x1","Atliq Exclusive",India,652
2017-11-01,"AQ Master wireless x1","Atliq Exclusive",India,147
2017-11-01,"AQ Master wireless x1","Atliq Exclusive",India,733
2017-11-01,"AQ Master wireless x1","Atliq Exclusive",India,341
2017-11-01,"AQ Master wireless x1","Atliq Exclusive",India,355
2017-11-01,"AQ Master wireless x1","Atliq Exclusive",India,631
2017-11-01,"AQ Aspiron","Atliq Exclusive",India,14
2017-11-01,"AQ Aspiron","Atliq Exclusive",India,19
2017-11-01,"AQ Aspiron","Atliq Exclusive",India,5
2017-11-01,"AQ Aspiron","Atliq Exclusive",India,19
2017-11-01,"AQ Aspiron","Atliq Exclusive",India,19
2017-11-01,"AQ Aspiron","Atliq Exclusive",India,14
2017-11-01,"AQ Aspiron","Atliq Exclusive",India,10
2017-11-01,"AQ Aspiron","Atliq Exclusive",India,14
2017-11-01,"AQ Aspiron","Atliq Exclusive",India,8
2017-11-01,"AQ Aspiron","Atliq Exclusive",India,15
2017-11-01,"AQ Aspiron","Atliq Exclusive",India,16
2017-11-01,"AQ Aspiron","Atliq Exclusive",India,10
2017-11-01,"AQ Aspiron","Atliq Exclusive",India,6
2017-11-01,"AQ Aspiron","Atliq Exclusive",India,6
2017-11-01,"AQ Digit","Atliq Exclusive",India,6
2017-11-01,"AQ Digit","Atliq Exclusive",India,6
2017-11-01,"AQ Digit","Atliq Exclusive",India,13
2017-11-01,"AQ Digit","Atliq Exclusive",India,14
2017-11-01,"AQ Digit","Atliq Exclusive",India,18
2017-11-01,"AQ Digit","Atliq Exclusive",India,5
2017-11-01,"AQ Digit","Atliq Exclusive",India,13
2017-11-01,"AQ Digit","Atliq Exclusive",India,10
2017-11-01,"AQ Digit","Atliq Exclusive",India,11
2017-11-01,"AQ Digit","Atliq Exclusive",India,11
2017-11-01,"AQ BZ 101","Atliq Exclusive",India,12
2017-11-01,"AQ BZ 101","Atliq Exclusive",India,13
2017-11-01,"AQ BZ 101","Atliq Exclusive",India,16
2017-11-01,"AQ BZ 101","Atliq Exclusive",India,13
2017-11-01,"AQ BZ 101","Atliq Exclusive",India,4
2017-11-01,"AQ BZ 101","Atliq Exclusive",India,12
2017-11-01,"AQ BZ 101","Atliq Exclusive",India,9
2017-11-01,"AQ BZ 101","Atliq Exclusive",India,10
2017-11-01,"AQ BZ Compact","Atliq Exclusive",India,5
2017-11-01,"AQ BZ Compact","Atliq Exclusive",India,10
2017-11-01,"AQ BZ Compact","Atliq Exclusive",India,7
2017-11-01,"AQ BZ Compact","Atliq Exclusive",India,14
2017-11-01,"AQ BZ Compact","Atliq Exclusive",India,6
2017-11-01,"AQ BZ Compact","Atliq Exclusive",India,4
2017-11-01,"AQ BZ Compact","Atliq Exclusive",India,11
2017-11-01,"AQ BZ Compact","Atliq Exclusive",India,17
2017-11-01,"AQ Gamer 1","Atliq Exclusive",India,1
2017-11-01,"AQ Gamer 1","Atliq Exclusive",India,1
2017-11-01,"AQ Gamer 1","Atliq Exclusive",India,1
2017-11-01,"AQ Gamer 1","Atliq Exclusive",India,1
2017-11-01,"AQ Gamer 1","Atliq Exclusive",India,1
2017-11-01,"AQ Gamer 1","Atliq Exclusive",India,1
2017-11-01,"AQ Gamer 1","Atliq Exclusive",India,1
2017-11-01,"AQ Gamer 1","Atliq Exclusive",India,1
2017-11-01,"AQ Gamer 1","Atliq Exclusive",India,1
2017-11-01,"AQ Gamer 1","Atliq Exclusive",India,1
2017-11-01,"AQ Gamer 1","Atliq Exclusive",India,1
2017-11-01,"AQ Gamer 2","Atliq Exclusive",India,1
2017-11-01,"AQ Gamer 2","Atliq Exclusive",India,1
2017-11-01,"AQ Gamer 2","Atliq Exclusive",India,1
2017-11-01,"AQ Gamer 2","Atliq Exclusive",India,1
2017-11-01,"AQ Gamer 2","Atliq Exclusive",India,1
2017-11-01,"AQ Gamer 2","Atliq Exclusive",India,1
2017-11-01,"AQ Gamer 2","Atliq Exclusive",India,1
2017-11-01,"AQ Gamer 2","Atliq Exclusive",India,1
2017-11-01,"AQ Digit SSD","Atliq Exclusive",India,692
2017-11-01,"AQ Digit SSD","Atliq Exclusive",India,473
2017-11-01,"AQ Digit SSD","Atliq Exclusive",India,399
2017-11-01,"AQ Digit SSD","Atliq Exclusive",India,713
2017-11-01,"AQ Wi Power Dx1","Atliq Exclusive",India,569
2017-11-01,"AQ Wi Power Dx1","Atliq Exclusive",India,435
2017-12-01,"AQ Dracula HDD – 3.5 Inch SATA 6 Gb/s 5400 RPM 256 MB Cache","Atliq Exclusive",India,43
2017-12-01,"AQ Dracula HDD – 3.5 Inch SATA 6 Gb/s 5400 RPM 256 MB Cache","Atliq Exclusive",India,107
2017-12-01,"AQ Dracula HDD – 3.5 Inch SATA 6 Gb/s 5400 RPM 256 MB Cache","Atliq Exclusive",India,122
2017-12-01,"AQ Dracula HDD – 3.5 Inch SATA 6 Gb/s 5400 RPM 256 MB Cache","Atliq Exclusive",India,110
2017-12-01,"AQ Mforce Gen X","Atliq Exclusive",India,33
2017-12-01,"AQ Mforce Gen X","Atliq Exclusive",India,131
2017-12-01,"AQ Mforce Gen X","Atliq Exclusive",India,57
2017-12-01,"AQ Mforce Gen X","Atliq Exclusive",India,26
2017-12-01,"AQ Mforce Gen X","Atliq Exclusive",India,24
2017-12-01,"AQ 5000 Series Electron 9 5900X Desktop Processor","Atliq Exclusive",India,46
2017-12-01,"AQ 5000 Series Electron 9 5900X Desktop Processor","Atliq Exclusive",India,52
2017-12-01,"AQ 5000 Series Electron 9 5900X Desktop Processor","Atliq Exclusive",India,90
2017-12-01,"AQ 5000 Series Electron 8 5900X Desktop Processor","Atliq Exclusive",India,23
2017-12-01,"AQ 5000 Series Electron 8 5900X Desktop Processor","Atliq Exclusive",India,38
2017-12-01,"AQ 5000 Series Electron 8 5900X Desktop Processor","Atliq Exclusive",India,99
2017-12-01,"AQ 5000 Series Ultron 8 5900X Desktop Processor","Atliq Exclusive",India,45
2017-12-01,"AQ MB Elite","Atliq Exclusive",India,9
2017-12-01,"AQ MB Elite","Atliq Exclusive",India,4
2017-12-01,"AQ MB Elite","Atliq Exclusive",India,7
2017-12-01,"AQ MB Elite","Atliq Exclusive",India,3
2017-12-01,"AQ MB Crossx","Atliq Exclusive",India,1
2017-12-01,"AQ Master wired x1 Ms","Atliq Exclusive",India,545
2017-12-01,"AQ Master wired x1 Ms","Atliq Exclusive",India,769
2017-12-01,"AQ Master wired x1 Ms","Atliq Exclusive",India,495
2017-12-01,"AQ Master wired x1 Ms","Atliq Exclusive",India,113
2017-12-01,"AQ Master wired x1 Ms","Atliq Exclusive",India,704
2017-12-01,"AQ Master wired x1 Ms","Atliq Exclusive",India,384
2017-12-01,"AQ Master wireless x1 Ms","Atliq Exclusive",India,360
2017-12-01,"AQ Master wireless x1 Ms","Atliq Exclusive",India,284
2017-12-01,"AQ Master wireless x1 Ms","Atliq Exclusive",India,1081
2017-12-01,"AQ Master wired x1","Atliq Exclusive",India,581
2017-12-01,"AQ Master wired x1","Atliq Exclusive",India,722
2017-12-01,"AQ Master wired x1","Atliq Exclusive",India,129
2017-12-01,"AQ Master wired x1","Atliq Exclusive",India,210
2017-12-01,"AQ Master wired x1","Atliq Exclusive",India,113
2017-12-01,"AQ Master wired x1","Atliq Exclusive",India,636
2017-12-01,"AQ Master wireless x1","Atliq Exclusive",India,162
2017-12-01,"AQ Master wireless x1","Atliq Exclusive",India,530
2017-12-01,"AQ Master wireless x1","Atliq Exclusive",India,772
2017-12-01,"AQ Master wireless x1","Atliq Exclusive",India,304
2017-12-01,"AQ Master wireless x1","Atliq Exclusive",India,293
2017-12-01,"AQ Master wireless x1","Atliq Exclusive",India,169
2017-12-01,"AQ Aspiron","Atliq Exclusive",India,13
2017-12-01,"AQ Aspiron","Atliq Exclusive",India,13
2017-12-01,"AQ Aspiron","Atliq Exclusive",India,10
2017-12-01,"AQ Aspiron","Atliq Exclusive",India,11
2017-12-01,"AQ Aspiron","Atliq Exclusive",India,22
2017-12-01,"AQ Aspiron","Atliq Exclusive",India,21
2017-12-01,"AQ Aspiron","Atliq Exclusive",India,17
2017-12-01,"AQ Digit","Atliq Exclusive",India,13
2017-12-01,"AQ Digit","Atliq Exclusive",India,4
2017-12-01,"AQ Digit","Atliq Exclusive",India,18
2017-12-01,"AQ Digit","Atliq Exclusive",India,7
2017-12-01,"AQ Digit","Atliq Exclusive",India,13
2017-12-01,"AQ BZ 101","Atliq Exclusive",India,7
2017-12-01,"AQ BZ 101","Atliq Exclusive",India,7
2017-12-01,"AQ BZ 101","Atliq Exclusive",India,9
2017-12-01,"AQ BZ 101","Atliq Exclusive",India,8
2017-12-01,"AQ BZ Compact","Atliq Exclusive",India,10
2017-12-01,"AQ BZ Compact","Atliq Exclusive",India,13
2017-12-01,"AQ BZ Compact","Atliq Exclusive",India,15
2017-12-01,"AQ BZ Compact","Atliq Exclusive",India,4
2017-12-01,"AQ Gamer 1","Atliq Exclusive",India,1
2017-12-01,"AQ Gamer 1","Atliq Exclusive",India,1
2017-12-01,"AQ Gamer 1","Atliq Exclusive",India,1
2017-12-01,"AQ Gamer 1","Atliq Exclusive",India,1
2017-12-01,"AQ Gamer 1","Atliq Exclusive",India,1
2017-12-01,"AQ Gamer 1","Atliq Exclusive",India,1
2017-12-01,"AQ Gamer 2","Atliq Exclusive",India,1
2017-12-01,"AQ Gamer 2","Atliq Exclusive",India,1
2017-12-01,"AQ Digit SSD","Atliq Exclusive",India,867
2017-12-01,"AQ Digit SSD","Atliq Exclusive",India,687
2017-12-01,"AQ Wi Power Dx1","Atliq Exclusive",India,801
2018-01-01,"AQ Dracula HDD – 3.5 Inch SATA 6 Gb/s 5400 RPM 256 MB Cache","Atliq Exclusive",India,14
2018-01-01,"AQ Dracula HDD – 3.5 Inch SATA 6 Gb/s 5400 RPM 256 MB Cache","Atliq Exclusive",India,56
2018-01-01,"AQ Dracula HDD – 3.5 Inch SATA 6 Gb/s 5400 RPM 256 MB Cache","Atliq Exclusive",India,53
2018-01-01,"AQ Dracula HDD – 3.5 Inch SATA 6 Gb/s 5400 RPM 256 MB Cache","Atliq Exclusive",India,11
2018-01-01,"AQ Dracula HDD – 3.5 Inch SATA 6 Gb/s 5400 RPM 256 MB Cache","Atliq Exclusive",India,77
2018-01-01,"AQ Dracula HDD – 3.5 Inch SATA 6 Gb/s 5400 RPM 256 MB Cache","Atliq Exclusive",India,39
2018-01-01,"AQ Dracula HDD – 3.5 Inch SATA 6 Gb/s 5400 RPM 256 MB Cache","Atliq Exclusive",India,9
2018-01-01,"AQ Dracula HDD – 3.5 Inch SATA 6 Gb/s 5400 RPM 256 MB Cache","Atliq Exclusive",India,42
2018-01-01,"AQ Mforce Gen X","Atliq Exclusive",India,68
2018-01-01,"AQ Mforce Gen X","Atliq Exclusive",India,92
2018-01-01,"AQ Mforce Gen X","Atliq Exclusive",India,64
2018-01-01,"AQ Mforce Gen X","Atliq Exclusive",India,83
2018-01-01,"AQ Mforce Gen X","Atliq Exclusive",India,54
2018-01-01,"AQ Mforce Gen X","Atliq Exclusive",India,60
2018-01-01,"AQ Mforce Gen X","Atliq Exclusive",India,24
2018-01-01,"AQ Mforce Gen X","Atliq Exclusive",India,22
2018-01-01,"AQ Mforce Gen X","Atliq Exclusive",India,78
2018-01-01,"AQ Mforce Gen X","Atliq Exclusive",India,14
2018-01-01,"AQ 5000 Series Electron 9 5900X Desktop Processor","Atliq Exclusive",India,42
2018-01-01,"AQ 5000 Series Electron 9 5900X Desktop Processor","Atliq Exclusive",India,43
2018-01-01,"AQ 5000 Series Electron 9 5900X Desktop Processor","Atliq Exclusive",India,34
2018-01-01,"AQ 5000 Series Electron 9 5900X Desktop Processor","Atliq Exclusive",India,25
2018-01-01,"AQ 5000 Series Electron 9 5900X Desktop Processor","Atliq Exclusive",India,55
2018-01-01,"AQ 5000 Series Electron 9 5900X Desktop Processor","Atliq Exclusive",India,54
2018-01-01,"AQ 5000 Series Electron 8 5900X Desktop Processor","Atliq Exclusive",India,17
2018-01-01,"AQ 5000 Series Electron 8 5900X Desktop Processor","Atliq Exclusive",India,27
2018-01-01,"AQ 5000 Series Electron 8 5900X Desktop Processor","Atliq Exclusive",India,23
2018-01-01,"AQ 5000 Series Electron 8 5900X Desktop Processor","Atliq Exclusive",India,28
2018-01-01,"AQ 5000 Series Electron 8 5900X Desktop Processor","Atliq Exclusive",India,22
2018-01-01,"AQ 5000 Series Electron 8 5900X Desktop Processor","Atliq Exclusive",India,22
2018-01-01,"AQ 5000 Series Ultron 8 5900X Desktop Processor","Atliq Exclusive",India,40
2018-01-01,"AQ 5000 Series Ultron 8 5900X Desktop Processor","Atliq Exclusive",India,52
2018-01-01,"AQ MB Elite","Atliq Exclusive",India,1
2018-01-01,"AQ MB Elite","Atliq Exclusive",India,5
2018-01-01,"AQ MB Elite","Atliq Exclusive",India,5
2018-01-01,"AQ MB Elite","Atliq Exclusive",India,2
2018-01-01,"AQ MB Elite","Atliq Exclusive",India,4
2018-01-01,"AQ MB Elite","Atliq Exclusive",India,2
2018-01-01,"AQ MB Elite","Atliq Exclusive",India,5
2018-01-01,"AQ MB Elite","Atliq Exclusive",India,1
2018-01-01,"AQ MB Crossx","Atliq Exclusive",India,1
2018-01-01,"AQ MB Crossx","Atliq Exclusive",India,1
2018-01-01,"AQ Master wired x1 Ms","Atliq Exclusive",India,334
2018-01-01,"AQ Master wired x1 Ms","Atliq Exclusive",India,464
2018-01-01,"AQ Master wired x1 Ms","Atliq Exclusive",India,370
2018-01-01,"AQ Master wired x1 Ms","Atliq Exclusive",India,436
2018-01-01,"AQ Master wired x1 Ms","Atliq Exclusive",India,566
2018-01-01,"AQ Master wired x1 Ms","Atliq Exclusive",India,74
2018-01-01,"AQ Master wired x1 Ms","Atliq Exclusive",India,392
2018-01-01,"AQ Master wired x1 Ms","Atliq Exclusive",India,396
2018-01-01,"AQ Master wired x1 Ms","Atliq Exclusive",India,122
2018-01-01,"AQ Master wired x1 Ms","Atliq Exclusive",India,429
2018-01-01,"AQ Master wired x1 Ms","Atliq Exclusive",India,274
2018-01-01,"AQ Master wired x1 Ms","Atliq Exclusive",India,422
2018-01-01,"AQ Master wireless x1 Ms","Atliq Exclusive",India,562
2018-01-01,"AQ Master wireless x1 Ms","Atliq Exclusive",India,597
2018-01-01,"AQ Master wireless x1 Ms","Atliq Exclusive",India,380
2018-01-01,"AQ Master wireless x1 Ms","Atliq Exclusive",India,347
2018-01-01,"AQ Master wireless x1 Ms","Atliq Exclusive",India,437
2018-01-01,"AQ Master wireless x1 Ms","Atliq Exclusive",India,410
2018-01-01,"AQ Master wired x1","Atliq Exclusive",India,328
2018-01-01,"AQ Master wired x1","Atliq Exclusive",India,64
2018-01-01,"AQ Master wired x1","Atliq Exclusive",India,87
2018-01-01,"AQ Master wired x1","Atliq Exclusive",India,112
2018-01-01,"AQ Master wired x1","Atliq Exclusive",India,177
2018-01-01,"AQ Master wired x1","Atliq Exclusive",India,314
2018-01-01,"AQ Master wired x1","Atliq Exclusive",India,242
2018-01-01,"AQ Master wired x1","Atliq Exclusive",India,280
2018-01-01,"AQ Master wired x1","Atliq Exclusive",India,148
2018-01-01,"AQ Master wired x1","Atliq Exclusive",India,332
2018-01-01,"AQ Master wired x1","Atliq Exclusive",India,45
2018-01-01,"AQ Master wired x1","Atliq Exclusive",India,193
2018-01-01,"AQ Master wireless x1","Atliq Exclusive",India,354
2018-01-01,"AQ Master wireless x1","Atliq Exclusive",India,261
2018-01-01,"AQ Master wireless x1","Atliq Exclusive",India,146
2018-01-01,"AQ Master wireless x1","Atliq Exclusive",India,68
2018-01-01,"AQ Master wireless x1","Atliq Exclusive",India,97
2018-01-01,"AQ Master wireless x1","Atliq Exclusive",India,76
2018-01-01,"AQ Master wireless x1","Atliq Exclusive",India,282
2018-01-01,"AQ Master wireless x1","Atliq Exclusive",India,306
2018-01-01,"AQ Master wireless x1","Atliq Exclusive",India,398
2018-01-01,"AQ Master wireless x1","Atliq Exclusive",India,421
2018-01-01,"AQ Master wireless x1","Atliq Exclusive",India,375
2018-01-01,"AQ Master wireless x1","Atliq Exclusive",India,387
2018-01-01,"AQ Aspiron","Atliq Exclusive",India,9
2018-01-01,"AQ Aspiron","Atliq Exclusive",India,11
2018-01-01,"AQ Aspiron","Atliq Exclusive",India,7
2018-01-01,"AQ Aspiron","Atliq Exclusive",India,7
2018-01-01,"AQ Aspiron","Atliq Exclusive",India,11
2018-01-01,"AQ Aspiron","Atliq Exclusive",India,5
2018-01-01,"AQ Aspiron","Atliq Exclusive",India,9
2018-01-01,"AQ Aspiron","Atliq Exclusive",India,6
2018-01-01,"AQ Aspiron","Atliq Exclusive",India,2
2018-01-01,"AQ Aspiron","Atliq Exclusive",India,12
2018-01-01,"AQ Aspiron","Atliq Exclusive",India,4
2018-01-01,"AQ Aspiron","Atliq Exclusive",India,9
2018-01-01,"AQ Aspiron","Atliq Exclusive",India,9
2018-01-01,"AQ Aspiron","Atliq Exclusive",India,10
2018-01-01,"AQ Digit","Atliq Exclusive",India,7
2018-01-01,"AQ Digit","Atliq Exclusive",India,4
2018-01-01,"AQ Digit","Atliq Exclusive",India,12
2018-01-01,"AQ Digit","Atliq Exclusive",India,10
2018-01-01,"AQ Digit","Atliq Exclusive",India,5
2018-01-01,"AQ Digit","Atliq Exclusive",India,3
2018-01-01,"AQ Digit","Atliq Exclusive",India,8
2018-01-01,"AQ Digit","Atliq Exclusive",India,12
2018-01-01,"AQ Digit","Atliq Exclusive",India,7
2018-01-01,"AQ Digit","Atliq Exclusive",India,7
2018-01-01,"AQ BZ 101","Atliq Exclusive",India,8
2018-01-01,"AQ BZ 101","Atliq Exclusive",India,5
2018-01-01,"AQ BZ 101","Atliq Exclusive",India,7
2018-01-01,"AQ BZ 101","Atliq Exclusive",India,9
2018-01-01,"AQ BZ 101","Atliq Exclusive",India,8
2018-01-01,"AQ BZ 101","Atliq Exclusive",India,7
2018-01-01,"AQ BZ 101","Atliq Exclusive",India,10
2018-01-01,"AQ BZ 101","Atliq Exclusive",India,5
2018-01-01,"AQ BZ Compact","Atliq Exclusive",India,9
2018-01-01,"AQ BZ Compact","Atliq Exclusive",India,8
2018-01-01,"AQ BZ Compact","Atliq Exclusive",India,10
2018-01-01,"AQ BZ Compact","Atliq Exclusive",India,4
2018-01-01,"AQ BZ Compact","Atliq Exclusive",India,5
2018-01-01,"AQ BZ Compact","Atliq Exclusive",India,9
2018-01-01,"AQ BZ Compact","Atliq Exclusive",India,7
2018-01-01,"AQ BZ Compact","Atliq Exclusive",India,3
2018-01-01,"AQ Gamer 1","Atliq Exclusive",India,1
2018-01-01,"AQ Gamer 1","Atliq Exclusive",India,1
2018-01-01,"AQ Gamer 2","Atliq Exclusive",India,1
2018-01-01,"AQ Gamer 2","Atliq Exclusive",India,1
2018-01-01,"AQ Gamer 2","Atliq Exclusive",India,1
2018-01-01,"AQ Gamer 2","Atliq Exclusive",India,1
2018-01-01,"AQ Digit SSD","Atliq Exclusive",India,551
2018-01-01,"AQ Digit SSD","Atliq Exclusive",India,177
2018-01-01,"AQ Digit SSD","Atliq Exclusive",India,106
2018-01-01,"AQ Digit SSD","Atliq Exclusive",India,300
2018-01-01,"AQ Wi Power Dx1","Atliq Exclusive",India,360
2018-01-01,"AQ Wi Power Dx1","Atliq Exclusive",India,127
2018-02-01,"AQ Dracula HDD – 3.5 Inch SATA 6 Gb/s 5400 RPM 256 MB Cache","Atliq Exclusive",India,62
2018-02-01,"AQ Dracula HDD – 3.5 Inch SATA 6 Gb/s 5400 RPM 256 MB Cache","Atliq Exclusive",India,37
2018-02-01,"AQ Dracula HDD – 3.5 Inch SATA 6 Gb/s 5400 RPM 256 MB Cache","Atliq Exclusive",India,69
2018-02-01,"AQ Dracula HDD – 3.5 Inch SATA 6 Gb/s 5400 RPM 256 MB Cache","Atliq Exclusive",India,63
2018-02-01,"AQ Mforce Gen X","Atliq Exclusive",India,25
2018-02-01,"AQ Mforce Gen X","Atliq Exclusive",India,63
2018-02-01,"AQ Mforce Gen X","Atliq Exclusive",India,19
2018-02-01,"AQ Mforce Gen X","Atliq Exclusive",India,56
2018-02-01,"AQ Mforce Gen X","Atliq Exclusive",India,44
2018-02-01,"AQ 5000 Series Electron 9 5900X Desktop Processor","Atliq Exclusive",India,47
2018-02-01,"AQ 5000 Series Electron 9 5900X Desktop Processor","Atliq Exclusive",India,44
2018-02-01,"AQ 5000 Series Electron 9 5900X Desktop Processor","Atliq Exclusive",India,32
2018-02-01,"AQ 5000 Series Electron 8 5900X Desktop Processor","Atliq Exclusive",India,43
2018-02-01,"AQ 5000 Series Electron 8 5900X Desktop Processor","Atliq Exclusive",India,23
2018-02-01,"AQ 5000 Series Electron 8 5900X Desktop Processor","Atliq Exclusive",India,35
2018-02-01,"AQ 5000 Series Ultron 8 5900X Desktop Processor","Atliq Exclusive",India,35
2018-02-01,"AQ MB Elite","Atliq Exclusive",India,5
2018-02-01,"AQ MB Elite","Atliq Exclusive",India,2
2018-02-01,"AQ MB Elite","Atliq Exclusive",India,1
2018-02-01,"AQ MB Elite","Atliq Exclusive",India,1
2018-02-01,"AQ MB Crossx","Atliq Exclusive",India,3
2018-02-01,"AQ Master wired x1 Ms","Atliq Exclusive",India,438
2018-02-01,"AQ Master wired x1 Ms","Atliq Exclusive",India,432
2018-02-01,"AQ Master wired x1 Ms","Atliq Exclusive",India,491
2018-02-01,"AQ Master wired x1 Ms","Atliq Exclusive",India,241
2018-02-01,"AQ Master wired x1 Ms","Atliq Exclusive",India,251
2018-02-01,"AQ Master wired x1 Ms","Atliq Exclusive",India,363
2018-02-01,"AQ Master wireless x1 Ms","Atliq Exclusive",India,322
2018-02-01,"AQ Master wireless x1 Ms","Atliq Exclusive",India,293
2018-02-01,"AQ Master wireless x1 Ms","Atliq Exclusive",India,568
2018-02-01,"AQ Master wired x1","Atliq Exclusive",India,127
2018-02-01,"AQ Master wired x1","Atliq Exclusive",India,164
2018-02-01,"AQ Master wired x1","Atliq Exclusive",India,435
2018-02-01,"AQ Master wired x1","Atliq Exclusive",India,144
2018-02-01,"AQ Master wired x1","Atliq Exclusive",India,115
2018-02-01,"AQ Master wired x1","Atliq Exclusive",India,119
2018-02-01,"AQ Master wireless x1","Atliq Exclusive",India,347
2018-02-01,"AQ Master wireless x1","Atliq Exclusive",India,128
2018-02-01,"AQ Master wireless x1","Atliq Exclusive",India,249
2018-02-01,"AQ Master wireless x1","Atliq Exclusive",India,319
2018-02-01,"AQ Master wireless x1","Atliq Exclusive",India,398
2018-02-01,"AQ Master wireless x1","Atliq Exclusive",India,171
2018-02-01,"AQ Aspiron","Atliq Exclusive",India,9
2018-02-01,"AQ Aspiron","Atliq Exclusive",India,12
2018-02-01,"AQ Aspiron","Atliq Exclusive",India,11
2018-02-01,"AQ Aspiron","Atliq Exclusive",India,7
2018-02-01,"AQ Aspiron","Atliq Exclusive",India,4
2018-02-01,"AQ Aspiron","Atliq Exclusive",India,5
2018-02-01,"AQ Aspiron","Atliq Exclusive",India,3
2018-02-01,"AQ Digit","Atliq Exclusive",India,8
2018-02-01,"AQ Digit","Atliq Exclusive",India,11
2018-02-01,"AQ Digit","Atliq Exclusive",India,8
2018-02-01,"AQ Digit","Atliq Exclusive",India,4
2018-02-01,"AQ Digit","Atliq Exclusive",India,5
2018-02-01,"AQ BZ 101","Atliq Exclusive",India,6
2018-02-01,"AQ BZ 101","Atliq Exclusive",India,9
2018-02-01,"AQ BZ 101","Atliq Exclusive",India,10
2018-02-01,"AQ BZ 101","Atliq Exclusive",India,3
2018-02-01,"AQ BZ Compact","Atliq Exclusive",India,8
2018-02-01,"AQ BZ Compact","Atliq Exclusive",India,5
2018-02-01,"AQ BZ Compact","Atliq Exclusive",India,3
2018-02-01,"AQ BZ Compact","Atliq Exclusive",India,6
2018-02-01,"AQ Gamer 1","Atliq Exclusive",India,1
2018-02-01,"AQ Gamer 1","Atliq Exclusive",India,1
2018-02-01,"AQ Gamer 2","Atliq Exclusive",India,1
2018-02-01,"AQ Gamer 2","Atliq Exclusive",India,1
2018-02-01,"AQ Digit SSD","Atliq Exclusive",India,303
2018-02-01,"AQ Digit SSD","Atliq Exclusive",India,383
2018-02-01,"AQ Wi Power Dx1","Atliq Exclusive",India,805
2018-03-01,"AQ Dracula HDD – 3.5 Inch SATA 6 Gb/s 5400 RPM 256 MB Cache","Atliq Exclusive",India,60
2018-03-01,"AQ Dracula HDD – 3.5 Inch SATA 6 Gb/s 5400 RPM 256 MB Cache","Atliq Exclusive",India,46
2018-03-01,"AQ Dracula HDD – 3.5 Inch SATA 6 Gb/s 5400 RPM 256 MB Cache","Atliq Exclusive",India,10
2018-03-01,"AQ Dracula HDD – 3.5 Inch SATA 6 Gb/s 5400 RPM 256 MB Cache","Atliq Exclusive",India,59
2018-03-01,"AQ Dracula HDD – 3.5 Inch SATA 6 Gb/s 5400 RPM 256 MB Cache","Atliq Exclusive",India,71
2018-03-01,"AQ Dracula HDD – 3.5 Inch SATA 6 Gb/s 5400 RPM 256 MB Cache","Atliq Exclusive",India,15
2018-03-01,"AQ Dracula HDD – 3.5 Inch SATA 6 Gb/s 5400 RPM 256 MB Cache","Atliq Exclusive",India,33
2018-03-01,"AQ Dracula HDD – 3.5 Inch SATA 6 Gb/s 5400 RPM 256 MB Cache","Atliq Exclusive",India,17
2018-03-01,"AQ Mforce Gen X","Atliq Exclusive",India,19
2018-03-01,"AQ Mforce Gen X","Atliq Exclusive",India,78
2018-03-01,"AQ Mforce Gen X","Atliq Exclusive",India,83
2018-03-01,"AQ Mforce Gen X","Atliq Exclusive",India,63
2018-03-01,"AQ Mforce Gen X","Atliq Exclusive",India,33
2018-03-01,"AQ Mforce Gen X","Atliq Exclusive",India,13
2018-03-01,"AQ Mforce Gen X","Atliq Exclusive",India,76
2018-03-01,"AQ Mforce Gen X","Atliq Exclusive",India,76
2018-03-01,"AQ Mforce Gen X","Atliq Exclusive",India,39
2018-03-01,"AQ Mforce Gen X","Atliq Exclusive",India,20
2018-03-01,"AQ 5000 Series Electron 9 5900X Desktop Processor","Atliq Exclusive",India,15
2018-03-01,"AQ 5000 Series Electron 9 5900X Desktop Processor","Atliq Exclusive",India,48
2018-03-01,"AQ 5000 Series Electron 9 5900X Desktop Processor","Atliq Exclusive",India,47
2018-03-01,"AQ 5000 Series Electron 9 5900X Desktop Processor","Atliq Exclusive",India,56
2018-03-01,"AQ 5000 Series Electron 9 5900X Desktop Processor","Atliq Exclusive",India,45
2018-03-01,"AQ 5000 Series Electron 9 5900X Desktop Processor","Atliq Exclusive",India,60
2018-03-01,"AQ 5000 Series Electron 8 5900X Desktop Processor","Atliq Exclusive",India,40
2018-03-01,"AQ 5000 Series Electron 8 5900X Desktop Processor","Atliq Exclusive",India,43
2018-03-01,"AQ 5000 Series Electron 8 5900X Desktop Processor","Atliq Exclusive",India,25
2018-03-01,"AQ 5000 Series Electron 8 5900X Desktop Processor","Atliq Exclusive",India,29
2018-03-01,"AQ 5000 Series Electron 8 5900X Desktop Processor","Atliq Exclusive",India,11
2018-03-01,"AQ 5000 Series Electron 8 5900X Desktop Processor","Atliq Exclusive",India,28
2018-03-01,"AQ 5000 Series Ultron 8 5900X Desktop Processor","Atliq Exclusive",India,32
2018-03-01,"AQ 5000 Series Ultron 8 5900X Desktop Processor","Atliq Exclusive",India,33
2018-03-01,"AQ MB Elite","Atliq Exclusive",India,3
2018-03-01,"AQ MB Elite","Atliq Exclusive",India,5
2018-03-01,"AQ MB Elite","Atliq Exclusive",India,1
2018-03-01,"AQ MB Elite","Atliq Exclusive",India,4
2018-03-01,"AQ MB Elite","Atliq Exclusive",India,1
2018-03-01,"AQ MB Elite","Atliq Exclusive",India,1
2018-03-01,"AQ MB Elite","Atliq Exclusive",India,4
2018-03-01,"AQ MB Elite","Atliq Exclusive",India,3
2018-03-01,"AQ MB Crossx","Atliq Exclusive",India,1
2018-03-01,"AQ MB Crossx","Atliq Exclusive",India,3
2018-03-01,"AQ Master wired x1 Ms","Atliq Exclusive",India,164
2018-03-01,"AQ Master wired x1 Ms","Atliq Exclusive",India,416
2018-03-01,"AQ Master wired x1 Ms","Atliq Exclusive",India,328
2018-03-01,"AQ Master wired x1 Ms","Atliq Exclusive",India,218
2018-03-01,"AQ Master wired x1 Ms","Atliq Exclusive",India,218
2018-03-01,"AQ Master wired x1 Ms","Atliq Exclusive",India,381
2018-03-01,"AQ Master wired x1 Ms","Atliq Exclusive",India,250
2018-03-01,"AQ Master wired x1 Ms","Atliq Exclusive",India,252
2018-03-01,"AQ Master wired x1 Ms","Atliq Exclusive",India,363
2018-03-01,"AQ Master wired x1 Ms","Atliq Exclusive",India,601
2018-03-01,"AQ Master wired x1 Ms","Atliq Exclusive",India,479
2018-03-01,"AQ Master wired x1 Ms","Atliq Exclusive",India,267
2018-03-01,"AQ Master wireless x1 Ms","Atliq Exclusive",India,504
2018-03-01,"AQ Master wireless x1 Ms","Atliq Exclusive",India,246
2018-03-01,"AQ Master wireless x1 Ms","Atliq Exclusive",India,162
2018-03-01,"AQ Master wireless x1 Ms","Atliq Exclusive",India,397
2018-03-01,"AQ Master wireless x1 Ms","Atliq Exclusive",India,449
2018-03-01,"AQ Master wireless x1 Ms","Atliq Exclusive",India,331
2018-03-01,"AQ Master wired x1","Atliq Exclusive",India,118
2018-03-01,"AQ Master wired x1","Atliq Exclusive",India,224
2018-03-01,"AQ Master wired x1","Atliq Exclusive",India,54
2018-03-01,"AQ Master wired x1","Atliq Exclusive",India,428
2018-03-01,"AQ Master wired x1","Atliq Exclusive",India,431
2018-03-01,"AQ Master wired x1","Atliq Exclusive",India,435
2018-03-01,"AQ Master wired x1","Atliq Exclusive",India,103
2018-03-01,"AQ Master wired x1","Atliq Exclusive",India,296
2018-03-01,"AQ Master wired x1","Atliq Exclusive",India,53
2018-03-01,"AQ Master wired x1","Atliq Exclusive",India,72
2018-03-01,"AQ Master wired x1","Atliq Exclusive",India,309
2018-03-01,"AQ Master wired x1","Atliq Exclusive",India,210
2018-03-01,"AQ Master wireless x1","Atliq Exclusive",India,131
2018-03-01,"AQ Master wireless x1","Atliq Exclusive",India,118
2018-03-01,"AQ Master wireless x1","Atliq Exclusive",India,308
2018-03-01,"AQ Master wireless x1","Atliq Exclusive",India,278
2018-03-01,"AQ Master wireless x1","Atliq Exclusive",India,218
2018-03-01,"AQ Master wireless x1","Atliq Exclusive",India,88
2018-03-01,"AQ Master wireless x1","Atliq Exclusive",India,103
2018-03-01,"AQ Master wireless x1","Atliq Exclusive",India,355
2018-03-01,"AQ Master wireless x1","Atliq Exclusive",India,325
2018-03-01,"AQ Master wireless x1","Atliq Exclusive",India,194
2018-03-01,"AQ Master wireless x1","Atliq Exclusive",India,93
2018-03-01,"AQ Master wireless x1","Atliq Exclusive",India,63
2018-03-01,"AQ Aspiron","Atliq Exclusive",India,6
2018-03-01,"AQ Aspiron","Atliq Exclusive",India,8
2018-03-01,"AQ Aspiron","Atliq Exclusive",India,4
2018-03-01,"AQ Aspiron","Atliq Exclusive",India,3
2018-03-01,"AQ Aspiron","Atliq Exclusive",India,7
2018-03-01,"AQ Aspiron","Atliq Exclusive",India,5
2018-03-01,"AQ Aspiron","Atliq Exclusive",India,8
2018-03-01,"AQ Aspiron","Atliq Exclusive",India,6
2018-03-01,"AQ Aspiron","Atliq Exclusive",India,11
2018-03-01,"AQ Aspiron","Atliq Exclusive",India,12
2018-03-01,"AQ Aspiron","Atliq Exclusive",India,3
2018-03-01,"AQ Aspiron","Atliq Exclusive",India,9
2018-03-01,"AQ Aspiron","Atliq Exclusive",India,7
2018-03-01,"AQ Aspiron","Atliq Exclusive",India,8
2018-03-01,"AQ Digit","Atliq Exclusive",India,5
2018-03-01,"AQ Digit","Atliq Exclusive",India,12
2018-03-01,"AQ Digit","Atliq Exclusive",India,5
2018-03-01,"AQ Digit","Atliq Exclusive",India,11
2018-03-01,"AQ Digit","Atliq Exclusive",India,3
2018-03-01,"AQ Digit","Atliq Exclusive",India,5
2018-03-01,"AQ Digit","Atliq Exclusive",India,4
2018-03-01,"AQ Digit","Atliq Exclusive",India,12
2018-03-01,"AQ Digit","Atliq Exclusive",India,9
2018-03-01,"AQ Digit","Atliq Exclusive",India,4
2018-03-01,"AQ BZ 101","Atliq Exclusive",India,5
2018-03-01,"AQ BZ 101","Atliq Exclusive",India,8
2018-03-01,"AQ BZ 101","Atliq Exclusive",India,3
2018-03-01,"AQ BZ 101","Atliq Exclusive",India,2
2018-03-01,"AQ BZ 101","Atliq Exclusive",India,10
2018-03-01,"AQ BZ 101","Atliq Exclusive",India,3
2018-03-01,"AQ BZ 101","Atliq Exclusive",India,8
2018-03-01,"AQ BZ 101","Atliq Exclusive",India,5
2018-03-01,"AQ BZ Compact","Atliq Exclusive",India,8
2018-03-01,"AQ BZ Compact","Atliq Exclusive",India,4
2018-03-01,"AQ BZ Compact","Atliq Exclusive",India,3
2018-03-01,"AQ BZ Compact","Atliq Exclusive",India,4
2018-03-01,"AQ BZ Compact","Atliq Exclusive",India,8
2018-03-01,"AQ BZ Compact","Atliq Exclusive",India,7
2018-03-01,"AQ BZ Compact","Atliq Exclusive",India,7
2018-03-01,"AQ BZ Compact","Atliq Exclusive",India,4
2018-03-01,"AQ Gamer 1","Atliq Exclusive",India,1
2018-03-01,"AQ Gamer 1","Atliq Exclusive",India,1
2018-03-01,"AQ Gamer 1","Atliq Exclusive",India,1
2018-03-01,"AQ Gamer 1","Atliq Exclusive",India,1
2018-03-01,"AQ Gamer 1","Atliq Exclusive",India,1
2018-03-01,"AQ Gamer 1","Atliq Exclusive",India,1
2018-03-01,"AQ Gamer 1","Atliq Exclusive",India,1
2018-03-01,"AQ Gamer 2","Atliq Exclusive",India,1
2018-03-01,"AQ Gamer 2","Atliq Exclusive",India,1
2018-03-01,"AQ Gamer 2","Atliq Exclusive",India,1
2018-03-01,"AQ Digit SSD","Atliq Exclusive",India,433
2018-03-01,"AQ Digit SSD","Atliq Exclusive",India,507
2018-03-01,"AQ Digit SSD","Atliq Exclusive",India,199
2018-03-01,"AQ Digit SSD","Atliq Exclusive",India,308
2018-03-01,"AQ Wi Power Dx1","Atliq Exclusive",India,782
2018-03-01,"AQ Wi Power Dx1","Atliq Exclusive",India,618
2018-04-01,"AQ Dracula HDD – 3.5 Inch SATA 6 Gb/s 5400 RPM 256 MB Cache","Atliq Exclusive",India,64
2018-04-01,"AQ Dracula HDD – 3.5 Inch SATA 6 Gb/s 5400 RPM 256 MB Cache","Atliq Exclusive",India,18
2018-04-01,"AQ Dracula HDD – 3.5 Inch SATA 6 Gb/s 5400 RPM 256 MB Cache","Atliq Exclusive",India,53
2018-04-01,"AQ Dracula HDD – 3.5 Inch SATA 6 Gb/s 5400 RPM 256 MB Cache","Atliq Exclusive",India,19
2018-04-01,"AQ Mforce Gen X","Atliq Exclusive",India,27
2018-04-01,"AQ Mforce Gen X","Atliq Exclusive",India,52
2018-04-01,"AQ Mforce Gen X","Atliq Exclusive",India,31
2018-04-01,"AQ Mforce Gen X","Atliq Exclusive",India,34
2018-04-01,"AQ Mforce Gen X","Atliq Exclusive",India,16
2018-04-01,"AQ 5000 Series Electron 9 5900X Desktop Processor","Atliq Exclusive",India,39
2018-04-01,"AQ 5000 Series Electron 9 5900X Desktop Processor","Atliq Exclusive",India,53
2018-04-01,"AQ 5000 Series Electron 9 5900X Desktop Processor","Atliq Exclusive",India,37
2018-04-01,"AQ 5000 Series Electron 8 5900X Desktop Processor","Atliq Exclusive",India,41
2018-04-01,"AQ 5000 Series Electron 8 5900X Desktop Processor","Atliq Exclusive",India,41
2018-04-01,"AQ 5000 Series Electron 8 5900X Desktop Processor","Atliq Exclusive",India,53
2018-04-01,"AQ 5000 Series Ultron 8 5900X Desktop Processor","Atliq Exclusive",India,44
2018-04-01,"AQ MB Elite","Atliq Exclusive",India,2
2018-04-01,"AQ MB Elite","Atliq Exclusive",India,5
2018-04-01,"AQ MB Elite","Atliq Exclusive",India,4
2018-04-01,"AQ MB Elite","Atliq Exclusive",India,4
2018-04-01,"AQ MB Crossx","Atliq Exclusive",India,4
2018-04-01,"AQ Master wired x1 Ms","Atliq Exclusive",India,493
2018-04-01,"AQ Master wired x1 Ms","Atliq Exclusive",India,530
2018-04-01,"AQ Master wired x1 Ms","Atliq Exclusive",India,229
2018-04-01,"AQ Master wired x1 Ms","Atliq Exclusive",India,416
2018-04-01,"AQ Master wired x1 Ms","Atliq Exclusive",India,115
2018-04-01,"AQ Master wired x1 Ms","Atliq Exclusive",India,426
2018-04-01,"AQ Master wireless x1 Ms","Atliq Exclusive",India,339
2018-04-01,"AQ Master wireless x1 Ms","Atliq Exclusive",India,401
2018-04-01,"AQ Master wireless x1 Ms","Atliq Exclusive",India,169
2018-04-01,"AQ Master wired x1","Atliq Exclusive",India,283
2018-04-01,"AQ Master wired x1","Atliq Exclusive",India,297
2018-04-01,"AQ Master wired x1","Atliq Exclusive",India,72
2018-04-01,"AQ Master wired x1","Atliq Exclusive",India,213
2018-04-01,"AQ Master wired x1","Atliq Exclusive",India,185
2018-04-01,"AQ Master wired x1","Atliq Exclusive",India,201
2018-04-01,"AQ Master wireless x1","Atliq Exclusive",India,89
2018-04-01,"AQ Master wireless x1","Atliq Exclusive",India,440
2018-04-01,"AQ Master wireless x1","Atliq Exclusive",India,438
2018-04-01,"AQ Master wireless x1","Atliq Exclusive",India,154
2018-04-01,"AQ Master wireless x1","Atliq Exclusive",India,88
2018-04-01,"AQ Master wireless x1","Atliq Exclusive",India,382
2018-04-01,"AQ Aspiron","Atliq Exclusive",India,2
2018-04-01,"AQ Aspiron","Atliq Exclusive",India,10
2018-04-01,"AQ Aspiron","Atliq Exclusive",India,4
2018-04-01,"AQ Aspiron","Atliq Exclusive",India,7
2018-04-01,"AQ Aspiron","Atliq Exclusive",India,3
2018-04-01,"AQ Aspiron","Atliq Exclusive",India,9
2018-04-01,"AQ Aspiron","Atliq Exclusive",India,4
2018-04-01,"AQ Digit","Atliq Exclusive",India,8
2018-04-01,"AQ Digit","Atliq Exclusive",India,6
2018-04-01,"AQ Digit","Atliq Exclusive",India,5
2018-04-01,"AQ Digit","Atliq Exclusive",India,4
2018-04-01,"AQ Digit","Atliq Exclusive",India,6
2018-04-01,"AQ BZ 101","Atliq Exclusive",India,4
2018-04-01,"AQ BZ 101","Atliq Exclusive",India,6
2018-04-01,"AQ BZ 101","Atliq Exclusive",India,9
2018-04-01,"AQ BZ 101","Atliq Exclusive",India,9
2018-04-01,"AQ BZ Compact","Atliq Exclusive",India,6
2018-04-01,"AQ BZ Compact","Atliq Exclusive",India,4
2018-04-01,"AQ BZ Compact","Atliq Exclusive",India,2
2018-04-01,"AQ BZ Compact","Atliq Exclusive",India,4
2018-04-01,"AQ Gamer 1","Atliq Exclusive",India,1
2018-04-01,"AQ Gamer 1","Atliq Exclusive",India,1
2018-04-01,"AQ Gamer 2","Atliq Exclusive",India,1
2018-04-01,"AQ Gamer 2","Atliq Exclusive",India,1
2018-04-01,"AQ Gamer 2","Atliq Exclusive",India,1
2018-04-01,"AQ Digit SSD","Atliq Exclusive",India,470
2018-04-01,"AQ Digit SSD","Atliq Exclusive",India,73
2018-04-01,"AQ Wi Power Dx1","Atliq Exclusive",India,139
2018-05-01,"AQ Dracula HDD – 3.5 Inch SATA 6 Gb/s 5400 RPM 256 MB Cache","Atliq Exclusive",India,53
2018-05-01,"AQ Dracula HDD – 3.5 Inch SATA 6 Gb/s 5400 RPM 256 MB Cache","Atliq Exclusive",India,17
2018-05-01,"AQ Dracula HDD – 3.5 Inch SATA 6 Gb/s 5400 RPM 256 MB Cache","Atliq Exclusive",India,35
2018-05-01,"AQ Dracula HDD – 3.5 Inch SATA 6 Gb/s 5400 RPM 256 MB Cache","Atliq Exclusive",India,41
2018-05-01,"AQ Dracula HDD – 3.5 Inch SATA 6 Gb/s 5400 RPM 256 MB Cache","Atliq Exclusive",India,51
2018-05-01,"AQ Dracula HDD – 3.5 Inch SATA 6 Gb/s 5400 RPM 256 MB Cache","Atliq Exclusive",India,26
2018-05-01,"AQ Dracula HDD – 3.5 Inch SATA 6 Gb/s 5400 RPM 256 MB Cache","Atliq Exclusive",India,56
2018-05-01,"AQ Dracula HDD – 3.5 Inch SATA 6 Gb/s 5400 RPM 256 MB Cache","Atliq Exclusive",India,29
2018-05-01,"AQ Mforce Gen X","Atliq Exclusive",India,56
2018-05-01,"AQ Mforce Gen X","Atliq Exclusive",India,12
2018-05-01,"AQ Mforce Gen X","Atliq Exclusive",India,43
2018-05-01,"AQ Mforce Gen X","Atliq Exclusive",India,67
2018-05-01,"AQ Mforce Gen X","Atliq Exclusive",India,72
2018-05-01,"AQ Mforce Gen X","Atliq Exclusive",India,17
2018-05-01,"AQ Mforce Gen X","Atliq Exclusive",India,86
2018-05-01,"AQ Mforce Gen X","Atliq Exclusive",India,84
2018-05-01,"AQ Mforce Gen X","Atliq Exclusive",India,54
2018-05-01,"AQ Mforce Gen X","Atliq Exclusive",India,24
2018-05-01,"AQ 5000 Series Electron 9 5900X Desktop Processor","Atliq Exclusive",India,34
2018-05-01,"AQ 5000 Series Electron 9 5900X Desktop Processor","Atliq Exclusive",India,56
2018-05-01,"AQ 5000 Series Electron 9 5900X Desktop Processor","Atliq Exclusive",India,10
2018-05-01,"AQ 5000 Series Electron 9 5900X Desktop Processor","Atliq Exclusive",India,24
2018-05-01,"AQ 5000 Series Electron 9 5900X Desktop Processor","Atliq Exclusive",India,46
2018-05-01,"AQ 5000 Series Electron 9 5900X Desktop Processor","Atliq Exclusive",India,7
2018-05-01,"AQ 5000 Series Electron 8 5900X Desktop Processor","Atliq Exclusive",India,51
2018-05-01,"AQ 5000 Series Electron 8 5900X Desktop Processor","Atliq Exclusive",India,46
2018-05-01,"AQ 5000 Series Electron 8 5900X Desktop Processor","Atliq Exclusive",India,53
2018-05-01,"AQ 5000 Series Electron 8 5900X Desktop Processor","Atliq Exclusive",India,29
2018-05-01,"AQ 5000 Series Electron 8 5900X Desktop Processor","Atliq Exclusive",India,10
2018-05-01,"AQ 5000 Series Electron 8 5900X Desktop Processor","Atliq Exclusive",India,8
2018-05-01,"AQ 5000 Series Ultron 8 5900X Desktop Processor","Atliq Exclusive",India,16
2018-05-01,"AQ 5000 Series Ultron 8 5900X Desktop Processor","Atliq Exclusive",India,12
2018-05-01,"AQ MB Elite","Atliq Exclusive",India,1
2018-05-01,"AQ MB Elite","Atliq Exclusive",India,2
2018-05-01,"AQ MB Elite","Atliq Exclusive",India,5
2018-05-01,"AQ MB Elite","Atliq Exclusive",India,3
2018-05-01,"AQ MB Elite","Atliq Exclusive",India,3
2018-05-01,"AQ MB Elite","Atliq Exclusive",India,3
2018-05-01,"AQ MB Elite","Atliq Exclusive",India,2
2018-05-01,"AQ MB Elite","Atliq Exclusive",India,2
2018-05-01,"AQ MB Crossx","Atliq Exclusive",India,1
2018-05-01,"AQ MB Crossx","Atliq Exclusive",India,5
2018-05-01,"AQ Master wired x1 Ms","Atliq Exclusive",India,553
2018-05-01,"AQ Master wired x1 Ms","Atliq Exclusive",India,242
2018-05-01,"AQ Master wired x1 Ms","Atliq Exclusive",India,554
2018-05-01,"AQ Master wired x1 Ms","Atliq Exclusive",India,428
2018-05-01,"AQ Master wired x1 Ms","Atliq Exclusive",India,483
2018-05-01,"AQ Master wired x1 Ms","Atliq Exclusive",India,168
2018-05-01,"AQ Master wired x1 Ms","Atliq Exclusive",India,401
2018-05-01,"AQ Master wired x1 Ms","Atliq Exclusive",India,309
2018-05-01,"AQ Master wired x1 Ms","Atliq Exclusive",India,175
2018-05-01,"AQ Master wired x1 Ms","Atliq Exclusive",India,555
2018-05-01,"AQ Master wired x1 Ms","Atliq Exclusive",India,315
2018-05-01,"AQ Master wired x1 Ms","Atliq Exclusive",India,122
2018-05-01,"AQ Master wireless x1 Ms","Atliq Exclusive",India,449
2018-05-01,"AQ Master wireless x1 Ms","Atliq Exclusive",India,320
2018-05-01,"AQ Master wireless x1 Ms","Atliq Exclusive",India,244
2018-05-01,"AQ Master wireless x1 Ms","Atliq Exclusive",India,473
2018-05-01,"AQ Master wireless x1 Ms","Atliq Exclusive",India,351
2018-05-01,"AQ Master wireless x1 Ms","Atliq Exclusive",India,586
2018-05-01,"AQ Master wired x1","Atliq Exclusive",India,268
2018-05-01,"AQ Master wired x1","Atliq Exclusive",India,260
2018-05-01,"AQ Master wired x1","Atliq Exclusive",India,380
2018-05-01,"AQ Master wired x1","Atliq Exclusive",India,133
2018-05-01,"AQ Master wired x1","Atliq Exclusive",India,115
2018-05-01,"AQ Master wired x1","Atliq Exclusive",India,115
2018-05-01,"AQ Master wired x1","Atliq Exclusive",India,263
2018-05-01,"AQ Master wired x1","Atliq Exclusive",India,183
2018-05-01,"AQ Master wired x1","Atliq Exclusive",India,393
2018-05-01,"AQ Master wired x1","Atliq Exclusive",India,81
2018-05-01,"AQ Master wired x1","Atliq Exclusive",India,353
2018-05-01,"AQ Master wired x1","Atliq Exclusive",India,339
2018-05-01,"AQ Master wireless x1","Atliq Exclusive",India,254
2018-05-01,"AQ Master wireless x1","Atliq Exclusive",India,172
2018-05-01,"AQ Master wireless x1","Atliq Exclusive",India,334
2018-05-01,"AQ Master wireless x1","Atliq Exclusive",India,265
2018-05-01,"AQ Master wireless x1","Atliq Exclusive",India,339
2018-05-01,"AQ Master wireless x1","Atliq Exclusive",India,227
2018-05-01,"AQ Master wireless x1","Atliq Exclusive",India,167
2018-05-01,"AQ Master wireless x1","Atliq Exclusive",India,72
2018-05-01,"AQ Master wireless x1","Atliq Exclusive",India,183
2018-05-01,"AQ Master wireless x1","Atliq Exclusive",India,440
2018-05-01,"AQ Master wireless x1","Atliq Exclusive",India,227
2018-05-01,"AQ Master wireless x1","Atliq Exclusive",India,432
2018-05-01,"AQ Aspiron","Atliq Exclusive",India,5
2018-05-01,"AQ Aspiron","Atliq Exclusive",India,4
2018-05-01,"AQ Aspiron","Atliq Exclusive",India,4
2018-05-01,"AQ Aspiron","Atliq Exclusive",India,12
2018-05-01,"AQ Aspiron","Atliq Exclusive",India,5
2018-05-01,"AQ Aspiron","Atliq Exclusive",India,11
2018-05-01,"AQ Aspiron","Atliq Exclusive",India,5
2018-05-01,"AQ Aspiron","Atliq Exclusive",India,9
2018-05-01,"AQ Aspiron","Atliq Exclusive",India,2
2018-05-01,"AQ Aspiron","Atliq Exclusive",India,12
2018-05-01,"AQ Aspiron","Atliq Exclusive",India,7
2018-05-01,"AQ Aspiron","Atliq Exclusive",India,3
2018-05-01,"AQ Aspiron","Atliq Exclusive",India,11
2018-05-01,"AQ Aspiron","Atliq Exclusive",India,7
2018-05-01,"AQ Digit","Atliq Exclusive",India,12
2018-05-01,"AQ Digit","Atliq Exclusive",India,6
2018-05-01,"AQ Digit","Atliq Exclusive",India,8
2018-05-01,"AQ Digit","Atliq Exclusive",India,3
2018-05-01,"AQ Digit","Atliq Exclusive",India,9
2018-05-01,"AQ Digit","Atliq Exclusive",India,8
2018-05-01,"AQ Digit","Atliq Exclusive",India,8
2018-05-01,"AQ Digit","Atliq Exclusive",India,3
2018-05-01,"AQ Digit","Atliq Exclusive",India,12
2018-05-01,"AQ Digit","Atliq Exclusive",India,11
2018-05-01,"AQ BZ 101","Atliq Exclusive",India,5
2018-05-01,"AQ BZ 101","Atliq Exclusive",India,7
2018-05-01,"AQ BZ 101","Atliq Exclusive",India,2
2018-05-01,"AQ BZ 101","Atliq Exclusive",India,7
2018-05-01,"AQ BZ 101","Atliq Exclusive",India,3
2018-05-01,"AQ BZ 101","Atliq Exclusive",India,8
2018-05-01,"AQ BZ 101","Atliq Exclusive",India,8
2018-05-01,"AQ BZ 101","Atliq Exclusive",India,3
2018-05-01,"AQ BZ Compact","Atliq Exclusive",India,4
2018-05-01,"AQ BZ Compact","Atliq Exclusive",India,3
2018-05-01,"AQ BZ Compact","Atliq Exclusive",India,4
2018-05-01,"AQ BZ Compact","Atliq Exclusive",India,6
2018-05-01,"AQ BZ Compact","Atliq Exclusive",India,8
2018-05-01,"AQ BZ Compact","Atliq Exclusive",India,5
2018-05-01,"AQ BZ Compact","Atliq Exclusive",India,7
2018-05-01,"AQ BZ Compact","Atliq Exclusive",India,6
2018-05-01,"AQ Gamer 2","Atliq Exclusive",India,1
2018-05-01,"AQ Gamer 2","Atliq Exclusive",India,1
2018-05-01,"AQ Gamer 2","Atliq Exclusive",India,1
2018-05-01,"AQ Gamer 2","Atliq Exclusive",India,1
2018-05-01,"AQ Digit SSD","Atliq Exclusive",India,328
2018-05-01,"AQ Digit SSD","Atliq Exclusive",India,187
2018-05-01,"AQ Digit SSD","Atliq Exclusive",India,407
2018-05-01,"AQ Digit SSD","Atliq Exclusive",India,430
2018-05-01,"AQ Wi Power Dx1","Atliq Exclusive",India,406
2018-05-01,"AQ Wi Power Dx1","Atliq Exclusive",India,152
2018-06-01,"AQ Dracula HDD – 3.5 Inch SATA 6 Gb/s 5400 RPM 256 MB Cache","Atliq Exclusive",India,56
2018-06-01,"AQ Dracula HDD – 3.5 Inch SATA 6 Gb/s 5400 RPM 256 MB Cache","Atliq Exclusive",India,30
2018-06-01,"AQ Dracula HDD – 3.5 Inch SATA 6 Gb/s 5400 RPM 256 MB Cache","Atliq Exclusive",India,24
2018-06-01,"AQ Dracula HDD – 3.5 Inch SATA 6 Gb/s 5400 RPM 256 MB Cache","Atliq Exclusive",India,55
2018-06-01,"AQ Mforce Gen X","Atliq Exclusive",India,14
2018-06-01,"AQ Mforce Gen X","Atliq Exclusive",India,27
2018-06-01,"AQ Mforce Gen X","Atliq Exclusive",India,81
2018-06-01,"AQ Mforce Gen X","Atliq Exclusive",India,29
2018-06-01,"AQ Mforce Gen X","Atliq Exclusive",India,71
2018-06-01,"AQ 5000 Series Electron 9 5900X Desktop Processor","Atliq Exclusive",India,56
2018-06-01,"AQ 5000 Series Electron 9 5900X Desktop Processor","Atliq Exclusive",India,41
2018-06-01,"AQ 5000 Series Electron 9 5900X Desktop Processor","Atliq Exclusive",India,38
2018-06-01,"AQ 5000 Series Electron 8 5900X Desktop Processor","Atliq Exclusive",India,48
2018-06-01,"AQ 5000 Series Electron 8 5900X Desktop Processor","Atliq Exclusive",India,12
2018-06-01,"AQ 5000 Series Electron 8 5900X Desktop Processor","Atliq Exclusive",India,49
2018-06-01,"AQ 5000 Series Ultron 8 5900X Desktop Processor","Atliq Exclusive",India,41
2018-06-01,"AQ MB Elite","Atliq Exclusive",India,1
2018-06-01,"AQ MB Elite","Atliq Exclusive",India,3
2018-06-01,"AQ MB Elite","Atliq Exclusive",India,3
2018-06-01,"AQ MB Elite","Atliq Exclusive",India,4
2018-06-01,"AQ MB Crossx","Atliq Exclusive",India,4
2018-06-01,"AQ Master wired x1 Ms","Atliq Exclusive",India,159
2018-06-01,"AQ Master wired x1 Ms","Atliq Exclusive",India,539
2018-06-01,"AQ Master wired x1 Ms","Atliq Exclusive",India,594
2018-06-01,"AQ Master wired x1 Ms","Atliq Exclusive",India,458
2018-06-01,"AQ Master wired x1 Ms","Atliq Exclusive",India,477
2018-06-01,"AQ Master wired x1 Ms","Atliq Exclusive",India,273
2018-06-01,"AQ Master wireless x1 Ms","Atliq Exclusive",India,376
2018-06-01,"AQ Master wireless x1 Ms","Atliq Exclusive",India,138
2018-06-01,"AQ Master wireless x1 Ms","Atliq Exclusive",India,311
2018-06-01,"AQ Master wired x1","Atliq Exclusive",India,343
2018-06-01,"AQ Master wired x1","Atliq Exclusive",India,132
2018-06-01,"AQ Master wired x1","Atliq Exclusive",India,154
2018-06-01,"AQ Master wired x1","Atliq Exclusive",India,305
2018-06-01,"AQ Master wired x1","Atliq Exclusive",India,74
2018-06-01,"AQ Master wired x1","Atliq Exclusive",India,366
2018-06-01,"AQ Master wireless x1","Atliq Exclusive",India,54
2018-06-01,"AQ Master wireless x1","Atliq Exclusive",India,89
2018-06-01,"AQ Master wireless x1","Atliq Exclusive",India,186
2018-06-01,"AQ Master wireless x1","Atliq Exclusive",India,148
2018-06-01,"AQ Master wireless x1","Atliq Exclusive",India,91
2018-06-01,"AQ Master wireless x1","Atliq Exclusive",India,92
2018-06-01,"AQ Aspiron","Atliq Exclusive",India,9
2018-06-01,"AQ Aspiron","Atliq Exclusive",India,2
2018-06-01,"AQ Aspiron","Atliq Exclusive",India,9
2018-06-01,"AQ Aspiron","Atliq Exclusive",India,5
2018-06-01,"AQ Aspiron","Atliq Exclusive",India,9
2018-06-01,"AQ Aspiron","Atliq Exclusive",India,10
2018-06-01,"AQ Aspiron","Atliq Exclusive",India,8
2018-06-01,"AQ Digit","Atliq Exclusive",India,5
2018-06-01,"AQ Digit","Atliq Exclusive",India,5
2018-06-01,"AQ Digit","Atliq Exclusive",India,7
2018-06-01,"AQ Digit","Atliq Exclusive",India,7
2018-06-01,"AQ Digit","Atliq Exclusive",India,8
2018-06-01,"AQ BZ 101","Atliq Exclusive",India,9
2018-06-01,"AQ BZ 101","Atliq Exclusive",India,7
2018-06-01,"AQ BZ 101","Atliq Exclusive",India,5
2018-06-01,"AQ BZ 101","Atliq Exclusive",India,2
2018-06-01,"AQ BZ Compact","Atliq Exclusive",India,3
2018-06-01,"AQ BZ Compact","Atliq Exclusive",India,7
2018-06-01,"AQ BZ Compact","Atliq Exclusive",India,9
2018-06-01,"AQ BZ Compact","Atliq Exclusive",India,7
2018-06-01,"AQ Gamer 1","Atliq Exclusive",India,1
2018-06-01,"AQ Gamer 2","Atliq Exclusive",India,1
2018-06-01,"AQ Gamer 2","Atliq Exclusive",India,1
2018-06-01,"AQ Digit SSD","Atliq Exclusive",India,348
2018-06-01,"AQ Digit SSD","Atliq Exclusive",India,167
2018-06-01,"AQ Wi Power Dx1","Atliq Exclusive",India,940
2018-07-01,"AQ Dracula HDD – 3.5 Inch SATA 6 Gb/s 5400 RPM 256 MB Cache","Atliq Exclusive",India,76
2018-07-01,"AQ Dracula HDD – 3.5 Inch SATA 6 Gb/s 5400 RPM 256 MB Cache","Atliq Exclusive",India,38
2018-07-01,"AQ Dracula HDD – 3.5 Inch SATA 6 Gb/s 5400 RPM 256 MB Cache","Atliq Exclusive",India,15
2018-07-01,"AQ Dracula HDD – 3.5 Inch SATA 6 Gb/s 5400 RPM 256 MB Cache","Atliq Exclusive",India,66
2018-07-01,"AQ Dracula HDD – 3.5 Inch SATA 6 Gb/s 5400 RPM 256 MB Cache","Atliq Exclusive",India,57
2018-07-01,"AQ Dracula HDD – 3.5 Inch SATA 6 Gb/s 5400 RPM 256 MB Cache","Atliq Exclusive",India,32
2018-07-01,"AQ Dracula HDD – 3.5 Inch SATA 6 Gb/s 5400 RPM 256 MB Cache","Atliq Exclusive",India,65
2018-07-01,"AQ Dracula HDD – 3.5 Inch SATA 6 Gb/s 5400 RPM 256 MB Cache","Atliq Exclusive",India,42
2018-07-01,"AQ Mforce Gen X","Atliq Exclusive",India,62
2018-07-01,"AQ Mforce Gen X","Atliq Exclusive",India,80
2018-07-01,"AQ Mforce Gen X","Atliq Exclusive",India,86
2018-07-01,"AQ Mforce Gen X","Atliq Exclusive",India,69
2018-07-01,"AQ Mforce Gen X","Atliq Exclusive",India,84
2018-07-01,"AQ Mforce Gen X","Atliq Exclusive",India,30
2018-07-01,"AQ Mforce Gen X","Atliq Exclusive",India,57
2018-07-01,"AQ Mforce Gen X","Atliq Exclusive",India,50
2018-07-01,"AQ Mforce Gen X","Atliq Exclusive",India,25
2018-07-01,"AQ Mforce Gen X","Atliq Exclusive",India,53
2018-07-01,"AQ 5000 Series Electron 9 5900X Desktop Processor","Atliq Exclusive",India,44
2018-07-01,"AQ 5000 Series Electron 9 5900X Desktop Processor","Atliq Exclusive",India,34
2018-07-01,"AQ 5000 Series Electron 9 5900X Desktop Processor","Atliq Exclusive",India,47
2018-07-01,"AQ 5000 Series Electron 9 5900X Desktop Processor","Atliq Exclusive",India,62
2018-07-01,"AQ 5000 Series Electron 9 5900X Desktop Processor","Atliq Exclusive",India,11
2018-07-01,"AQ 5000 Series Electron 9 5900X Desktop Processor","Atliq Exclusive",India,29
2018-07-01,"AQ 5000 Series Electron 8 5900X Desktop Processor","Atliq Exclusive",India,31
2018-07-01,"AQ 5000 Series Electron 8 5900X Desktop Processor","Atliq Exclusive",India,24
2018-07-01,"AQ 5000 Series Electron 8 5900X Desktop Processor","Atliq Exclusive",India,24
2018-07-01,"AQ 5000 Series Electron 8 5900X Desktop Processor","Atliq Exclusive",India,12
2018-07-01,"AQ 5000 Series Electron 8 5900X Desktop Processor","Atliq Exclusive",India,38
2018-07-01,"AQ 5000 Series Electron 8 5900X Desktop Processor","Atliq Exclusive",India,39
2018-07-01,"AQ 5000 Series Ultron 8 5900X Desktop Processor","Atliq Exclusive",India,14
2018-07-01,"AQ 5000 Series Ultron 8 5900X Desktop Processor","Atliq Exclusive",India,48
2018-07-01,"AQ MB Elite","Atliq Exclusive",India,1
2018-07-01,"AQ MB Elite","Atliq Exclusive",India,1
2018-07-01,"AQ MB Elite","Atliq Exclusive",India,4
2018-07-01,"AQ MB Elite","Atliq Exclusive",India,3
2018-07-01,"AQ MB Elite","Atliq Exclusive",India,4
2018-07-01,"AQ MB Elite","Atliq Exclusive",India,3
2018-07-01,"AQ MB Elite","Atliq Exclusive",India,5
2018-07-01,"AQ MB Elite","Atliq Exclusive",India,4
2018-07-01,"AQ MB Crossx","Atliq Exclusive",India,2
2018-07-01,"AQ MB Crossx","Atliq Exclusive",India,5
2018-07-01,"AQ Master wired x1 Ms","Atliq Exclusive",India,200
2018-07-01,"AQ Master wired x1 Ms","Atliq Exclusive",India,300
2018-07-01,"AQ Master wired x1 Ms","Atliq Exclusive",India,487
2018-07-01,"AQ Master wired x1 Ms","Atliq Exclusive",India,127
2018-07-01,"AQ Master wired x1 Ms","Atliq Exclusive",India,594
2018-07-01,"AQ Master wired x1 Ms","Atliq Exclusive",India,562
2018-07-01,"AQ Master wired x1 Ms","Atliq Exclusive",India,417
2018-07-01,"AQ Master wired x1 Ms","Atliq Exclusive",India,181
2018-07-01,"AQ Master wired x1 Ms","Atliq Exclusive",India,80
2018-07-01,"AQ Master wired x1 Ms","Atliq Exclusive",India,477
2018-07-01,"AQ Master wired x1 Ms","Atliq Exclusive",India,160
2018-07-01,"AQ Master wired x1 Ms","Atliq Exclusive",India,189
2018-07-01,"AQ Master wireless x1 Ms","Atliq Exclusive",India,484
2018-07-01,"AQ Master wireless x1 Ms","Atliq Exclusive",India,427
2018-07-01,"AQ Master wireless x1 Ms","Atliq Exclusive",India,238
2018-07-01,"AQ Master wireless x1 Ms","Atliq Exclusive",India,433
2018-07-01,"AQ Master wireless x1 Ms","Atliq Exclusive",India,181
2018-07-01,"AQ Master wireless x1 Ms","Atliq Exclusive",India,117
2018-07-01,"AQ Master wired x1","Atliq Exclusive",India,141
2018-07-01,"AQ Master wired x1","Atliq Exclusive",India,226
2018-07-01,"AQ Master wired x1","Atliq Exclusive",India,186
2018-07-01,"AQ Master wired x1","Atliq Exclusive",India,172
2018-07-01,"AQ Master wired x1","Atliq Exclusive",India,67
2018-07-01,"AQ Master wired x1","Atliq Exclusive",India,327
2018-07-01,"AQ Master wired x1","Atliq Exclusive",India,95
2018-07-01,"AQ Master wired x1","Atliq Exclusive",India,142
2018-07-01,"AQ Master wired x1","Atliq Exclusive",India,433
2018-07-01,"AQ Master wired x1","Atliq Exclusive",India,156
2018-07-01,"AQ Master wired x1","Atliq Exclusive",India,356
2018-07-01,"AQ Master wired x1","Atliq Exclusive",India,241
2018-07-01,"AQ Master wireless x1","Atliq Exclusive",India,172
2018-07-01,"AQ Master wireless x1","Atliq Exclusive",India,153
2018-07-01,"AQ Master wireless x1","Atliq Exclusive",India,55
2018-07-01,"AQ Master wireless x1","Atliq Exclusive",India,384
2018-07-01,"AQ Master wireless x1","Atliq Exclusive",India,181
2018-07-01,"AQ Master wireless x1","Atliq Exclusive",India,202
2018-07-01,"AQ Master wireless x1","Atliq Exclusive",India,403
2018-07-01,"AQ Master wireless x1","Atliq Exclusive",India,421
2018-07-01,"AQ Master wireless x1","Atliq Exclusive",India,391
2018-07-01,"AQ Master wireless x1","Atliq Exclusive",India,234
2018-07-01,"AQ Master wireless x1","Atliq Exclusive",India,227
2018-07-01,"AQ Master wireless x1","Atliq Exclusive",India,102
2018-07-01,"AQ Aspiron","Atliq Exclusive",India,8
2018-07-01,"AQ Aspiron","Atliq Exclusive",India,4
2018-07-01,"AQ Aspiron","Atliq Exclusive",India,5
2018-07-01,"AQ Aspiron","Atliq Exclusive",India,7
2018-07-01,"AQ Aspiron","Atliq Exclusive",India,3
2018-07-01,"AQ Aspiron","Atliq Exclusive",India,4
2018-07-01,"AQ Aspiron","Atliq Exclusive",India,3
2018-07-01,"AQ Aspiron","Atliq Exclusive",India,6
2018-07-01,"AQ Aspiron","Atliq Exclusive",India,5
2018-07-01,"AQ Aspiron","Atliq Exclusive",India,6
2018-07-01,"AQ Aspiron","Atliq Exclusive",India,6
2018-07-01,"AQ Aspiron","Atliq Exclusive",India,12
2018-07-01,"AQ Aspiron","Atliq Exclusive",India,5
2018-07-01,"AQ Aspiron","Atliq Exclusive",India,8
2018-07-01,"AQ Digit","Atliq Exclusive",India,3
2018-07-01,"AQ Digit","Atliq Exclusive",India,6
2018-07-01,"AQ Digit","Atliq Exclusive",India,12
2018-07-01,"AQ Digit","Atliq Exclusive",India,3
2018-07-01,"AQ Digit","Atliq Exclusive",India,3
2018-07-01,"AQ Digit","Atliq Exclusive",India,7
2018-07-01,"AQ Digit","Atliq Exclusive",India,11
2018-07-01,"AQ Digit","Atliq Exclusive",India,4
2018-07-01,"AQ Digit","Atliq Exclusive",India,4
2018-07-01,"AQ Digit","Atliq Exclusive",India,2
2018-07-01,"AQ BZ 101","Atliq Exclusive",India,10
2018-07-01,"AQ BZ 101","Atliq Exclusive",India,7
2018-07-01,"AQ BZ 101","Atliq Exclusive",India,9
2018-07-01,"AQ BZ 101","Atliq Exclusive",India,8
2018-07-01,"AQ BZ 101","Atliq Exclusive",India,4
2018-07-01,"AQ BZ 101","Atliq Exclusive",India,2
2018-07-01,"AQ BZ 101","Atliq Exclusive",India,7
2018-07-01,"AQ BZ 101","Atliq Exclusive",India,6
2018-07-01,"AQ BZ Compact","Atliq Exclusive",India,4
2018-07-01,"AQ BZ Compact","Atliq Exclusive",India,6
2018-07-01,"AQ BZ Compact","Atliq Exclusive",India,10
2018-07-01,"AQ BZ Compact","Atliq Exclusive",India,3
2018-07-01,"AQ BZ Compact","Atliq Exclusive",India,4
2018-07-01,"AQ BZ Compact","Atliq Exclusive",India,6
2018-07-01,"AQ BZ Compact","Atliq Exclusive",India,9
2018-07-01,"AQ BZ Compact","Atliq Exclusive",India,6
2018-07-01,"AQ Gamer 1","Atliq Exclusive",India,1
2018-07-01,"AQ Gamer 1","Atliq Exclusive",India,1
2018-07-01,"AQ Gamer 1","Atliq Exclusive",India,1
2018-07-01,"AQ Gamer 1","Atliq Exclusive",India,1
2018-07-01,"AQ Gamer 1","Atliq Exclusive",India,1
2018-07-01,"AQ Gamer 2","Atliq Exclusive",India,1
2018-07-01,"AQ Gamer 2","Atliq Exclusive",India,1
2018-07-01,"AQ Digit SSD","Atliq Exclusive",India,194
2018-07-01,"AQ Digit SSD","Atliq Exclusive",India,366
2018-07-01,"AQ Digit SSD","Atliq Exclusive",India,267
2018-07-01,"AQ Digit SSD","Atliq Exclusive",India,72
2018-07-01,"AQ Wi Power Dx1","Atliq Exclusive",India,279
2018-07-01,"AQ Wi Power Dx1","Atliq Exclusive",India,693
2018-08-01,"AQ Dracula HDD – 3.5 Inch SATA 6 Gb/s 5400 RPM 256 MB Cache","Atliq Exclusive",India,70
2018-08-01,"AQ Dracula HDD – 3.5 Inch SATA 6 Gb/s 5400 RPM 256 MB Cache","Atliq Exclusive",India,33
2018-08-01,"AQ Dracula HDD – 3.5 Inch SATA 6 Gb/s 5400 RPM 256 MB Cache","Atliq Exclusive",India,52
2018-08-01,"AQ Dracula HDD – 3.5 Inch SATA 6 Gb/s 5400 RPM 256 MB Cache","Atliq Exclusive",India,22
2018-08-01,"AQ Mforce Gen X","Atliq Exclusive",India,46
2018-08-01,"AQ Mforce Gen X","Atliq Exclusive",India,18
2018-08-01,"AQ Mforce Gen X","Atliq Exclusive",India,39
2018-08-01,"AQ Mforce Gen X","Atliq Exclusive",India,65
2018-08-01,"AQ Mforce Gen X","Atliq Exclusive",India,54
2018-08-01,"AQ 5000 Series Electron 9 5900X Desktop Processor","Atliq Exclusive",India,49
2018-08-01,"AQ 5000 Series Electron 9 5900X Desktop Processor","Atliq Exclusive",India,34
2018-08-01,"AQ 5000 Series Electron 9 5900X Desktop Processor","Atliq Exclusive",India,59
2018-08-01,"AQ 5000 Series Electron 8 5900X Desktop Processor","Atliq Exclusive",India,55
2018-08-01,"AQ 5000 Series Electron 8 5900X Desktop Processor","Atliq Exclusive",India,52
2018-08-01,"AQ 5000 Series Electron 8 5900X Desktop Processor","Atliq Exclusive",India,38
2018-08-01,"AQ 5000 Series Ultron 8 5900X Desktop Processor","Atliq Exclusive",India,52
2018-08-01,"AQ MB Elite","Atliq Exclusive",India,2
2018-08-01,"AQ MB Elite","Atliq Exclusive",India,2
2018-08-01,"AQ MB Elite","Atliq Exclusive",India,2
2018-08-01,"AQ MB Elite","Atliq Exclusive",India,4
2018-08-01,"AQ MB Crossx","Atliq Exclusive",India,2
2018-08-01,"AQ Master wired x1 Ms","Atliq Exclusive",India,151
2018-08-01,"AQ Master wired x1 Ms","Atliq Exclusive",India,141
2018-08-01,"AQ Master wired x1 Ms","Atliq Exclusive",India,429
2018-08-01,"AQ Master wired x1 Ms","Atliq Exclusive",India,118
2018-08-01,"AQ Master wired x1 Ms","Atliq Exclusive",India,379
2018-08-01,"AQ Master wired x1 Ms","Atliq Exclusive",India,183
2018-08-01,"AQ Master wireless x1 Ms","Atliq Exclusive",India,239
2018-08-01,"AQ Master wireless x1 Ms","Atliq Exclusive",India,247
2018-08-01,"AQ Master wireless x1 Ms","Atliq Exclusive",India,448
2018-08-01,"AQ Master wired x1","Atliq Exclusive",India,392
2018-08-01,"AQ Master wired x1","Atliq Exclusive",India,438
2018-08-01,"AQ Master wired x1","Atliq Exclusive",India,399
2018-08-01,"AQ Master wired x1","Atliq Exclusive",India,396
2018-08-01,"AQ Master wired x1","Atliq Exclusive",India,116
2018-08-01,"AQ Master wired x1","Atliq Exclusive",India,157
2018-08-01,"AQ Master wireless x1","Atliq Exclusive",India,146
2018-08-01,"AQ Master wireless x1","Atliq Exclusive",India,227
2018-08-01,"AQ Master wireless x1","Atliq Exclusive",India,240
2018-08-01,"AQ Master wireless x1","Atliq Exclusive",India,201
2018-08-01,"AQ Master wireless x1","Atliq Exclusive",India,378
2018-08-01,"AQ Master wireless x1","Atliq Exclusive",India,356
2018-08-01,"AQ Aspiron","Atliq Exclusive",India,5
2018-08-01,"AQ Aspiron","Atliq Exclusive",India,7
2018-08-01,"AQ Aspiron","Atliq Exclusive",India,6
2018-08-01,"AQ Aspiron","Atliq Exclusive",India,9
2018-08-01,"AQ Aspiron","Atliq Exclusive",India,11
2018-08-01,"AQ Aspiron","Atliq Exclusive",India,7
2018-08-01,"AQ Aspiron","Atliq Exclusive",India,12
2018-08-01,"AQ Digit","Atliq Exclusive",India,3
2018-08-01,"AQ Digit","Atliq Exclusive",India,4
2018-08-01,"AQ Digit","Atliq Exclusive",India,10
2018-08-01,"AQ Digit","Atliq Exclusive",India,8
2018-08-01,"AQ Digit","Atliq Exclusive",India,10
2018-08-01,"AQ BZ 101","Atliq Exclusive",India,2
2018-08-01,"AQ BZ 101","Atliq Exclusive",India,4
2018-08-01,"AQ BZ 101","Atliq Exclusive",India,8
2018-08-01,"AQ BZ 101","Atliq Exclusive",India,6
2018-08-01,"AQ BZ Compact","Atliq Exclusive",India,3
2018-08-01,"AQ BZ Compact","Atliq Exclusive",India,4
2018-08-01,"AQ BZ Compact","Atliq Exclusive",India,2
2018-08-01,"AQ BZ Compact","Atliq Exclusive",India,7
2018-08-01,"AQ Gamer 1","Atliq Exclusive",India,1
2018-08-01,"AQ Digit SSD","Atliq Exclusive",India,237
2018-08-01,"AQ Digit SSD","Atliq Exclusive",India,218
2018-08-01,"AQ Wi Power Dx1","Atliq Exclusive",India,408
2018-09-01,"AQ Dracula HDD – 3.5 Inch SATA 6 Gb/s 5400 RPM 256 MB Cache","Atliq Exclusive",India,34
2018-09-01,"AQ Dracula HDD – 3.5 Inch SATA 6 Gb/s 5400 RPM 256 MB Cache","Atliq Exclusive",India,40
2018-09-01,"AQ Dracula HDD – 3.5 Inch SATA 6 Gb/s 5400 RPM 256 MB Cache","Atliq Exclusive",India,34
2018-09-01,"AQ Dracula HDD – 3.5 Inch SATA 6 Gb/s 5400 RPM 256 MB Cache","Atliq Exclusive",India,51
2018-09-01,"AQ Dracula HDD – 3.5 Inch SATA 6 Gb/s 5400 RPM 256 MB Cache","Atliq Exclusive",India,119
2018-09-01,"AQ Dracula HDD – 3.5 Inch SATA 6 Gb/s 5400 RPM 256 MB Cache","Atliq Exclusive",India,35
2018-09-01,"AQ Dracula HDD – 3.5 Inch SATA 6 Gb/s 5400 RPM 256 MB Cache","Atliq Exclusive",India,106
2018-09-01,"AQ Dracula HDD – 3.5 Inch SATA 6 Gb/s 5400 RPM 256 MB Cache","Atliq Exclusive",India,69
2018-09-01,"AQ WereWolf NAS Internal Hard Drive HDD – 8.89 cm","Atliq Exclusive",India,89
2018-09-01,"AQ WereWolf NAS Internal Hard Drive HDD – 8.89 cm","Atliq Exclusive",India,55
2018-09-01,"AQ WereWolf NAS Internal Hard Drive HDD – 8.89 cm","Atliq Exclusive",India,32
2018-09-01,"AQ WereWolf NAS Internal Hard Drive HDD – 8.89 cm","Atliq Exclusive",India,50
2018-09-01,"AQ Mforce Gen X","Atliq Exclusive",India,65
2018-09-01,"AQ Mforce Gen X","Atliq Exclusive",India,87
2018-09-01,"AQ Mforce Gen X","Atliq Exclusive",India,69
2018-09-01,"AQ Mforce Gen X","Atliq Exclusive",India,86
2018-09-01,"AQ Mforce Gen X","Atliq Exclusive",India,61
2018-09-01,"AQ Mforce Gen X","Atliq Exclusive",India,44
2018-09-01,"AQ Mforce Gen X","Atliq Exclusive",India,30
2018-09-01,"AQ Mforce Gen X","Atliq Exclusive",India,57
2018-09-01,"AQ Mforce Gen X","Atliq Exclusive",India,27
2018-09-01,"AQ Mforce Gen X","Atliq Exclusive",India,42
2018-09-01,"AQ Mforce Gen X","Atliq Exclusive",India,42
2018-09-01,"AQ Mforce Gen X","Atliq Exclusive",India,58
2018-09-01,"AQ Mforce Gen X","Atliq Exclusive",India,48
2018-09-01,"AQ Mforce Gen X","Atliq Exclusive",India,98
2018-09-01,"AQ Mforce Gen X","Atliq Exclusive",India,62
2018-09-01,"AQ Mforce Gen X","Atliq Exclusive",India,47
2018-09-01,"AQ Mforce Gen Y","Atliq Exclusive",India,94
2018-09-01,"AQ Mforce Gen Y","Atliq Exclusive",India,70
2018-09-01,"AQ Mforce Gen Y","Atliq Exclusive",India,65
2018-09-01,"AQ Mforce Gen Y","Atliq Exclusive",India,84
2018-09-01,"AQ Mforce Gen Y","Atliq Exclusive",India,15
2018-09-01,"AQ Mforce Gen Y","Atliq Exclusive",India,92
2018-09-01,"AQ Mforce Gen Y","Atliq Exclusive",India,56
2018-09-01,"AQ Mforce Gen Y","Atliq Exclusive",India,81
2018-09-01,"AQ Mforce Gen Y","Atliq Exclusive",India,21
2018-09-01,"AQ Mforce Gen Y","Atliq Exclusive",India,72
2018-09-01,"AQ Mforce Gen Y","Atliq Exclusive",India,31
2018-09-01,"AQ Mforce Gen Y","Atliq Exclusive",India,34
2018-09-01,"AQ Mforce Gen Y","Atliq Exclusive",India,93
2018-09-01,"AQ Mforce Gen Y","Atliq Exclusive",India,25
2018-09-01,"AQ Mforce Gen Y","Atliq Exclusive",India,75
2018-09-01,"AQ Mforce Gen Y","Atliq Exclusive",India,17
2018-09-01,"AQ 5000 Series Electron 9 5900X Desktop Processor","Atliq Exclusive",India,9
2018-09-01,"AQ 5000 Series Electron 9 5900X Desktop Processor","Atliq Exclusive",India,55
2018-09-01,"AQ 5000 Series Electron 9 5900X Desktop Processor","Atliq Exclusive",India,14
2018-09-01,"AQ 5000 Series Electron 9 5900X Desktop Processor","Atliq Exclusive",India,49
2018-09-01,"AQ 5000 Series Electron 9 5900X Desktop Processor","Atliq Exclusive",India,55
2018-09-01,"AQ 5000 Series Electron 9 5900X Desktop Processor","Atliq Exclusive",India,44
2018-09-01,"AQ 5000 Series Electron 8 5900X Desktop Processor","Atliq Exclusive",India,17
2018-09-01,"AQ 5000 Series Electron 8 5900X Desktop Processor","Atliq Exclusive",India,35
2018-09-01,"AQ 5000 Series Electron 8 5900X Desktop Processor","Atliq Exclusive",India,42
2018-09-01,"AQ 5000 Series Electron 8 5900X Desktop Processor","Atliq Exclusive",India,28
2018-09-01,"AQ 5000 Series Electron 8 5900X Desktop Processor","Atliq Exclusive",India,15
2018-09-01,"AQ 5000 Series Electron 8 5900X Desktop Processor","Atliq Exclusive",India,17
2018-09-01,"AQ 5000 Series Ultron 8 5900X Desktop Processor","Atliq Exclusive",India,23
2018-09-01,"AQ 5000 Series Ultron 8 5900X Desktop Processor","Atliq Exclusive",India,59
2018-09-01,"AQ 5000 Series Ultron 8 5900X Desktop Processor","Atliq Exclusive",India,26
2018-09-01,"AQ 5000 Series Ultron 8 5900X Desktop Processor","Atliq Exclusive",India,21
2018-09-01,"AQ 5000 Series Ultron 8 5900X Desktop Processor","Atliq Exclusive",India,50
2018-09-01,"AQ 5000 Series Ultron 8 5900X Desktop Processor","Atliq Exclusive",India,52
2018-09-01,"AQ MB Elite","Atliq Exclusive",India,10
2018-09-01,"AQ MB Elite","Atliq Exclusive",India,3
2018-09-01,"AQ MB Elite","Atliq Exclusive",India,4
2018-09-01,"AQ MB Elite","Atliq Exclusive",India,6
2018-09-01,"AQ MB Elite","Atliq Exclusive",India,2
2018-09-01,"AQ MB Elite","Atliq Exclusive",India,10
2018-09-01,"AQ MB Elite","Atliq Exclusive",India,11
2018-09-01,"AQ MB Elite","Atliq Exclusive",India,5
2018-09-01,"AQ MB Crossx","Atliq Exclusive",India,3
2018-09-01,"AQ MB Crossx","Atliq Exclusive",India,4
2018-09-01,"AQ MB Crossx","Atliq Exclusive",India,3
2018-09-01,"AQ MB Crossx","Atliq Exclusive",India,11
2018-09-01,"AQ MB Crossx","Atliq Exclusive",India,8
2018-09-01,"AQ MB Crossx","Atliq Exclusive",India,6
2018-09-01,"AQ MB Crossx","Atliq Exclusive",India,6
2018-09-01,"AQ MB Crossx","Atliq Exclusive",India,2
2018-09-01,"AQ MB Crossx 2","Atliq Exclusive",India,9
2018-09-01,"AQ MB Crossx 2","Atliq Exclusive",India,4
2018-09-01,"AQ Master wired x1 Ms","Atliq Exclusive",India,331
2018-09-01,"AQ Master wired x1 Ms","Atliq Exclusive",India,540
2018-09-01,"AQ Master wired x1 Ms","Atliq Exclusive",India,601
2018-09-01,"AQ Master wired x1 Ms","Atliq Exclusive",India,279
2018-09-01,"AQ Master wired x1 Ms","Atliq Exclusive",India,144
2018-09-01,"AQ Master wired x1 Ms","Atliq Exclusive",India,555
2018-09-01,"AQ Master wired x1 Ms","Atliq Exclusive",India,326
2018-09-01,"AQ Master wired x1 Ms","Atliq Exclusive",India,362
2018-09-01,"AQ Master wired x1 Ms","Atliq Exclusive",India,271
2018-09-01,"AQ Master wired x1 Ms","Atliq Exclusive",India,100
2018-09-01,"AQ Master wired x1 Ms","Atliq Exclusive",India,587
2018-09-01,"AQ Master wired x1 Ms","Atliq Exclusive",India,449
2018-09-01,"AQ Master wireless x1 Ms","Atliq Exclusive",India,548
2018-09-01,"AQ Master wireless x1 Ms","Atliq Exclusive",India,382
2018-09-01,"AQ Master wireless x1 Ms","Atliq Exclusive",India,340
2018-09-01,"AQ Master wireless x1 Ms","Atliq Exclusive",India,309
2018-09-01,"AQ Master wireless x1 Ms","Atliq Exclusive",India,423
2018-09-01,"AQ Master wireless x1 Ms","Atliq Exclusive",India,396
2018-09-01,"AQ Master wireless x1 Ms","Atliq Exclusive",India,371
2018-09-01,"AQ Master wireless x1 Ms","Atliq Exclusive",India,407
2018-09-01,"AQ Master wireless x1 Ms","Atliq Exclusive",India,393
2018-09-01,"AQ Master wireless x1 Ms","Atliq Exclusive",India,299
2018-09-01,"AQ Master wireless x1 Ms","Atliq Exclusive",India,505
2018-09-01,"AQ Master wireless x1 Ms","Atliq Exclusive",India,604
2018-09-01,"AQ Gamers Ms","Atliq Exclusive",India,317
2018-09-01,"AQ Gamers Ms","Atliq Exclusive",India,342
2018-09-01,"AQ Gamers Ms","Atliq Exclusive",India,121
2018-09-01,"AQ Gamers Ms","Atliq Exclusive",India,281
2018-09-01,"AQ Gamers Ms","Atliq Exclusive",India,477
2018-09-01,"AQ Gamers Ms","Atliq Exclusive",India,382
2018-09-01,"AQ Gamers Ms","Atliq Exclusive",India,562
2018-09-01,"AQ Gamers Ms","Atliq Exclusive",India,404
2018-09-01,"AQ Gamers Ms","Atliq Exclusive",India,529
2018-09-01,"AQ Gamers Ms","Atliq Exclusive",India,138
2018-09-01,"AQ Master wired x1","Atliq Exclusive",India,300
2018-09-01,"AQ Master wired x1","Atliq Exclusive",India,269
2018-09-01,"AQ Master wired x1","Atliq Exclusive",India,369
2018-09-01,"AQ Master wired x1","Atliq Exclusive",India,408
2018-09-01,"AQ Master wired x1","Atliq Exclusive",India,350
2018-09-01,"AQ Master wired x1","Atliq Exclusive",India,71
2018-09-01,"AQ Master wired x1","Atliq Exclusive",India,73
2018-09-01,"AQ Master wired x1","Atliq Exclusive",India,267
2018-09-01,"AQ Master wired x1","Atliq Exclusive",India,111
2018-09-01,"AQ Master wired x1","Atliq Exclusive",India,378
2018-09-01,"AQ Master wired x1","Atliq Exclusive",India,356
2018-09-01,"AQ Master wired x1","Atliq Exclusive",India,390
2018-09-01,"AQ Master wireless x1","Atliq Exclusive",India,212
2018-09-01,"AQ Master wireless x1","Atliq Exclusive",India,398
2018-09-01,"AQ Master wireless x1","Atliq Exclusive",India,456
2018-09-01,"AQ Master wireless x1","Atliq Exclusive",India,340
2018-09-01,"AQ Master wireless x1","Atliq Exclusive",India,79
2018-09-01,"AQ Master wireless x1","Atliq Exclusive",India,343
2018-09-01,"AQ Master wireless x1","Atliq Exclusive",India,308
2018-09-01,"AQ Master wireless x1","Atliq Exclusive",India,240
2018-09-01,"AQ Master wireless x1","Atliq Exclusive",India,84
2018-09-01,"AQ Master wireless x1","Atliq Exclusive",India,422
2018-09-01,"AQ Master wireless x1","Atliq Exclusive",India,105
2018-09-01,"AQ Master wireless x1","Atliq Exclusive",India,238
2018-09-01,"AQ Gamers ","Atliq Exclusive",India,55
2018-09-01,"AQ Gamers ","Atliq Exclusive",India,134
2018-09-01,"AQ Gamers ","Atliq Exclusive",India,456
2018-09-01,"AQ Gamers ","Atliq Exclusive",India,208
2018-09-01,"AQ Gamers ","Atliq Exclusive",India,93
2018-09-01,"AQ Gamers ","Atliq Exclusive",India,270
2018-09-01,"AQ Gamers ","Atliq Exclusive",India,81
2018-09-01,"AQ Gamers ","Atliq Exclusive",India,177
2018-09-01,"AQ Gamers ","Atliq Exclusive",India,412
2018-09-01,"AQ Gamers ","Atliq Exclusive",India,138
2018-09-01,"AQ Gamers ","Atliq Exclusive",India,165
2018-09-01,"AQ Gamers ","Atliq Exclusive",India,137
2018-09-01,"AQ Lite","Atliq Exclusive",India,467
2018-09-01,"AQ Lite","Atliq Exclusive",India,416
2018-09-01,"AQ Lite","Atliq Exclusive",India,290
2018-09-01,"AQ Lite","Atliq Exclusive",India,433
2018-09-01,"AQ Aspiron","Atliq Exclusive",India,12
2018-09-01,"AQ Aspiron","Atliq Exclusive",India,4
2018-09-01,"AQ Aspiron","Atliq Exclusive",India,6
2018-09-01,"AQ Aspiron","Atliq Exclusive",India,9
2018-09-01,"AQ Aspiron","Atliq Exclusive",India,7
2018-09-01,"AQ Aspiron","Atliq Exclusive",India,8
2018-09-01,"AQ Aspiron","Atliq Exclusive",India,6
2018-09-01,"AQ Aspiron","Atliq Exclusive",India,3
2018-09-01,"AQ Aspiron","Atliq Exclusive",India,14
2018-09-01,"AQ Aspiron","Atliq Exclusive",India,9
2018-09-01,"AQ Aspiron","Atliq Exclusive",India,10
2018-09-01,"AQ Aspiron","Atliq Exclusive",India,8
2018-09-01,"AQ Aspiron","Atliq Exclusive",India,15
2018-09-01,"AQ Aspiron","Atliq Exclusive",India,14
2018-09-01,"AQ Digit","Atliq Exclusive",India,13
2018-09-01,"AQ Digit","Atliq Exclusive",India,10
2018-09-01,"AQ Digit","Atliq Exclusive",India,15
2018-09-01,"AQ Digit","Atliq Exclusive",India,3
2018-09-01,"AQ Digit","Atliq Exclusive",India,9
2018-09-01,"AQ Digit","Atliq Exclusive",India,12
2018-09-01,"AQ Digit","Atliq Exclusive",India,12
2018-09-01,"AQ Digit","Atliq Exclusive",India,11
2018-09-01,"AQ Digit","Atliq Exclusive",India,10
2018-09-01,"AQ Digit","Atliq Exclusive",India,3
2018-09-01,"AQ Digit","Atliq Exclusive",India,4
2018-09-01,"AQ Digit","Atliq Exclusive",India,4
2018-09-01,"AQ Digit","Atliq Exclusive",India,13
2018-09-01,"AQ Digit","Atliq Exclusive",India,13
2018-09-01,"AQ Digit","Atliq Exclusive",India,12
2018-09-01,"AQ Digit","Atliq Exclusive",India,15
2018-09-01,"AQ Velocity","Atliq Exclusive",India,6
2018-09-01,"AQ Velocity","Atliq Exclusive",India,13
2018-09-01,"AQ Velocity","Atliq Exclusive",India,3
2018-09-01,"AQ Velocity","Atliq Exclusive",India,13
2018-09-01,"AQ Velocity","Atliq Exclusive",India,14
2018-09-01,"AQ Velocity","Atliq Exclusive",India,6
2018-09-01,"AQ Velocity","Atliq Exclusive",India,14
2018-09-01,"AQ Velocity","Atliq Exclusive",India,7
2018-09-01,"AQ Velocity","Atliq Exclusive",India,10
2018-09-01,"AQ Velocity","Atliq Exclusive",India,13
2018-09-01,"AQ Velocity","Atliq Exclusive",India,11
2018-09-01,"AQ Velocity","Atliq Exclusive",India,10
2018-09-01,"AQ Elite","Atliq Exclusive",India,9
2018-09-01,"AQ Elite","Atliq Exclusive",India,6
2018-09-01,"AQ Elite","Atliq Exclusive",India,13
2018-09-01,"AQ Elite","Atliq Exclusive",India,11
2018-09-01,"AQ Elite","Atliq Exclusive",India,9
2018-09-01,"AQ Elite","Atliq Exclusive",India,8
2018-09-01,"AQ BZ 101","Atliq Exclusive",India,5
2018-09-01,"AQ BZ 101","Atliq Exclusive",India,10
2018-09-01,"AQ BZ 101","Atliq Exclusive",India,6
2018-09-01,"AQ BZ 101","Atliq Exclusive",India,7
2018-09-01,"AQ BZ 101","Atliq Exclusive",India,9
2018-09-01,"AQ BZ 101","Atliq Exclusive",India,10
2018-09-01,"AQ BZ 101","Atliq Exclusive",India,5
2018-09-01,"AQ BZ 101","Atliq Exclusive",India,2
2018-09-01,"AQ BZ Compact","Atliq Exclusive",India,6
2018-09-01,"AQ BZ Compact","Atliq Exclusive",India,5
2018-09-01,"AQ BZ Compact","Atliq Exclusive",India,7
2018-09-01,"AQ BZ Compact","Atliq Exclusive",India,4
2018-09-01,"AQ BZ Compact","Atliq Exclusive",India,6
2018-09-01,"AQ BZ Compact","Atliq Exclusive",India,5
2018-09-01,"AQ BZ Compact","Atliq Exclusive",India,2
2018-09-01,"AQ BZ Compact","Atliq Exclusive",India,6
2018-09-01,"AQ BZ Compact","Atliq Exclusive",India,7
2018-09-01,"AQ BZ Compact","Atliq Exclusive",India,7
2018-09-01,"AQ BZ Compact","Atliq Exclusive",India,4
2018-09-01,"AQ BZ Compact","Atliq Exclusive",India,5
2018-09-01,"AQ BZ Compact","Atliq Exclusive",India,9
2018-09-01,"AQ BZ Compact","Atliq Exclusive",India,5
2018-09-01,"AQ BZ Compact","Atliq Exclusive",India,6
2018-09-01,"AQ BZ Compact","Atliq Exclusive",India,3
2018-09-01,"AQ BZ Gen Y","Atliq Exclusive",India,9
2018-09-01,"AQ BZ Gen Y","Atliq Exclusive",India,8
2018-09-01,"AQ BZ Gen Y","Atliq Exclusive",India,7
2018-09-01,"AQ BZ Gen Y","Atliq Exclusive",India,9
2018-09-01,"AQ BZ Gen Y","Atliq Exclusive",India,10
2018-09-01,"AQ BZ Gen Y","Atliq Exclusive",India,7
2018-09-01,"AQ BZ Gen Y","Atliq Exclusive",India,4
2018-09-01,"AQ BZ Gen Y","Atliq Exclusive",India,5
2018-09-01,"AQ Gamer 1","Atliq Exclusive",India,3
2018-09-01,"AQ Gamer 1","Atliq Exclusive",India,1
2018-09-01,"AQ Gamer 1","Atliq Exclusive",India,2
2018-09-01,"AQ Gamer 1","Atliq Exclusive",India,2
2018-09-01,"AQ Gamer 1","Atliq Exclusive",India,1
2018-09-01,"AQ Gamer 1","Atliq Exclusive",India,1
2018-09-01,"AQ Gamer 1","Atliq Exclusive",India,3
2018-09-01,"AQ Gamer 1","Atliq Exclusive",India,3
2018-09-01,"AQ Gamer 1","Atliq Exclusive",India,1
2018-09-01,"AQ Gamer 1","Atliq Exclusive",India,1
2018-09-01,"AQ Gamer 1","Atliq Exclusive",India,2
2018-09-01,"AQ Gamer 1","Atliq Exclusive",India,2
2018-09-01,"AQ Gamer 1","Atliq Exclusive",India,2
2018-09-01,"AQ Gamer 1","Atliq Exclusive",India,3
2018-09-01,"AQ Gamer 1","Atliq Exclusive",India,3
2018-09-01,"AQ Gamer 1","Atliq Exclusive",India,3
2018-09-01,"AQ Gamer 2","Atliq Exclusive",India,1
2018-09-01,"AQ Gamer 2","Atliq Exclusive",India,2
2018-09-01,"AQ Gamer 2","Atliq Exclusive",India,1
2018-09-01,"AQ Gamer 2","Atliq Exclusive",India,1
2018-09-01,"AQ Gamer 2","Atliq Exclusive",India,3
2018-09-01,"AQ Gamer 2","Atliq Exclusive",India,1
2018-09-01,"AQ Gamer 2","Atliq Exclusive",India,2
2018-09-01,"AQ Gamer 2","Atliq Exclusive",India,3
2018-09-01,"AQ Gamer 2","Atliq Exclusive",India,3
2018-09-01,"AQ Gamer 2","Atliq Exclusive",India,1
2018-09-01,"AQ Gamer 2","Atliq Exclusive",India,2
2018-09-01,"AQ Gamer 2","Atliq Exclusive",India,1
2018-09-01,"AQ Gamer 2","Atliq Exclusive",India,2
2018-09-01,"AQ Gamer 2","Atliq Exclusive",India,3
2018-09-01,"AQ Gamer 2","Atliq Exclusive",India,2
2018-09-01,"AQ Gamer 2","Atliq Exclusive",India,3
2018-09-01,"AQ Gamer 3","Atliq Exclusive",India,2
2018-09-01,"AQ Gamer 3","Atliq Exclusive",India,2
2018-09-01,"AQ Gamer 3","Atliq Exclusive",India,2
2018-09-01,"AQ Gamer 3","Atliq Exclusive",India,2
2018-09-01,"AQ Gamer 3","Atliq Exclusive",India,3
2018-09-01,"AQ Gamer 3","Atliq Exclusive",India,1
2018-09-01,"AQ Gamer 3","Atliq Exclusive",India,3
2018-09-01,"AQ Gamer 3","Atliq Exclusive",India,1
2018-09-01,"AQ Gamer 3","Atliq Exclusive",India,2
2018-09-01,"AQ Gamer 3","Atliq Exclusive",India,3
2018-09-01,"AQ Gamer 3","Atliq Exclusive",India,3
2018-09-01,"AQ Gamer 3","Atliq Exclusive",India,2
2018-09-01,"AQ Gamer 3","Atliq Exclusive",India,1
2018-09-01,"AQ Gamer 3","Atliq Exclusive",India,1
2018-09-01,"AQ Gamer 3","Atliq Exclusive",India,2
2018-09-01,"AQ Gamer 3","Atliq Exclusive",India,3
2018-09-01,"AQ Smash 1","Atliq Exclusive",India,1
2018-09-01,"AQ Smash 1","Atliq Exclusive",India,1
2018-09-01,"AQ Smash 1","Atliq Exclusive",India,1
2018-09-01,"AQ Smash 1","Atliq Exclusive",India,2
2018-09-01,"AQ Smash 1","Atliq Exclusive",India,1
2018-09-01,"AQ Smash 1","Atliq Exclusive",India,3
2018-09-01,"AQ Smash 1","Atliq Exclusive",India,3
2018-09-01,"AQ Smash 1","Atliq Exclusive",India,2
2018-09-01,"AQ Smash 1","Atliq Exclusive",India,2
2018-09-01,"AQ Smash 1","Atliq Exclusive",India,3
2018-09-01,"AQ Digit SSD","Atliq Exclusive",India,177
2018-09-01,"AQ Digit SSD","Atliq Exclusive",India,863
2018-09-01,"AQ Digit SSD","Atliq Exclusive",India,511
2018-09-01,"AQ Digit SSD","Atliq Exclusive",India,554
2018-09-01,"AQ Digit SSD","Atliq Exclusive",India,201
2018-09-01,"AQ Digit SSD","Atliq Exclusive",India,750
2018-09-01,"AQ Neuer SSD","Atliq Exclusive",India,666
2018-09-01,"AQ Neuer SSD","Atliq Exclusive",India,454
2018-09-01,"AQ Neuer SSD","Atliq Exclusive",India,339
2018-09-01,"AQ Neuer SSD","Atliq Exclusive",India,491
2018-09-01,"AQ Neuer SSD","Atliq Exclusive",India,786
2018-09-01,"AQ Neuer SSD","Atliq Exclusive",India,153
2018-09-01,"AQ Wi Power Dx1","Atliq Exclusive",India,215
2018-09-01,"AQ Wi Power Dx1","Atliq Exclusive",India,715
2018-09-01,"AQ Wi Power Dx1","Atliq Exclusive",India,202
2018-09-01,"AQ Wi Power Dx1","Atliq Exclusive",India,795
2018-09-01,"AQ Wi Power Dx1","Atliq Exclusive",India,531
2018-09-01,"AQ Wi Power Dx1","Atliq Exclusive",India,396
2018-09-01,"AQ Wi Power Dx2","Atliq Exclusive",India,854
2018-09-01,"AQ Wi Power Dx2","Atliq Exclusive",India,675
2018-10-01,"AQ Dracula HDD – 3.5 Inch SATA 6 Gb/s 5400 RPM 256 MB Cache","Atliq Exclusive",India,133
2018-10-01,"AQ Dracula HDD – 3.5 Inch SATA 6 Gb/s 5400 RPM 256 MB Cache","Atliq Exclusive",India,111
2018-10-01,"AQ Dracula HDD – 3.5 Inch SATA 6 Gb/s 5400 RPM 256 MB Cache","Atliq Exclusive",India,95
2018-10-01,"AQ Dracula HDD – 3.5 Inch SATA 6 Gb/s 5400 RPM 256 MB Cache","Atliq Exclusive",India,88
2018-10-01,"AQ WereWolf NAS Internal Hard Drive HDD – 8.89 cm","Atliq Exclusive",India,83
2018-10-01,"AQ WereWolf NAS Internal Hard Drive HDD – 8.89 cm","Atliq Exclusive",India,26
2018-10-01,"AQ Mforce Gen X","Atliq Exclusive",India,124
2018-10-01,"AQ Mforce Gen X","Atliq Exclusive",India,89
2018-10-01,"AQ Mforce Gen X","Atliq Exclusive",India,119
2018-10-01,"AQ Mforce Gen X","Atliq Exclusive",India,22
2018-10-01,"AQ Mforce Gen X","Atliq Exclusive",India,52
2018-10-01,"AQ Mforce Gen X","Atliq Exclusive",India,62
2018-10-01,"AQ Mforce Gen X","Atliq Exclusive",India,41
2018-10-01,"AQ Mforce Gen X","Atliq Exclusive",India,68
2018-10-01,"AQ Mforce Gen Y","Atliq Exclusive",India,108
2018-10-01,"AQ Mforce Gen Y","Atliq Exclusive",India,111
2018-10-01,"AQ Mforce Gen Y","Atliq Exclusive",India,61
2018-10-01,"AQ Mforce Gen Y","Atliq Exclusive",India,108
2018-10-01,"AQ Mforce Gen Y","Atliq Exclusive",India,51
2018-10-01,"AQ Mforce Gen Y","Atliq Exclusive",India,98
2018-10-01,"AQ Mforce Gen Y","Atliq Exclusive",India,115
2018-10-01,"AQ Mforce Gen Y","Atliq Exclusive",India,72
2018-10-01,"AQ 5000 Series Electron 9 5900X Desktop Processor","Atliq Exclusive",India,19
2018-10-01,"AQ 5000 Series Electron 9 5900X Desktop Processor","Atliq Exclusive",India,36
2018-10-01,"AQ 5000 Series Electron 9 5900X Desktop Processor","Atliq Exclusive",India,16
2018-10-01,"AQ 5000 Series Electron 8 5900X Desktop Processor","Atliq Exclusive",India,80
2018-10-01,"AQ 5000 Series Electron 8 5900X Desktop Processor","Atliq Exclusive",India,73
2018-10-01,"AQ 5000 Series Electron 8 5900X Desktop Processor","Atliq Exclusive",India,57
2018-10-01,"AQ 5000 Series Ultron 8 5900X Desktop Processor","Atliq Exclusive",India,79
2018-10-01,"AQ 5000 Series Ultron 8 5900X Desktop Processor","Atliq Exclusive",India,22
2018-10-01,"AQ 5000 Series Ultron 8 5900X Desktop Processor","Atliq Exclusive",India,23
2018-10-01,"AQ MB Elite","Atliq Exclusive",India,10
2018-10-01,"AQ MB Elite","Atliq Exclusive",India,7
2018-10-01,"AQ MB Elite","Atliq Exclusive",India,9
2018-10-01,"AQ MB Elite","Atliq Exclusive",India,6
2018-10-01,"AQ MB Crossx","Atliq Exclusive",India,6
2018-10-01,"AQ MB Crossx","Atliq Exclusive",India,14
2018-10-01,"AQ MB Crossx","Atliq Exclusive",India,11
2018-10-01,"AQ MB Crossx","Atliq Exclusive",India,3
2018-10-01,"AQ MB Crossx 2","Atliq Exclusive",India,5
2018-10-01,"AQ Master wired x1 Ms","Atliq Exclusive",India,717
2018-10-01,"AQ Master wired x1 Ms","Atliq Exclusive",India,319
2018-10-01,"AQ Master wired x1 Ms","Atliq Exclusive",India,495
2018-10-01,"AQ Master wired x1 Ms","Atliq Exclusive",India,584
2018-10-01,"AQ Master wired x1 Ms","Atliq Exclusive",India,487
2018-10-01,"AQ Master wired x1 Ms","Atliq Exclusive",India,246
2018-10-01,"AQ Master wireless x1 Ms","Atliq Exclusive",India,787
2018-10-01,"AQ Master wireless x1 Ms","Atliq Exclusive",India,652
2018-10-01,"AQ Master wireless x1 Ms","Atliq Exclusive",India,655
2018-10-01,"AQ Master wireless x1 Ms","Atliq Exclusive",India,660
2018-10-01,"AQ Master wireless x1 Ms","Atliq Exclusive",India,572
2018-10-01,"AQ Master wireless x1 Ms","Atliq Exclusive",India,744
2018-10-01,"AQ Gamers Ms","Atliq Exclusive",India,300
2018-10-01,"AQ Gamers Ms","Atliq Exclusive",India,225
2018-10-01,"AQ Gamers Ms","Atliq Exclusive",India,249
2018-10-01,"AQ Gamers Ms","Atliq Exclusive",India,408
2018-10-01,"AQ Gamers Ms","Atliq Exclusive",India,100
2018-10-01,"AQ Master wired x1","Atliq Exclusive",India,443
2018-10-01,"AQ Master wired x1","Atliq Exclusive",India,261
2018-10-01,"AQ Master wired x1","Atliq Exclusive",India,566
2018-10-01,"AQ Master wired x1","Atliq Exclusive",India,547
2018-10-01,"AQ Master wired x1","Atliq Exclusive",India,406
2018-10-01,"AQ Master wired x1","Atliq Exclusive",India,176
2018-10-01,"AQ Master wireless x1","Atliq Exclusive",India,155
2018-10-01,"AQ Master wireless x1","Atliq Exclusive",India,91
2018-10-01,"AQ Master wireless x1","Atliq Exclusive",India,224
2018-10-01,"AQ Master wireless x1","Atliq Exclusive",India,477
2018-10-01,"AQ Master wireless x1","Atliq Exclusive",India,133
2018-10-01,"AQ Master wireless x1","Atliq Exclusive",India,129
2018-10-01,"AQ Gamers ","Atliq Exclusive",India,445
2018-10-01,"AQ Gamers ","Atliq Exclusive",India,565
2018-10-01,"AQ Gamers ","Atliq Exclusive",India,177
2018-10-01,"AQ Gamers ","Atliq Exclusive",India,558
2018-10-01,"AQ Gamers ","Atliq Exclusive",India,210
2018-10-01,"AQ Gamers ","Atliq Exclusive",India,378
2018-10-01,"AQ Lite","Atliq Exclusive",India,306
2018-10-01,"AQ Lite","Atliq Exclusive",India,139
2018-10-01,"AQ Aspiron","Atliq Exclusive",India,7
2018-10-01,"AQ Aspiron","Atliq Exclusive",India,19
2018-10-01,"AQ Aspiron","Atliq Exclusive",India,11
2018-10-01,"AQ Aspiron","Atliq Exclusive",India,11
2018-10-01,"AQ Aspiron","Atliq Exclusive",India,19
2018-10-01,"AQ Aspiron","Atliq Exclusive",India,19
2018-10-01,"AQ Aspiron","Atliq Exclusive",India,19
2018-10-01,"AQ Digit","Atliq Exclusive",India,17
2018-10-01,"AQ Digit","Atliq Exclusive",India,5
2018-10-01,"AQ Digit","Atliq Exclusive",India,10
2018-10-01,"AQ Digit","Atliq Exclusive",India,16
2018-10-01,"AQ Digit","Atliq Exclusive",India,7
2018-10-01,"AQ Digit","Atliq Exclusive",India,6
2018-10-01,"AQ Digit","Atliq Exclusive",India,17
2018-10-01,"AQ Digit","Atliq Exclusive",India,6
2018-10-01,"AQ Velocity","Atliq Exclusive",India,8
2018-10-01,"AQ Velocity","Atliq Exclusive",India,17
2018-10-01,"AQ Velocity","Atliq Exclusive",India,13
2018-10-01,"AQ Velocity","Atliq Exclusive",India,11
2018-10-01,"AQ Velocity","Atliq Exclusive",India,11
2018-10-01,"AQ Velocity","Atliq Exclusive",India,10
2018-10-01,"AQ Elite","Atliq Exclusive",India,7
2018-10-01,"AQ Elite","Atliq Exclusive",India,14
2018-10-01,"AQ Elite","Atliq Exclusive",India,5
2018-10-01,"AQ BZ 101","Atliq Exclusive",India,11
2018-10-01,"AQ BZ 101","Atliq Exclusive",India,4
2018-10-01,"AQ BZ 101","Atliq Exclusive",India,11
2018-10-01,"AQ BZ 101","Atliq Exclusive",India,7
2018-10-01,"AQ BZ Compact","Atliq Exclusive",India,3
2018-10-01,"AQ BZ Compact","Atliq Exclusive",India,8
2018-10-01,"AQ BZ Compact","Atliq Exclusive",India,4
2018-10-01,"AQ BZ Compact","Atliq Exclusive",India,11
2018-10-01,"AQ BZ Compact","Atliq Exclusive",India,6
2018-10-01,"AQ BZ Compact","Atliq Exclusive",India,6
2018-10-01,"AQ BZ Compact","Atliq Exclusive",India,7
2018-10-01,"AQ BZ Compact","Atliq Exclusive",India,9
2018-10-01,"AQ BZ Gen Y","Atliq Exclusive",India,5
2018-10-01,"AQ BZ Gen Y","Atliq Exclusive",India,6
2018-10-01,"AQ BZ Gen Y","Atliq Exclusive",India,5
2018-10-01,"AQ BZ Gen Y","Atliq Exclusive",India,13
2018-10-01,"AQ Gamer 1","Atliq Exclusive",India,1
2018-10-01,"AQ Gamer 1","Atliq Exclusive",India,4
2018-10-01,"AQ Gamer 1","Atliq Exclusive",India,1
2018-10-01,"AQ Gamer 1","Atliq Exclusive",India,3
2018-10-01,"AQ Gamer 1","Atliq Exclusive",India,1
2018-10-01,"AQ Gamer 1","Atliq Exclusive",India,2
2018-10-01,"AQ Gamer 1","Atliq Exclusive",India,3
2018-10-01,"AQ Gamer 1","Atliq Exclusive",India,1
2018-10-01,"AQ Gamer 2","Atliq Exclusive",India,3
2018-10-01,"AQ Gamer 2","Atliq Exclusive",India,2
2018-10-01,"AQ Gamer 2","Atliq Exclusive",India,3
2018-10-01,"AQ Gamer 2","Atliq Exclusive",India,4
2018-10-01,"AQ Gamer 2","Atliq Exclusive",India,3
2018-10-01,"AQ Gamer 2","Atliq Exclusive",India,4
2018-10-01,"AQ Gamer 2","Atliq Exclusive",India,1
2018-10-01,"AQ Gamer 2","Atliq Exclusive",India,2
2018-10-01,"AQ Gamer 3","Atliq Exclusive",India,4
2018-10-01,"AQ Gamer 3","Atliq Exclusive",India,4
2018-10-01,"AQ Gamer 3","Atliq Exclusive",India,3
2018-10-01,"AQ Gamer 3","Atliq Exclusive",India,3
2018-10-01,"AQ Gamer 3","Atliq Exclusive",India,3
2018-10-01,"AQ Gamer 3","Atliq Exclusive",India,2
2018-10-01,"AQ Gamer 3","Atliq Exclusive",India,4
2018-10-01,"AQ Gamer 3","Atliq Exclusive",India,3
2018-10-01,"AQ Smash 1","Atliq Exclusive",India,2
2018-10-01,"AQ Smash 1","Atliq Exclusive",India,2
2018-10-01,"AQ Smash 1","Atliq Exclusive",India,3
2018-10-01,"AQ Smash 1","Atliq Exclusive",India,4
2018-10-01,"AQ Smash 1","Atliq Exclusive",India,2
2018-10-01,"AQ Digit SSD","Atliq Exclusive",India,922
2018-10-01,"AQ Digit SSD","Atliq Exclusive",India,1133
2018-10-01,"AQ Digit SSD","Atliq Exclusive",India,1079
2018-10-01,"AQ Neuer SSD","Atliq Exclusive",India,1141
2018-10-01,"AQ Neuer SSD","Atliq Exclusive",India,726
2018-10-01,"AQ Neuer SSD","Atliq Exclusive",India,804
2018-10-01,"AQ Wi Power Dx1","Atliq Exclusive",India,1250
2018-10-01,"AQ Wi Power Dx1","Atliq Exclusive",India,600
2018-10-01,"AQ Wi Power Dx1","Atliq Exclusive",India,288
2018-10-01,"AQ Wi Power Dx2","Atliq Exclusive",India,1127
2018-11-01,"AQ Dracula HDD – 3.5 Inch SATA 6 Gb/s 5400 RPM 256 MB Cache","Atliq Exclusive",India,198
2018-11-01,"AQ Dracula HDD – 3.5 Inch SATA 6 Gb/s 5400 RPM 256 MB Cache","Atliq Exclusive",India,156
2018-11-01,"AQ Dracula HDD – 3.5 Inch SATA 6 Gb/s 5400 RPM 256 MB Cache","Atliq Exclusive",India,35
2018-11-01,"AQ Dracula HDD – 3.5 Inch SATA 6 Gb/s 5400 RPM 256 MB Cache","Atliq Exclusive",India,70
2018-11-01,"AQ Dracula HDD – 3.5 Inch SATA 6 Gb/s 5400 RPM 256 MB Cache","Atliq Exclusive",India,160
2018-11-01,"AQ Dracula HDD – 3.5 Inch SATA 6 Gb/s 5400 RPM 256 MB Cache","Atliq Exclusive",India,53
2018-11-01,"AQ Dracula HDD – 3.5 Inch SATA 6 Gb/s 5400 RPM 256 MB Cache","Atliq Exclusive",India,90
2018-11-01,"AQ Dracula HDD – 3.5 Inch SATA 6 Gb/s 5400 RPM 256 MB Cache","Atliq Exclusive",India,82
2018-11-01,"AQ WereWolf NAS Internal Hard Drive HDD – 8.89 cm","Atliq Exclusive",India,61
2018-11-01,"AQ WereWolf NAS Internal Hard Drive HDD – 8.89 cm","Atliq Exclusive",India,44
2018-11-01,"AQ WereWolf NAS Internal Hard Drive HDD – 8.89 cm","Atliq Exclusive",India,189
2018-11-01,"AQ WereWolf NAS Internal Hard Drive HDD – 8.89 cm","Atliq Exclusive",India,44
2018-11-01,"AQ Mforce Gen X","Atliq Exclusive",India,115
2018-11-01,"AQ Mforce Gen X","Atliq Exclusive",India,154
2018-11-01,"AQ Mforce Gen X","Atliq Exclusive",India,64
2018-11-01,"AQ Mforce Gen X","Atliq Exclusive",India,106
2018-11-01,"AQ Mforce Gen X","Atliq Exclusive",India,131
2018-11-01,"AQ Mforce Gen X","Atliq Exclusive",India,71
2018-11-01,"AQ Mforce Gen X","Atliq Exclusive",India,52
2018-11-01,"AQ Mforce Gen X","Atliq Exclusive",India,159
2018-11-01,"AQ Mforce Gen X","Atliq Exclusive",India,43
2018-11-01,"AQ Mforce Gen X","Atliq Exclusive",India,69
2018-11-01,"AQ Mforce Gen X","Atliq Exclusive",India,150
2018-11-01,"AQ Mforce Gen X","Atliq Exclusive",India,168
2018-11-01,"AQ Mforce Gen X","Atliq Exclusive",India,50
2018-11-01,"AQ Mforce Gen X","Atliq Exclusive",India,76
2018-11-01,"AQ Mforce Gen X","Atliq Exclusive",India,19
2018-11-01,"AQ Mforce Gen X","Atliq Exclusive",India,156
2018-11-01,"AQ Mforce Gen Y","Atliq Exclusive",India,122
2018-11-01,"AQ Mforce Gen Y","Atliq Exclusive",India,168
2018-11-01,"AQ Mforce Gen Y","Atliq Exclusive",India,79
2018-11-01,"AQ Mforce Gen Y","Atliq Exclusive",India,132
2018-11-01,"AQ Mforce Gen Y","Atliq Exclusive",India,125
2018-11-01,"AQ Mforce Gen Y","Atliq Exclusive",India,73
2018-11-01,"AQ Mforce Gen Y","Atliq Exclusive",India,63
2018-11-01,"AQ Mforce Gen Y","Atliq Exclusive",India,130
2018-11-01,"AQ Mforce Gen Y","Atliq Exclusive",India,45
2018-11-01,"AQ Mforce Gen Y","Atliq Exclusive",India,110
2018-11-01,"AQ Mforce Gen Y","Atliq Exclusive",India,105
2018-11-01,"AQ Mforce Gen Y","Atliq Exclusive",India,135
2018-11-01,"AQ Mforce Gen Y","Atliq Exclusive",India,72
2018-11-01,"AQ Mforce Gen Y","Atliq Exclusive",India,150
2018-11-01,"AQ Mforce Gen Y","Atliq Exclusive",India,171
2018-11-01,"AQ Mforce Gen Y","Atliq Exclusive",India,157
2018-11-01,"AQ 5000 Series Electron 9 5900X Desktop Processor","Atliq Exclusive",India,96
2018-11-01,"AQ 5000 Series Electron 9 5900X Desktop Processor","Atliq Exclusive",India,72
2018-11-01,"AQ 5000 Series Electron 9 5900X Desktop Processor","Atliq Exclusive",India,28
2018-11-01,"AQ 5000 Series Electron 9 5900X Desktop Processor","Atliq Exclusive",India,92
2018-11-01,"AQ 5000 Series Electron 9 5900X Desktop Processor","Atliq Exclusive",India,81
2018-11-01,"AQ 5000 Series Electron 9 5900X Desktop Processor","Atliq Exclusive",India,15
2018-11-01,"AQ 5000 Series Electron 8 5900X Desktop Processor","Atliq Exclusive",India,25
2018-11-01,"AQ 5000 Series Electron 8 5900X Desktop Processor","Atliq Exclusive",India,82
2018-11-01,"AQ 5000 Series Electron 8 5900X Desktop Processor","Atliq Exclusive",India,104
2018-11-01,"AQ 5000 Series Electron 8 5900X Desktop Processor","Atliq Exclusive",India,36
2018-11-01,"AQ 5000 Series Electron 8 5900X Desktop Processor","Atliq Exclusive",India,21
2018-11-01,"AQ 5000 Series Electron 8 5900X Desktop Processor","Atliq Exclusive",India,74
2018-11-01,"AQ 5000 Series Ultron 8 5900X Desktop Processor","Atliq Exclusive",India,41
2018-11-01,"AQ 5000 Series Ultron 8 5900X Desktop Processor","Atliq Exclusive",India,53
2018-11-01,"AQ 5000 Series Ultron 8 5900X Desktop Processor","Atliq Exclusive",India,68
2018-11-01,"AQ 5000 Series Ultron 8 5900X Desktop Processor","Atliq Exclusive",India,55
2018-11-01,"AQ 5000 Series Ultron 8 5900X Desktop Processor","Atliq Exclusive",India,57
2018-11-01,"AQ 5000 Series Ultron 8 5900X Desktop Processor","Atliq Exclusive",India,88
2018-11-01,"AQ MB Elite","Atliq Exclusive",India,8
2018-11-01,"AQ MB Elite","Atliq Exclusive",India,8
2018-11-01,"AQ MB Elite","Atliq Exclusive",India,10
2018-11-01,"AQ MB Elite","Atliq Exclusive",India,8
2018-11-01,"AQ MB Elite","Atliq Exclusive",India,13
2018-11-01,"AQ MB Elite","Atliq Exclusive",India,10
2018-11-01,"AQ MB Elite","Atliq Exclusive",India,13
2018-11-01,"AQ MB Elite","Atliq Exclusive",India,12
2018-11-01,"AQ MB Crossx","Atliq Exclusive",India,13
2018-11-01,"AQ MB Crossx","Atliq Exclusive",India,12
2018-11-01,"AQ MB Crossx","Atliq Exclusive",India,15
2018-11-01,"AQ MB Crossx","Atliq Exclusive",India,9
2018-11-01,"AQ MB Crossx","Atliq Exclusive",India,5
2018-11-01,"AQ MB Crossx","Atliq Exclusive",India,15
2018-11-01,"AQ MB Crossx","Atliq Exclusive",India,19
2018-11-01,"AQ MB Crossx","Atliq Exclusive",India,16
2018-11-01,"AQ MB Crossx 2","Atliq Exclusive",India,15
2018-11-01,"AQ MB Crossx 2","Atliq Exclusive",India,14
2018-11-01,"AQ Master wired x1 Ms","Atliq Exclusive",India,628
2018-11-01,"AQ Master wired x1 Ms","Atliq Exclusive",India,547
2018-11-01,"AQ Master wired x1 Ms","Atliq Exclusive",India,284
2018-11-01,"AQ Master wired x1 Ms","Atliq Exclusive",India,823
2018-11-01,"AQ Master wired x1 Ms","Atliq Exclusive",India,346
2018-11-01,"AQ Master wired x1 Ms","Atliq Exclusive",India,603
2018-11-01,"AQ Master wired x1 Ms","Atliq Exclusive",India,796
2018-11-01,"AQ Master wired x1 Ms","Atliq Exclusive",India,276
2018-11-01,"AQ Master wired x1 Ms","Atliq Exclusive",India,620
2018-11-01,"AQ Master wired x1 Ms","Atliq Exclusive",India,473
2018-11-01,"AQ Master wired x1 Ms","Atliq Exclusive",India,112
2018-11-01,"AQ Master wired x1 Ms","Atliq Exclusive",India,236
2018-11-01,"AQ Master wireless x1 Ms","Atliq Exclusive",India,209
2018-11-01,"AQ Master wireless x1 Ms","Atliq Exclusive",India,925
2018-11-01,"AQ Master wireless x1 Ms","Atliq Exclusive",India,800
2018-11-01,"AQ Master wireless x1 Ms","Atliq Exclusive",India,429
2018-11-01,"AQ Master wireless x1 Ms","Atliq Exclusive",India,1024
2018-11-01,"AQ Master wireless x1 Ms","Atliq Exclusive",India,301
2018-11-01,"AQ Master wireless x1 Ms","Atliq Exclusive",India,1031
2018-11-01,"AQ Master wireless x1 Ms","Atliq Exclusive",India,344
2018-11-01,"AQ Master wireless x1 Ms","Atliq Exclusive",India,504
2018-11-01,"AQ Master wireless x1 Ms","Atliq Exclusive",India,118
2018-11-01,"AQ Master wireless x1 Ms","Atliq Exclusive",India,985
2018-11-01,"AQ Master wireless x1 Ms","Atliq Exclusive",India,353
2018-11-01,"AQ Gamers Ms","Atliq Exclusive",India,245
2018-11-01,"AQ Gamers Ms","Atliq Exclusive",India,340
2018-11-01,"AQ Gamers Ms","Atliq Exclusive",India,516
2018-11-01,"AQ Gamers Ms","Atliq Exclusive",India,494
2018-11-01,"AQ Gamers Ms","Atliq Exclusive",India,703
2018-11-01,"AQ Gamers Ms","Atliq Exclusive",India,336
2018-11-01,"AQ Gamers Ms","Atliq Exclusive",India,205
2018-11-01,"AQ Gamers Ms","Atliq Exclusive",India,771
2018-11-01,"AQ Gamers Ms","Atliq Exclusive",India,529
2018-11-01,"AQ Gamers Ms","Atliq Exclusive",India,379
2018-11-01,"AQ Master wired x1","Atliq Exclusive",India,518
2018-11-01,"AQ Master wired x1","Atliq Exclusive",India,549
2018-11-01,"AQ Master wired x1","Atliq Exclusive",India,108
2018-11-01,"AQ Master wired x1","Atliq Exclusive",India,603
2018-11-01,"AQ Master wired x1","Atliq Exclusive",India,579
2018-11-01,"AQ Master wired x1","Atliq Exclusive",India,603
2018-11-01,"AQ Master wired x1","Atliq Exclusive",India,640
2018-11-01,"AQ Master wired x1","Atliq Exclusive",India,663
2018-11-01,"AQ Master wired x1","Atliq Exclusive",India,143
2018-11-01,"AQ Master wired x1","Atliq Exclusive",India,539
2018-11-01,"AQ Master wired x1","Atliq Exclusive",India,357
2018-11-01,"AQ Master wired x1","Atliq Exclusive",India,145
2018-11-01,"AQ Master wireless x1","Atliq Exclusive",India,220
2018-11-01,"AQ Master wireless x1","Atliq Exclusive",India,761
2018-11-01,"AQ Master wireless x1","Atliq Exclusive",India,510
2018-11-01,"AQ Master wireless x1","Atliq Exclusive",India,446
2018-11-01,"AQ Master wireless x1","Atliq Exclusive",India,684
2018-11-01,"AQ Master wireless x1","Atliq Exclusive",India,798
2018-11-01,"AQ Master wireless x1","Atliq Exclusive",India,553
2018-11-01,"AQ Master wireless x1","Atliq Exclusive",India,632
2018-11-01,"AQ Master wireless x1","Atliq Exclusive",India,370
2018-11-01,"AQ Master wireless x1","Atliq Exclusive",India,745
2018-11-01,"AQ Master wireless x1","Atliq Exclusive",India,540
2018-11-01,"AQ Master wireless x1","Atliq Exclusive",India,648
2018-11-01,"AQ Gamers ","Atliq Exclusive",India,125
2018-11-01,"AQ Gamers ","Atliq Exclusive",India,214
2018-11-01,"AQ Gamers ","Atliq Exclusive",India,479
2018-11-01,"AQ Gamers ","Atliq Exclusive",India,188
2018-11-01,"AQ Gamers ","Atliq Exclusive",India,586
2018-11-01,"AQ Gamers ","Atliq Exclusive",India,246
2018-11-01,"AQ Gamers ","Atliq Exclusive",India,264
2018-11-01,"AQ Gamers ","Atliq Exclusive",India,243
2018-11-01,"AQ Gamers ","Atliq Exclusive",India,212
2018-11-01,"AQ Gamers ","Atliq Exclusive",India,253
2018-11-01,"AQ Gamers ","Atliq Exclusive",India,632
2018-11-01,"AQ Gamers ","Atliq Exclusive",India,690
2018-11-01,"AQ Lite","Atliq Exclusive",India,362
2018-11-01,"AQ Lite","Atliq Exclusive",India,150
2018-11-01,"AQ Lite","Atliq Exclusive",India,357
2018-11-01,"AQ Lite","Atliq Exclusive",India,203
2018-11-01,"AQ Aspiron","Atliq Exclusive",India,24
2018-11-01,"AQ Aspiron","Atliq Exclusive",India,6
2018-11-01,"AQ Aspiron","Atliq Exclusive",India,23
2018-11-01,"AQ Aspiron","Atliq Exclusive",India,12
2018-11-01,"AQ Aspiron","Atliq Exclusive",India,5
2018-11-01,"AQ Aspiron","Atliq Exclusive",India,25
2018-11-01,"AQ Aspiron","Atliq Exclusive",India,19
2018-11-01,"AQ Aspiron","Atliq Exclusive",India,12
2018-11-01,"AQ Aspiron","Atliq Exclusive",India,4
2018-11-01,"AQ Aspiron","Atliq Exclusive",India,6
2018-11-01,"AQ Aspiron","Atliq Exclusive",India,24
2018-11-01,"AQ Aspiron","Atliq Exclusive",India,19
2018-11-01,"AQ Aspiron","Atliq Exclusive",India,11
2018-11-01,"AQ Aspiron","Atliq Exclusive",India,20
2018-11-01,"AQ Digit","Atliq Exclusive",India,12
2018-11-01,"AQ Digit","Atliq Exclusive",India,26
2018-11-01,"AQ Digit","Atliq Exclusive",India,7
2018-11-01,"AQ Digit","Atliq Exclusive",India,18
2018-11-01,"AQ Digit","Atliq Exclusive",India,22
2018-11-01,"AQ Digit","Atliq Exclusive",India,25
2018-11-01,"AQ Digit","Atliq Exclusive",India,21
2018-11-01,"AQ Digit","Atliq Exclusive",India,18
2018-11-01,"AQ Digit","Atliq Exclusive",India,20
2018-11-01,"AQ Digit","Atliq Exclusive",India,9
2018-11-01,"AQ Digit","Atliq Exclusive",India,11
2018-11-01,"AQ Digit","Atliq Exclusive",India,12
2018-11-01,"AQ Digit","Atliq Exclusive",India,19
2018-11-01,"AQ Digit","Atliq Exclusive",India,18
2018-11-01,"AQ Digit","Atliq Exclusive",India,12
2018-11-01,"AQ Digit","Atliq Exclusive",India,5
2018-11-01,"AQ Velocity","Atliq Exclusive",India,17
2018-11-01,"AQ Velocity","Atliq Exclusive",India,19
2018-11-01,"AQ Velocity","Atliq Exclusive",India,15
2018-11-01,"AQ Velocity","Atliq Exclusive",India,20
2018-11-01,"AQ Velocity","Atliq Exclusive",India,16
2018-11-01,"AQ Velocity","Atliq Exclusive",India,24
2018-11-01,"AQ Velocity","Atliq Exclusive",India,23
2018-11-01,"AQ Velocity","Atliq Exclusive",India,24
2018-11-01,"AQ Velocity","Atliq Exclusive",India,12
2018-11-01,"AQ Velocity","Atliq Exclusive",India,18
2018-11-01,"AQ Velocity","Atliq Exclusive",India,20
2018-11-01,"AQ Velocity","Atliq Exclusive",India,19
2018-11-01,"AQ Elite","Atliq Exclusive",India,14
2018-11-01,"AQ Elite","Atliq Exclusive",India,6
2018-11-01,"AQ Elite","Atliq Exclusive",India,6
2018-11-01,"AQ Elite","Atliq Exclusive",India,23
2018-11-01,"AQ Elite","Atliq Exclusive",India,13
2018-11-01,"AQ Elite","Atliq Exclusive",India,23
2018-11-01,"AQ BZ 101","Atliq Exclusive",India,6
2018-11-01,"AQ BZ 101","Atliq Exclusive",India,8
2018-11-01,"AQ BZ 101","Atliq Exclusive",India,12
2018-11-01,"AQ BZ 101","Atliq Exclusive",India,14
2018-11-01,"AQ BZ 101","Atliq Exclusive",India,14
2018-11-01,"AQ BZ 101","Atliq Exclusive",India,17
2018-11-01,"AQ BZ 101","Atliq Exclusive",India,7
2018-11-01,"AQ BZ 101","Atliq Exclusive",India,11
2018-11-01,"AQ BZ Compact","Atliq Exclusive",India,8
2018-11-01,"AQ BZ Compact","Atliq Exclusive",India,3
2018-11-01,"AQ BZ Compact","Atliq Exclusive",India,3
2018-11-01,"AQ BZ Compact","Atliq Exclusive",India,11
2018-11-01,"AQ BZ Compact","Atliq Exclusive",India,14
2018-11-01,"AQ BZ Compact","Atliq Exclusive",India,7
2018-11-01,"AQ BZ Compact","Atliq Exclusive",India,6
2018-11-01,"AQ BZ Compact","Atliq Exclusive",India,14
2018-11-01,"AQ BZ Compact","Atliq Exclusive",India,12
2018-11-01,"AQ BZ Compact","Atliq Exclusive",India,8
2018-11-01,"AQ BZ Compact","Atliq Exclusive",India,6
2018-11-01,"AQ BZ Compact","Atliq Exclusive",India,4
2018-11-01,"AQ BZ Compact","Atliq Exclusive",India,17
2018-11-01,"AQ BZ Compact","Atliq Exclusive",India,4
2018-11-01,"AQ BZ Compact","Atliq Exclusive",India,16
2018-11-01,"AQ BZ Compact","Atliq Exclusive",India,14
2018-11-01,"AQ BZ Gen Y","Atliq Exclusive",India,10
2018-11-01,"AQ BZ Gen Y","Atliq Exclusive",India,5
2018-11-01,"AQ BZ Gen Y","Atliq Exclusive",India,12
2018-11-01,"AQ BZ Gen Y","Atliq Exclusive",India,9
2018-11-01,"AQ BZ Gen Y","Atliq Exclusive",India,5
2018-11-01,"AQ BZ Gen Y","Atliq Exclusive",India,13
2018-11-01,"AQ BZ Gen Y","Atliq Exclusive",India,15
2018-11-01,"AQ BZ Gen Y","Atliq Exclusive",India,8
2018-11-01,"AQ Gamer 1","Atliq Exclusive",India,1
2018-11-01,"AQ Gamer 1","Atliq Exclusive",India,3
2018-11-01,"AQ Gamer 1","Atliq Exclusive",India,3
2018-11-01,"AQ Gamer 1","Atliq Exclusive",India,2
2018-11-01,"AQ Gamer 1","Atliq Exclusive",India,1
2018-11-01,"AQ Gamer 1","Atliq Exclusive",India,2
2018-11-01,"AQ Gamer 1","Atliq Exclusive",India,2
2018-11-01,"AQ Gamer 1","Atliq Exclusive",India,2
2018-11-01,"AQ Gamer 1","Atliq Exclusive",India,5
2018-11-01,"AQ Gamer 1","Atliq Exclusive",India,3
2018-11-01,"AQ Gamer 1","Atliq Exclusive",India,5
2018-11-01,"AQ Gamer 1","Atliq Exclusive",India,6
2018-11-01,"AQ Gamer 1","Atliq Exclusive",India,1
2018-11-01,"AQ Gamer 1","Atliq Exclusive",India,5
2018-11-01,"AQ Gamer 1","Atliq Exclusive",India,2
2018-11-01,"AQ Gamer 1","Atliq Exclusive",India,3
2018-11-01,"AQ Gamer 2","Atliq Exclusive",India,2
2018-11-01,"AQ Gamer 2","Atliq Exclusive",India,4
2018-11-01,"AQ Gamer 2","Atliq Exclusive",India,5
2018-11-01,"AQ Gamer 2","Atliq Exclusive",India,1
2018-11-01,"AQ Gamer 2","Atliq Exclusive",India,3
2018-11-01,"AQ Gamer 2","Atliq Exclusive",India,3
2018-11-01,"AQ Gamer 2","Atliq Exclusive",India,5
2018-11-01,"AQ Gamer 2","Atliq Exclusive",India,2
2018-11-01,"AQ Gamer 2","Atliq Exclusive",India,4
2018-11-01,"AQ Gamer 2","Atliq Exclusive",India,3
2018-11-01,"AQ Gamer 2","Atliq Exclusive",India,3
2018-11-01,"AQ Gamer 2","Atliq Exclusive",India,3
2018-11-01,"AQ Gamer 2","Atliq Exclusive",India,1
2018-11-01,"AQ Gamer 2","Atliq Exclusive",India,4
2018-11-01,"AQ Gamer 2","Atliq Exclusive",India,2
2018-11-01,"AQ Gamer 2","Atliq Exclusive",India,6
2018-11-01,"AQ Gamer 3","Atliq Exclusive",India,3
2018-11-01,"AQ Gamer 3","Atliq Exclusive",India,4
2018-11-01,"AQ Gamer 3","Atliq Exclusive",India,2
2018-11-01,"AQ Gamer 3","Atliq Exclusive",India,3
2018-11-01,"AQ Gamer 3","Atliq Exclusive",India,4
2018-11-01,"AQ Gamer 3","Atliq Exclusive",India,5
2018-11-01,"AQ Gamer 3","Atliq Exclusive",India,3
2018-11-01,"AQ Gamer 3","Atliq Exclusive",India,3
2018-11-01,"AQ Gamer 3","Atliq Exclusive",India,5
2018-11-01,"AQ Gamer 3","Atliq Exclusive",India,3
2018-11-01,"AQ Gamer 3","Atliq Exclusive",India,3
2018-11-01,"AQ Gamer 3","Atliq Exclusive",India,1
2018-11-01,"AQ Gamer 3","Atliq Exclusive",India,2
2018-11-01,"AQ Gamer 3","Atliq Exclusive",India,4
2018-11-01,"AQ Gamer 3","Atliq Exclusive",India,4
2018-11-01,"AQ Gamer 3","Atliq Exclusive",India,5
2018-11-01,"AQ Smash 1","Atliq Exclusive",India,2
2018-11-01,"AQ Smash 1","Atliq Exclusive",India,6
2018-11-01,"AQ Smash 1","Atliq Exclusive",India,3
2018-11-01,"AQ Smash 1","Atliq Exclusive",India,2
2018-11-01,"AQ Smash 1","Atliq Exclusive",India,4
2018-11-01,"AQ Smash 1","Atliq Exclusive",India,4
2018-11-01,"AQ Smash 1","Atliq Exclusive",India,4
2018-11-01,"AQ Smash 1","Atliq Exclusive",India,2
2018-11-01,"AQ Smash 1","Atliq Exclusive",India,4
2018-11-01,"AQ Smash 1","Atliq Exclusive",India,4
2018-11-01,"AQ Digit SSD","Atliq Exclusive",India,313
2018-11-01,"AQ Digit SSD","Atliq Exclusive",India,757
2018-11-01,"AQ Digit SSD","Atliq Exclusive",India,254
2018-11-01,"AQ Digit SSD","Atliq Exclusive",India,1122
2018-11-01,"AQ Digit SSD","Atliq Exclusive",India,1457
2018-11-01,"AQ Digit SSD","Atliq Exclusive",India,558
2018-11-01,"AQ Neuer SSD","Atliq Exclusive",India,369
2018-11-01,"AQ Neuer SSD","Atliq Exclusive",India,1336
2018-11-01,"AQ Neuer SSD","Atliq Exclusive",India,353
2018-11-01,"AQ Neuer SSD","Atliq Exclusive",India,757
2018-11-01,"AQ Neuer SSD","Atliq Exclusive",India,1541
2018-11-01,"AQ Neuer SSD","Atliq Exclusive",India,940
2018-11-01,"AQ Wi Power Dx1","Atliq Exclusive",India,1137
2018-11-01,"AQ Wi Power Dx1","Atliq Exclusive",India,1233
2018-11-01,"AQ Wi Power Dx1","Atliq Exclusive",India,1388
2018-11-01,"AQ Wi Power Dx1","Atliq Exclusive",India,1079
2018-11-01,"AQ Wi Power Dx1","Atliq Exclusive",India,800
2018-11-01,"AQ Wi Power Dx1","Atliq Exclusive",India,194
2018-11-01,"AQ Wi Power Dx2","Atliq Exclusive",India,1384
2018-11-01,"AQ Wi Power Dx2","Atliq Exclusive",India,384
2018-12-01,"AQ Dracula HDD – 3.5 Inch SATA 6 Gb/s 5400 RPM 256 MB Cache","Atliq Exclusive",India,111
2018-12-01,"AQ Dracula HDD – 3.5 Inch SATA 6 Gb/s 5400 RPM 256 MB Cache","Atliq Exclusive",India,40
2018-12-01,"AQ Dracula HDD – 3.5 Inch SATA 6 Gb/s 5400 RPM 256 MB Cache","Atliq Exclusive",India,108
2018-12-01,"AQ Dracula HDD – 3.5 Inch SATA 6 Gb/s 5400 RPM 256 MB Cache","Atliq Exclusive",India,185
2018-12-01,"AQ WereWolf NAS Internal Hard Drive HDD – 8.89 cm","Atliq Exclusive",India,146
2018-12-01,"AQ WereWolf NAS Internal Hard Drive HDD – 8.89 cm","Atliq Exclusive",India,118
2018-12-01,"AQ Mforce Gen X","Atliq Exclusive",India,30
2018-12-01,"AQ Mforce Gen X","Atliq Exclusive",India,53
2018-12-01,"AQ Mforce Gen X","Atliq Exclusive",India,85
2018-12-01,"AQ Mforce Gen X","Atliq Exclusive",India,74
2018-12-01,"AQ Mforce Gen X","Atliq Exclusive",India,22
2018-12-01,"AQ Mforce Gen X","Atliq Exclusive",India,90
2018-12-01,"AQ Mforce Gen X","Atliq Exclusive",India,119
2018-12-01,"AQ Mforce Gen X","Atliq Exclusive",India,46
2018-12-01,"AQ Mforce Gen Y","Atliq Exclusive",India,115
2018-12-01,"AQ Mforce Gen Y","Atliq Exclusive",India,54
2018-12-01,"AQ Mforce Gen Y","Atliq Exclusive",India,147
2018-12-01,"AQ Mforce Gen Y","Atliq Exclusive",India,136
2018-12-01,"AQ Mforce Gen Y","Atliq Exclusive",India,172
2018-12-01,"AQ Mforce Gen Y","Atliq Exclusive",India,75
2018-12-01,"AQ Mforce Gen Y","Atliq Exclusive",India,107
2018-12-01,"AQ Mforce Gen Y","Atliq Exclusive",India,166
2018-12-01,"AQ 5000 Series Electron 9 5900X Desktop Processor","Atliq Exclusive",India,78
2018-12-01,"AQ 5000 Series Electron 9 5900X Desktop Processor","Atliq Exclusive",India,38
2018-12-01,"AQ 5000 Series Electron 9 5900X Desktop Processor","Atliq Exclusive",India,29
2018-12-01,"AQ 5000 Series Electron 8 5900X Desktop Processor","Atliq Exclusive",India,64
2018-12-01,"AQ 5000 Series Electron 8 5900X Desktop Processor","Atliq Exclusive",India,18
2018-12-01,"AQ 5000 Series Electron 8 5900X Desktop Processor","Atliq Exclusive",India,57
2018-12-01,"AQ 5000 Series Ultron 8 5900X Desktop Processor","Atliq Exclusive",India,62
2018-12-01,"AQ 5000 Series Ultron 8 5900X Desktop Processor","Atliq Exclusive",India,108
2018-12-01,"AQ 5000 Series Ultron 8 5900X Desktop Processor","Atliq Exclusive",India,17
2018-12-01,"AQ MB Elite","Atliq Exclusive",India,6
2018-12-01,"AQ MB Elite","Atliq Exclusive",India,3
2018-12-01,"AQ MB Elite","Atliq Exclusive",India,9
2018-12-01,"AQ MB Elite","Atliq Exclusive",India,4
2018-12-01,"AQ MB Crossx","Atliq Exclusive",India,4
2018-12-01,"AQ MB Crossx","Atliq Exclusive",India,16
2018-12-01,"AQ MB Crossx","Atliq Exclusive",India,17
2018-12-01,"AQ MB Crossx","Atliq Exclusive",India,5
2018-12-01,"AQ MB Crossx 2","Atliq Exclusive",India,9
2018-12-01,"AQ Master wired x1 Ms","Atliq Exclusive",India,222
2018-12-01,"AQ Master wired x1 Ms","Atliq Exclusive",India,905
2018-12-01,"AQ Master wired x1 Ms","Atliq Exclusive",India,555
2018-12-01,"AQ Master wired x1 Ms","Atliq Exclusive",India,454
2018-12-01,"AQ Master wired x1 Ms","Atliq Exclusive",India,1091
2018-12-01,"AQ Master wired x1 Ms","Atliq Exclusive",India,970
2018-12-01,"AQ Master wireless x1 Ms","Atliq Exclusive",India,435
2018-12-01,"AQ Master wireless x1 Ms","Atliq Exclusive",India,599
2018-12-01,"AQ Master wireless x1 Ms","Atliq Exclusive",India,349
2018-12-01,"AQ Master wireless x1 Ms","Atliq Exclusive",India,490
2018-12-01,"AQ Master wireless x1 Ms","Atliq Exclusive",India,773
2018-12-01,"AQ Master wireless x1 Ms","Atliq Exclusive",India,848
2018-12-01,"AQ Gamers Ms","Atliq Exclusive",India,826
2018-12-01,"AQ Gamers Ms","Atliq Exclusive",India,810
2018-12-01,"AQ Gamers Ms","Atliq Exclusive",India,740
2018-12-01,"AQ Gamers Ms","Atliq Exclusive",India,880
2018-12-01,"AQ Gamers Ms","Atliq Exclusive",India,235
2018-12-01,"AQ Master wired x1","Atliq Exclusive",India,213
2018-12-01,"AQ Master wired x1","Atliq Exclusive",India,337
2018-12-01,"AQ Master wired x1","Atliq Exclusive",India,645
2018-12-01,"AQ Master wired x1","Atliq Exclusive",India,358
2018-12-01,"AQ Master wired x1","Atliq Exclusive",India,739
2018-12-01,"AQ Master wired x1","Atliq Exclusive",India,325
2018-12-01,"AQ Master wireless x1","Atliq Exclusive",India,850
2018-12-01,"AQ Master wireless x1","Atliq Exclusive",India,479
2018-12-01,"AQ Master wireless x1","Atliq Exclusive",India,368
2018-12-01,"AQ Master wireless x1","Atliq Exclusive",India,754
2018-12-01,"AQ Master wireless x1","Atliq Exclusive",India,261
2018-12-01,"AQ Master wireless x1","Atliq Exclusive",India,513
2018-12-01,"AQ Gamers ","Atliq Exclusive",India,366
2018-12-01,"AQ Gamers ","Atliq Exclusive",India,726
2018-12-01,"AQ Gamers ","Atliq Exclusive",India,441
2018-12-01,"AQ Gamers ","Atliq Exclusive",India,594
2018-12-01,"AQ Gamers ","Atliq Exclusive",India,555
2018-12-01,"AQ Gamers ","Atliq Exclusive",India,359
2018-12-01,"AQ Lite","Atliq Exclusive",India,325
2018-12-01,"AQ Lite","Atliq Exclusive",India,567
2018-12-01,"AQ Aspiron","Atliq Exclusive",India,10
2018-12-01,"AQ Aspiron","Atliq Exclusive",India,5
2018-12-01,"AQ Aspiron","Atliq Exclusive",India,25
2018-12-01,"AQ Aspiron","Atliq Exclusive",India,15
2018-12-01,"AQ Aspiron","Atliq Exclusive",India,23
2018-12-01,"AQ Aspiron","Atliq Exclusive",India,7
2018-12-01,"AQ Aspiron","Atliq Exclusive",India,7
2018-12-01,"AQ Digit","Atliq Exclusive",India,11
2018-12-01,"AQ Digit","Atliq Exclusive",India,8
2018-12-01,"AQ Digit","Atliq Exclusive",India,16
2018-12-01,"AQ Digit","Atliq Exclusive",India,13
2018-12-01,"AQ Digit","Atliq Exclusive",India,23
2018-12-01,"AQ Digit","Atliq Exclusive",India,6
2018-12-01,"AQ Digit","Atliq Exclusive",India,23
2018-12-01,"AQ Digit","Atliq Exclusive",India,24
2018-12-01,"AQ Velocity","Atliq Exclusive",India,6
2018-12-01,"AQ Velocity","Atliq Exclusive",India,14
2018-12-01,"AQ Velocity","Atliq Exclusive",India,17
2018-12-01,"AQ Velocity","Atliq Exclusive",India,22
2018-12-01,"AQ Velocity","Atliq Exclusive",India,17
2018-12-01,"AQ Velocity","Atliq Exclusive",India,20
2018-12-01,"AQ Elite","Atliq Exclusive",India,21
2018-12-01,"AQ Elite","Atliq Exclusive",India,20
2018-12-01,"AQ Elite","Atliq Exclusive",India,18
2018-12-01,"AQ BZ 101","Atliq Exclusive",India,11
2018-12-01,"AQ BZ 101","Atliq Exclusive",India,4
2018-12-01,"AQ BZ 101","Atliq Exclusive",India,10
2018-12-01,"AQ BZ 101","Atliq Exclusive",India,12
2018-12-01,"AQ BZ Compact","Atliq Exclusive",India,9
2018-12-01,"AQ BZ Compact","Atliq Exclusive",India,10
2018-12-01,"AQ BZ Compact","Atliq Exclusive",India,11
2018-12-01,"AQ BZ Compact","Atliq Exclusive",India,7
2018-12-01,"AQ BZ Compact","Atliq Exclusive",India,18
2018-12-01,"AQ BZ Compact","Atliq Exclusive",India,16
2018-12-01,"AQ BZ Compact","Atliq Exclusive",India,15
2018-12-01,"AQ BZ Compact","Atliq Exclusive",India,15
2018-12-01,"AQ BZ Gen Y","Atliq Exclusive",India,14
2018-12-01,"AQ BZ Gen Y","Atliq Exclusive",India,13
2018-12-01,"AQ BZ Gen Y","Atliq Exclusive",India,6
2018-12-01,"AQ BZ Gen Y","Atliq Exclusive",India,5
2018-12-01,"AQ Gamer 1","Atliq Exclusive",India,2
2018-12-01,"AQ Gamer 1","Atliq Exclusive",India,6
2018-12-01,"AQ Gamer 1","Atliq Exclusive",India,5
2018-12-01,"AQ Gamer 1","Atliq Exclusive",India,3
2018-12-01,"AQ Gamer 1","Atliq Exclusive",India,2
2018-12-01,"AQ Gamer 1","Atliq Exclusive",India,5
2018-12-01,"AQ Gamer 1","Atliq Exclusive",India,6
2018-12-01,"AQ Gamer 1","Atliq Exclusive",India,2
2018-12-01,"AQ Gamer 2","Atliq Exclusive",India,2
2018-12-01,"AQ Gamer 2","Atliq Exclusive",India,1
2018-12-01,"AQ Gamer 2","Atliq Exclusive",India,6
2018-12-01,"AQ Gamer 2","Atliq Exclusive",India,4
2018-12-01,"AQ Gamer 2","Atliq Exclusive",India,5
2018-12-01,"AQ Gamer 2","Atliq Exclusive",India,5
2018-12-01,"AQ Gamer 2","Atliq Exclusive",India,2
2018-12-01,"AQ Gamer 2","Atliq Exclusive",India,3
2018-12-01,"AQ Gamer 3","Atliq Exclusive",India,6
2018-12-01,"AQ Gamer 3","Atliq Exclusive",India,3
2018-12-01,"AQ Gamer 3","Atliq Exclusive",India,1
2018-12-01,"AQ Gamer 3","Atliq Exclusive",India,5
2018-12-01,"AQ Gamer 3","Atliq Exclusive",India,4
2018-12-01,"AQ Gamer 3","Atliq Exclusive",India,1
2018-12-01,"AQ Gamer 3","Atliq Exclusive",India,2
2018-12-01,"AQ Gamer 3","Atliq Exclusive",India,3
2018-12-01,"AQ Smash 1","Atliq Exclusive",India,3
2018-12-01,"AQ Smash 1","Atliq Exclusive",India,5
2018-12-01,"AQ Smash 1","Atliq Exclusive",India,5
2018-12-01,"AQ Smash 1","Atliq Exclusive",India,4
2018-12-01,"AQ Smash 1","Atliq Exclusive",India,2
2018-12-01,"AQ Digit SSD","Atliq Exclusive",India,1441
2018-12-01,"AQ Digit SSD","Atliq Exclusive",India,1067
2018-12-01,"AQ Digit SSD","Atliq Exclusive",India,210
2018-12-01,"AQ Neuer SSD","Atliq Exclusive",India,1340
2018-12-01,"AQ Neuer SSD","Atliq Exclusive",India,1586
2018-12-01,"AQ Neuer SSD","Atliq Exclusive",India,1011
2018-12-01,"AQ Wi Power Dx1","Atliq Exclusive",India,596
2018-12-01,"AQ Wi Power Dx1","Atliq Exclusive",India,421
2018-12-01,"AQ Wi Power Dx1","Atliq Exclusive",India,1078
2018-12-01,"AQ Wi Power Dx2","Atliq Exclusive",India,292
2019-01-01,"AQ Dracula HDD – 3.5 Inch SATA 6 Gb/s 5400 RPM 256 MB Cache","Atliq Exclusive",India,50
2019-01-01,"AQ Dracula HDD – 3.5 Inch SATA 6 Gb/s 5400 RPM 256 MB Cache","Atliq Exclusive",India,23
2019-01-01,"AQ Dracula HDD – 3.5 Inch SATA 6 Gb/s 5400 RPM 256 MB Cache","Atliq Exclusive",India,118
2019-01-01,"AQ Dracula HDD – 3.5 Inch SATA 6 Gb/s 5400 RPM 256 MB Cache","Atliq Exclusive",India,99
2019-01-01,"AQ Dracula HDD – 3.5 Inch SATA 6 Gb/s 5400 RPM 256 MB Cache","Atliq Exclusive",India,96
2019-01-01,"AQ Dracula HDD – 3.5 Inch SATA 6 Gb/s 5400 RPM 256 MB Cache","Atliq Exclusive",India,44
2019-01-01,"AQ Dracula HDD – 3.5 Inch SATA 6 Gb/s 5400 RPM 256 MB Cache","Atliq Exclusive",India,129
2019-01-01,"AQ Dracula HDD – 3.5 Inch SATA 6 Gb/s 5400 RPM 256 MB Cache","Atliq Exclusive",India,118
2019-01-01,"AQ WereWolf NAS Internal Hard Drive HDD – 8.89 cm","Atliq Exclusive",India,117
2019-01-01,"AQ WereWolf NAS Internal Hard Drive HDD – 8.89 cm","Atliq Exclusive",India,20
2019-01-01,"AQ WereWolf NAS Internal Hard Drive HDD – 8.89 cm","Atliq Exclusive",India,47
2019-01-01,"AQ WereWolf NAS Internal Hard Drive HDD – 8.89 cm","Atliq Exclusive",India,73
2019-01-01,"AQ Mforce Gen X","Atliq Exclusive",India,40
2019-01-01,"AQ Mforce Gen X","Atliq Exclusive",India,46
2019-01-01,"AQ Mforce Gen X","Atliq Exclusive",India,69
2019-01-01,"AQ Mforce Gen X","Atliq Exclusive",India,76
2019-01-01,"AQ Mforce Gen X","Atliq Exclusive",India,70
2019-01-01,"AQ Mforce Gen X","Atliq Exclusive",India,27
2019-01-01,"AQ Mforce Gen X","Atliq Exclusive",India,102
2019-01-01,"AQ Mforce Gen X","Atliq Exclusive",India,37
2019-01-01,"AQ Mforce Gen X","Atliq Exclusive",India,87
2019-01-01,"AQ Mforce Gen X","Atliq Exclusive",India,40
2019-01-01,"AQ Mforce Gen X","Atliq Exclusive",India,41
2019-01-01,"AQ Mforce Gen X","Atliq Exclusive",India,87
2019-01-01,"AQ Mforce Gen X","Atliq Exclusive",India,95
2019-01-01,"AQ Mforce Gen X","Atliq Exclusive",India,32
2019-01-01,"AQ Mforce Gen X","Atliq Exclusive",India,62
2019-01-01,"AQ Mforce Gen X","Atliq Exclusive",India,78
2019-01-01,"AQ Mforce Gen Y","Atliq Exclusive",India,68
2019-01-01,"AQ Mforce Gen Y","Atliq Exclusive",India,92
2019-01-01,"AQ Mforce Gen Y","Atliq Exclusive",India,36
2019-01-01,"AQ Mforce Gen Y","Atliq Exclusive",India,47
2019-01-01,"AQ Mforce Gen Y","Atliq Exclusive",India,29
2019-01-01,"AQ Mforce Gen Y","Atliq Exclusive",India,32
2019-01-01,"AQ Mforce Gen Y","Atliq Exclusive",India,42
2019-01-01,"AQ Mforce Gen Y","Atliq Exclusive",India,69
2019-01-01,"AQ Mforce Gen Y","Atliq Exclusive",India,33
2019-01-01,"AQ Mforce Gen Y","Atliq Exclusive",India,28
2019-01-01,"AQ Mforce Gen Y","Atliq Exclusive",India,19
2019-01-01,"AQ Mforce Gen Y","Atliq Exclusive",India,33
2019-01-01,"AQ Mforce Gen Y","Atliq Exclusive",India,87
2019-01-01,"AQ Mforce Gen Y","Atliq Exclusive",India,40
2019-01-01,"AQ Mforce Gen Y","Atliq Exclusive",India,30
2019-01-01,"AQ Mforce Gen Y","Atliq Exclusive",India,35
2019-01-01,"AQ 5000 Series Electron 9 5900X Desktop Processor","Atliq Exclusive",India,20
2019-01-01,"AQ 5000 Series Electron 9 5900X Desktop Processor","Atliq Exclusive",India,18
2019-01-01,"AQ 5000 Series Electron 9 5900X Desktop Processor","Atliq Exclusive",India,56
2019-01-01,"AQ 5000 Series Electron 9 5900X Desktop Processor","Atliq Exclusive",India,54
2019-01-01,"AQ 5000 Series Electron 9 5900X Desktop Processor","Atliq Exclusive",India,22
2019-01-01,"AQ 5000 Series Electron 9 5900X Desktop Processor","Atliq Exclusive",India,50
2019-01-01,"AQ 5000 Series Electron 8 5900X Desktop Processor","Atliq Exclusive",India,30
2019-01-01,"AQ 5000 Series Electron 8 5900X Desktop Processor","Atliq Exclusive",India,12
2019-01-01,"AQ 5000 Series Electron 8 5900X Desktop Processor","Atliq Exclusive",India,16
2019-01-01,"AQ 5000 Series Electron 8 5900X Desktop Processor","Atliq Exclusive",India,28
2019-01-01,"AQ 5000 Series Electron 8 5900X Desktop Processor","Atliq Exclusive",India,33
2019-01-01,"AQ 5000 Series Electron 8 5900X Desktop Processor","Atliq Exclusive",India,37
2019-01-01,"AQ 5000 Series Ultron 8 5900X Desktop Processor","Atliq Exclusive",India,16
2019-01-01,"AQ 5000 Series Ultron 8 5900X Desktop Processor","Atliq Exclusive",India,18
2019-01-01,"AQ 5000 Series Ultron 8 5900X Desktop Processor","Atliq Exclusive",India,18
2019-01-01,"AQ 5000 Series Ultron 8 5900X Desktop Processor","Atliq Exclusive",India,8
2019-01-01,"AQ 5000 Series Ultron 8 5900X Desktop Processor","Atliq Exclusive",India,17
2019-01-01,"AQ 5000 Series Ultron 8 5900X Desktop Processor","Atliq Exclusive",India,57
2019-01-01,"AQ MB Elite","Atliq Exclusive",India,5
2019-01-01,"AQ MB Elite","Atliq Exclusive",India,6
2019-01-01,"AQ MB Elite","Atliq Exclusive",India,3
2019-01-01,"AQ MB Elite","Atliq Exclusive",India,3
2019-01-01,"AQ MB Elite","Atliq Exclusive",India,3
2019-01-01,"AQ MB Elite","Atliq Exclusive",India,4
2019-01-01,"AQ MB Elite","Atliq Exclusive",India,4
2019-01-01,"AQ MB Elite","Atliq Exclusive",India,4
2019-01-01,"AQ MB Crossx","Atliq Exclusive",India,10
2019-01-01,"AQ MB Crossx","Atliq Exclusive",India,1
2019-01-01,"AQ MB Crossx","Atliq Exclusive",India,8
2019-01-01,"AQ MB Crossx","Atliq Exclusive",India,5
2019-01-01,"AQ MB Crossx","Atliq Exclusive",India,11
2019-01-01,"AQ MB Crossx","Atliq Exclusive",India,4
2019-01-01,"AQ MB Crossx","Atliq Exclusive",India,7
2019-01-01,"AQ MB Crossx","Atliq Exclusive",India,2
2019-01-01,"AQ MB Crossx 2","Atliq Exclusive",India,7
2019-01-01,"AQ MB Crossx 2","Atliq Exclusive",India,7
2019-01-01,"AQ Master wired x1 Ms","Atliq Exclusive",India,289
2019-01-01,"AQ Master wired x1 Ms","Atliq Exclusive",India,390
2019-01-01,"AQ Master wired x1 Ms","Atliq Exclusive",India,388
2019-01-01,"AQ Master wired x1 Ms","Atliq Exclusive",India,460
2019-01-01,"AQ Master wired x1 Ms","Atliq Exclusive",India,551
2019-01-01,"AQ Master wired x1 Ms","Atliq Exclusive",India,282
2019-01-01,"AQ Master wired x1 Ms","Atliq Exclusive",India,285
2019-01-01,"AQ Master wired x1 Ms","Atliq Exclusive",India,398
2019-01-01,"AQ Master wired x1 Ms","Atliq Exclusive",India,471
2019-01-01,"AQ Master wired x1 Ms","Atliq Exclusive",India,188
2019-01-01,"AQ Master wired x1 Ms","Atliq Exclusive",India,320
2019-01-01,"AQ Master wired x1 Ms","Atliq Exclusive",India,327
2019-01-01,"AQ Master wireless x1 Ms","Atliq Exclusive",India,116
2019-01-01,"AQ Master wireless x1 Ms","Atliq Exclusive",India,549
2019-01-01,"AQ Master wireless x1 Ms","Atliq Exclusive",India,543
2019-01-01,"AQ Master wireless x1 Ms","Atliq Exclusive",India,61
2019-01-01,"AQ Master wireless x1 Ms","Atliq Exclusive",India,231
2019-01-01,"AQ Master wireless x1 Ms","Atliq Exclusive",India,252
2019-01-01,"AQ Master wireless x1 Ms","Atliq Exclusive",India,270
2019-01-01,"AQ Master wireless x1 Ms","Atliq Exclusive",India,587
2019-01-01,"AQ Master wireless x1 Ms","Atliq Exclusive",India,539
2019-01-01,"AQ Master wireless x1 Ms","Atliq Exclusive",India,554
2019-01-01,"AQ Master wireless x1 Ms","Atliq Exclusive",India,377
2019-01-01,"AQ Master wireless x1 Ms","Atliq Exclusive",India,121
2019-01-01,"AQ Gamers Ms","Atliq Exclusive",India,495
2019-01-01,"AQ Gamers Ms","Atliq Exclusive",India,74
2019-01-01,"AQ Gamers Ms","Atliq Exclusive",India,400
2019-01-01,"AQ Gamers Ms","Atliq Exclusive",India,99
2019-01-01,"AQ Gamers Ms","Atliq Exclusive",India,401
2019-01-01,"AQ Gamers Ms","Atliq Exclusive",India,201
2019-01-01,"AQ Gamers Ms","Atliq Exclusive",India,406
2019-01-01,"AQ Gamers Ms","Atliq Exclusive",India,468
2019-01-01,"AQ Gamers Ms","Atliq Exclusive",India,328
2019-01-01,"AQ Gamers Ms","Atliq Exclusive",India,220
2019-01-01,"AQ Master wired x1","Atliq Exclusive",India,269
2019-01-01,"AQ Master wired x1","Atliq Exclusive",India,259
2019-01-01,"AQ Master wired x1","Atliq Exclusive",India,155
2019-01-01,"AQ Master wired x1","Atliq Exclusive",India,62
2019-01-01,"AQ Master wired x1","Atliq Exclusive",India,449
2019-01-01,"AQ Master wired x1","Atliq Exclusive",India,310
2019-01-01,"AQ Master wired x1","Atliq Exclusive",India,459
2019-01-01,"AQ Master wired x1","Atliq Exclusive",India,466
2019-01-01,"AQ Master wired x1","Atliq Exclusive",India,183
2019-01-01,"AQ Master wired x1","Atliq Exclusive",India,202
2019-01-01,"AQ Master wired x1","Atliq Exclusive",India,360
2019-01-01,"AQ Master wired x1","Atliq Exclusive",India,390
2019-01-01,"AQ Master wireless x1","Atliq Exclusive",India,332
2019-01-01,"AQ Master wireless x1","Atliq Exclusive",India,55
2019-01-01,"AQ Master wireless x1","Atliq Exclusive",India,298
2019-01-01,"AQ Master wireless x1","Atliq Exclusive",India,326
2019-01-01,"AQ Master wireless x1","Atliq Exclusive",India,403
2019-01-01,"AQ Master wireless x1","Atliq Exclusive",India,375
2019-01-01,"AQ Master wireless x1","Atliq Exclusive",India,218
2019-01-01,"AQ Master wireless x1","Atliq Exclusive",India,191
2019-01-01,"AQ Master wireless x1","Atliq Exclusive",India,431
2019-01-01,"AQ Master wireless x1","Atliq Exclusive",India,121
2019-01-01,"AQ Master wireless x1","Atliq Exclusive",India,110
2019-01-01,"AQ Master wireless x1","Atliq Exclusive",India,97
2019-01-01,"AQ Gamers ","Atliq Exclusive",India,79
2019-01-01,"AQ Gamers ","Atliq Exclusive",India,453
2019-01-01,"AQ Gamers ","Atliq Exclusive",India,151
2019-01-01,"AQ Gamers ","Atliq Exclusive",India,85
2019-01-01,"AQ Gamers ","Atliq Exclusive",India,126
2019-01-01,"AQ Gamers ","Atliq Exclusive",India,451
2019-01-01,"AQ Gamers ","Atliq Exclusive",India,147
2019-01-01,"AQ Gamers ","Atliq Exclusive",India,172
2019-01-01,"AQ Gamers ","Atliq Exclusive",India,255
2019-01-01,"AQ Gamers ","Atliq Exclusive",India,423
2019-01-01,"AQ Gamers ","Atliq Exclusive",India,331
2019-01-01,"AQ Gamers ","Atliq Exclusive",India,342
2019-01-01,"AQ Lite","Atliq Exclusive",India,323
2019-01-01,"AQ Lite","Atliq Exclusive",India,353
2019-01-01,"AQ Lite","Atliq Exclusive",India,188
2019-01-01,"AQ Lite","Atliq Exclusive",India,239
2019-01-01,"AQ Aspiron","Atliq Exclusive",India,7
2019-01-01,"AQ Aspiron","Atliq Exclusive",India,6
2019-01-01,"AQ Aspiron","Atliq Exclusive",India,7
2019-01-01,"AQ Aspiron","Atliq Exclusive",India,5
2019-01-01,"AQ Aspiron","Atliq Exclusive",India,10
2019-01-01,"AQ Aspiron","Atliq Exclusive",India,12
2019-01-01,"AQ Aspiron","Atliq Exclusive",India,5
2019-01-01,"AQ Aspiron","Atliq Exclusive",India,13
2019-01-01,"AQ Aspiron","Atliq Exclusive",India,5
2019-01-01,"AQ Aspiron","Atliq Exclusive",India,9
2019-01-01,"AQ Aspiron","Atliq Exclusive",India,14
2019-01-01,"AQ Aspiron","Atliq Exclusive",India,3
2019-01-01,"AQ Aspiron","Atliq Exclusive",India,15
2019-01-01,"AQ Aspiron","Atliq Exclusive",India,12
2019-01-01,"AQ Digit","Atliq Exclusive",India,8
2019-01-01,"AQ Digit","Atliq Exclusive",India,9
2019-01-01,"AQ Digit","Atliq Exclusive",India,11
2019-01-01,"AQ Digit","Atliq Exclusive",India,5
2019-01-01,"AQ Digit","Atliq Exclusive",India,8
2019-01-01,"AQ Digit","Atliq Exclusive",India,7
2019-01-01,"AQ Digit","Atliq Exclusive",India,12
2019-01-01,"AQ Digit","Atliq Exclusive",India,9
2019-01-01,"AQ Digit","Atliq Exclusive",India,10
2019-01-01,"AQ Digit","Atliq Exclusive",India,11
2019-01-01,"AQ Digit","Atliq Exclusive",India,7
2019-01-01,"AQ Digit","Atliq Exclusive",India,9
2019-01-01,"AQ Digit","Atliq Exclusive",India,12
2019-01-01,"AQ Digit","Atliq Exclusive",India,4
2019-01-01,"AQ Digit","Atliq Exclusive",India,12
2019-01-01,"AQ Digit","Atliq Exclusive",India,15
2019-01-01,"AQ Velocity","Atliq Exclusive",India,10
2019-01-01,"AQ Velocity","Atliq Exclusive",India,6
2019-01-01,"AQ Velocity","Atliq Exclusive",India,15
2019-01-01,"AQ Velocity","Atliq Exclusive",India,6
2019-01-01,"AQ Velocity","Atliq Exclusive",India,4
2019-01-01,"AQ Velocity","Atliq Exclusive",India,6
2019-01-01,"AQ Velocity","Atliq Exclusive",India,11
2019-01-01,"AQ Velocity","Atliq Exclusive",India,13
2019-01-01,"AQ Velocity","Atliq Exclusive",India,10
2019-01-01,"AQ Velocity","Atliq Exclusive",India,9
2019-01-01,"AQ Velocity","Atliq Exclusive",India,11
2019-01-01,"AQ Velocity","Atliq Exclusive",India,3
2019-01-01,"AQ Elite","Atliq Exclusive",India,13
2019-01-01,"AQ Elite","Atliq Exclusive",India,5
2019-01-01,"AQ Elite","Atliq Exclusive",India,12
2019-01-01,"AQ Elite","Atliq Exclusive",India,9
2019-01-01,"AQ Elite","Atliq Exclusive",India,9
2019-01-01,"AQ Elite","Atliq Exclusive",India,12
2019-01-01,"AQ BZ 101","Atliq Exclusive",India,10
2019-01-01,"AQ BZ 101","Atliq Exclusive",India,5
2019-01-01,"AQ BZ 101","Atliq Exclusive",India,4
2019-01-01,"AQ BZ 101","Atliq Exclusive",India,10
2019-01-01,"AQ BZ 101","Atliq Exclusive",India,8
2019-01-01,"AQ BZ 101","Atliq Exclusive",India,6
2019-01-01,"AQ BZ 101","Atliq Exclusive",India,5
2019-01-01,"AQ BZ 101","Atliq Exclusive",India,8
2019-01-01,"AQ BZ Compact","Atliq Exclusive",India,4
2019-01-01,"AQ BZ Compact","Atliq Exclusive",India,4
2019-01-01,"AQ BZ Compact","Atliq Exclusive",India,4
2019-01-01,"AQ BZ Compact","Atliq Exclusive",India,3
2019-01-01,"AQ BZ Compact","Atliq Exclusive",India,2
2019-01-01,"AQ BZ Compact","Atliq Exclusive",India,5
2019-01-01,"AQ BZ Compact","Atliq Exclusive",India,2
2019-01-01,"AQ BZ Compact","Atliq Exclusive",India,6
2019-01-01,"AQ BZ Compact","Atliq Exclusive",India,5
2019-01-01,"AQ BZ Compact","Atliq Exclusive",India,9
2019-01-01,"AQ BZ Compact","Atliq Exclusive",India,5
2019-01-01,"AQ BZ Compact","Atliq Exclusive",India,9
2019-01-01,"AQ BZ Compact","Atliq Exclusive",India,4
2019-01-01,"AQ BZ Compact","Atliq Exclusive",India,7
2019-01-01,"AQ BZ Compact","Atliq Exclusive",India,7
2019-01-01,"AQ BZ Compact","Atliq Exclusive",India,9
2019-01-01,"AQ BZ Gen Y","Atliq Exclusive",India,7
2019-01-01,"AQ BZ Gen Y","Atliq Exclusive",India,3
2019-01-01,"AQ BZ Gen Y","Atliq Exclusive",India,2
2019-01-01,"AQ BZ Gen Y","Atliq Exclusive",India,3
2019-01-01,"AQ BZ Gen Y","Atliq Exclusive",India,6
2019-01-01,"AQ BZ Gen Y","Atliq Exclusive",India,10
2019-01-01,"AQ BZ Gen Y","Atliq Exclusive",India,3
2019-01-01,"AQ BZ Gen Y","Atliq Exclusive",India,4
2019-01-01,"AQ Gamer 1","Atliq Exclusive",India,2
2019-01-01,"AQ Gamer 1","Atliq Exclusive",India,2
2019-01-01,"AQ Gamer 1","Atliq Exclusive",India,3
2019-01-01,"AQ Gamer 1","Atliq Exclusive",India,3
2019-01-01,"AQ Gamer 1","Atliq Exclusive",India,1
2019-01-01,"AQ Gamer 1","Atliq Exclusive",India,2
2019-01-01,"AQ Gamer 1","Atliq Exclusive",India,1
2019-01-01,"AQ Gamer 1","Atliq Exclusive",India,1
2019-01-01,"AQ Gamer 1","Atliq Exclusive",India,1
2019-01-01,"AQ Gamer 1","Atliq Exclusive",India,2
2019-01-01,"AQ Gamer 1","Atliq Exclusive",India,1
2019-01-01,"AQ Gamer 1","Atliq Exclusive",India,2
2019-01-01,"AQ Gamer 1","Atliq Exclusive",India,1
2019-01-01,"AQ Gamer 1","Atliq Exclusive",India,1
2019-01-01,"AQ Gamer 1","Atliq Exclusive",India,3
2019-01-01,"AQ Gamer 1","Atliq Exclusive",India,1
2019-01-01,"AQ Gamer 2","Atliq Exclusive",India,1
2019-01-01,"AQ Gamer 2","Atliq Exclusive",India,1
2019-01-01,"AQ Gamer 2","Atliq Exclusive",India,3
2019-01-01,"AQ Gamer 2","Atliq Exclusive",India,3
2019-01-01,"AQ Gamer 2","Atliq Exclusive",India,2
2019-01-01,"AQ Gamer 2","Atliq Exclusive",India,1
2019-01-01,"AQ Gamer 2","Atliq Exclusive",India,3
2019-01-01,"AQ Gamer 2","Atliq Exclusive",India,2
2019-01-01,"AQ Gamer 2","Atliq Exclusive",India,1
2019-01-01,"AQ Gamer 2","Atliq Exclusive",India,1
2019-01-01,"AQ Gamer 2","Atliq Exclusive",India,3
2019-01-01,"AQ Gamer 2","Atliq Exclusive",India,3
2019-01-01,"AQ Gamer 2","Atliq Exclusive",India,1
2019-01-01,"AQ Gamer 2","Atliq Exclusive",India,3
2019-01-01,"AQ Gamer 2","Atliq Exclusive",India,3
2019-01-01,"AQ Gamer 2","Atliq Exclusive",India,1
2019-01-01,"AQ Gamer 3","Atliq Exclusive",India,1
2019-01-01,"AQ Gamer 3","Atliq Exclusive",India,3
2019-01-01,"AQ Gamer 3","Atliq Exclusive",India,2
2019-01-01,"AQ Gamer 3","Atliq Exclusive",India,2
2019-01-01,"AQ Gamer 3","Atliq Exclusive",India,2
2019-01-01,"AQ Gamer 3","Atliq Exclusive",India,2
2019-01-01,"AQ Gamer 3","Atliq Exclusive",India,1
2019-01-01,"AQ Gamer 3","Atliq Exclusive",India,1
2019-01-01,"AQ Gamer 3","Atliq Exclusive",India,1
2019-01-01,"AQ Gamer 3","Atliq Exclusive",India,2
2019-01-01,"AQ Gamer 3","Atliq Exclusive",India,1
2019-01-01,"AQ Gamer 3","Atliq Exclusive",India,2
2019-01-01,"AQ Gamer 3","Atliq Exclusive",India,1
2019-01-01,"AQ Gamer 3","Atliq Exclusive",India,2
2019-01-01,"AQ Gamer 3","Atliq Exclusive",India,3
2019-01-01,"AQ Gamer 3","Atliq Exclusive",India,2
2019-01-01,"AQ Smash 1","Atliq Exclusive",India,2
2019-01-01,"AQ Smash 1","Atliq Exclusive",India,3
2019-01-01,"AQ Smash 1","Atliq Exclusive",India,1
2019-01-01,"AQ Smash 1","Atliq Exclusive",India,3
2019-01-01,"AQ Smash 1","Atliq Exclusive",India,3
2019-01-01,"AQ Smash 1","Atliq Exclusive",India,2
2019-01-01,"AQ Smash 1","Atliq Exclusive",India,1
2019-01-01,"AQ Smash 1","Atliq Exclusive",India,1
2019-01-01,"AQ Smash 1","Atliq Exclusive",India,2
2019-01-01,"AQ Smash 1","Atliq Exclusive",India,3
2019-01-01,"AQ Digit SSD","Atliq Exclusive",India,166
2019-01-01,"AQ Digit SSD","Atliq Exclusive",India,739
2019-01-01,"AQ Digit SSD","Atliq Exclusive",India,547
2019-01-01,"AQ Digit SSD","Atliq Exclusive",India,286
2019-01-01,"AQ Digit SSD","Atliq Exclusive",India,622
2019-01-01,"AQ Digit SSD","Atliq Exclusive",India,449
2019-01-01,"AQ Neuer SSD","Atliq Exclusive",India,372
2019-01-01,"AQ Neuer SSD","Atliq Exclusive",India,613
2019-01-01,"AQ Neuer SSD","Atliq Exclusive",India,772
2019-01-01,"AQ Neuer SSD","Atliq Exclusive",India,617
2019-01-01,"AQ Neuer SSD","Atliq Exclusive",India,584
2019-01-01,"AQ Neuer SSD","Atliq Exclusive",India,653
2019-01-01,"AQ Wi Power Dx1","Atliq Exclusive",India,949
2019-01-01,"AQ Wi Power Dx1","Atliq Exclusive",India,127
2019-01-01,"AQ Wi Power Dx1","Atliq Exclusive",India,152
2019-01-01,"AQ Wi Power Dx1","Atliq Exclusive",India,447
2019-01-01,"AQ Wi Power Dx1","Atliq Exclusive",India,831
2019-01-01,"AQ Wi Power Dx1","Atliq Exclusive",India,841
2019-01-01,"AQ Wi Power Dx2","Atliq Exclusive",India,1023
2019-01-01,"AQ Wi Power Dx2","Atliq Exclusive",India,591
2019-02-01,"AQ Dracula HDD – 3.5 Inch SATA 6 Gb/s 5400 RPM 256 MB Cache","Atliq Exclusive",India,84
2019-02-01,"AQ Dracula HDD – 3.5 Inch SATA 6 Gb/s 5400 RPM 256 MB Cache","Atliq Exclusive",India,95
2019-02-01,"AQ Dracula HDD – 3.5 Inch SATA 6 Gb/s 5400 RPM 256 MB Cache","Atliq Exclusive",India,114
2019-02-01,"AQ Dracula HDD – 3.5 Inch SATA 6 Gb/s 5400 RPM 256 MB Cache","Atliq Exclusive",India,68
2019-02-01,"AQ WereWolf NAS Internal Hard Drive HDD – 8.89 cm","Atliq Exclusive",India,110
2019-02-01,"AQ WereWolf NAS Internal Hard Drive HDD – 8.89 cm","Atliq Exclusive",India,92
2019-02-01,"AQ Mforce Gen X","Atliq Exclusive",India,79
2019-02-01,"AQ Mforce Gen X","Atliq Exclusive",India,56
2019-02-01,"AQ Mforce Gen X","Atliq Exclusive",India,94
2019-02-01,"AQ Mforce Gen X","Atliq Exclusive",India,15
2019-02-01,"AQ Mforce Gen X","Atliq Exclusive",India,16
2019-02-01,"AQ Mforce Gen X","Atliq Exclusive",India,93
2019-02-01,"AQ Mforce Gen X","Atliq Exclusive",India,58
2019-02-01,"AQ Mforce Gen X","Atliq Exclusive",India,40
2019-02-01,"AQ Mforce Gen Y","Atliq Exclusive",India,97
2019-02-01,"AQ Mforce Gen Y","Atliq Exclusive",India,58
2019-02-01,"AQ Mforce Gen Y","Atliq Exclusive",India,48
2019-02-01,"AQ Mforce Gen Y","Atliq Exclusive",India,72
2019-02-01,"AQ Mforce Gen Y","Atliq Exclusive",India,76
2019-02-01,"AQ Mforce Gen Y","Atliq Exclusive",India,82
2019-02-01,"AQ Mforce Gen Y","Atliq Exclusive",India,93
2019-02-01,"AQ Mforce Gen Y","Atliq Exclusive",India,44
2019-02-01,"AQ 5000 Series Electron 9 5900X Desktop Processor","Atliq Exclusive",India,11
2019-02-01,"AQ 5000 Series Electron 9 5900X Desktop Processor","Atliq Exclusive",India,59
2019-02-01,"AQ 5000 Series Electron 9 5900X Desktop Processor","Atliq Exclusive",India,13
2019-02-01,"AQ 5000 Series Electron 8 5900X Desktop Processor","Atliq Exclusive",India,56
2019-02-01,"AQ 5000 Series Electron 8 5900X Desktop Processor","Atliq Exclusive",India,9
2019-02-01,"AQ 5000 Series Electron 8 5900X Desktop Processor","Atliq Exclusive",India,51
2019-02-01,"AQ 5000 Series Ultron 8 5900X Desktop Processor","Atliq Exclusive",India,30
2019-02-01,"AQ 5000 Series Ultron 8 5900X Desktop Processor","Atliq Exclusive",India,31
2019-02-01,"AQ 5000 Series Ultron 8 5900X Desktop Processor","Atliq Exclusive",India,23
2019-02-01,"AQ MB Elite","Atliq Exclusive",India,5
2019-02-01,"AQ MB Elite","Atliq Exclusive",India,9
2019-02-01,"AQ MB Elite","Atliq Exclusive",India,8
2019-02-01,"AQ MB Elite","Atliq Exclusive",India,1
2019-02-01,"AQ MB Crossx","Atliq Exclusive",India,5
2019-02-01,"AQ MB Crossx","Atliq Exclusive",India,2
2019-02-01,"AQ MB Crossx","Atliq Exclusive",India,10
2019-02-01,"AQ MB Crossx","Atliq Exclusive",India,8
2019-02-01,"AQ MB Crossx 2","Atliq Exclusive",India,2
2019-02-01,"AQ Master wired x1 Ms","Atliq Exclusive",India,531
2019-02-01,"AQ Master wired x1 Ms","Atliq Exclusive",India,160
2019-02-01,"AQ Master wired x1 Ms","Atliq Exclusive",India,233
2019-02-01,"AQ Master wired x1 Ms","Atliq Exclusive",India,207
2019-02-01,"AQ Master wired x1 Ms","Atliq Exclusive",India,605
2019-02-01,"AQ Master wired x1 Ms","Atliq Exclusive",India,438
2019-02-01,"AQ Master wireless x1 Ms","Atliq Exclusive",India,91
2019-02-01,"AQ Master wireless x1 Ms","Atliq Exclusive",India,184
2019-02-01,"AQ Master wireless x1 Ms","Atliq Exclusive",India,216
2019-02-01,"AQ Master wireless x1 Ms","Atliq Exclusive",India,200
2019-02-01,"AQ Master wireless x1 Ms","Atliq Exclusive",India,122
2019-02-01,"AQ Master wireless x1 Ms","Atliq Exclusive",India,367
2019-02-01,"AQ Gamers Ms","Atliq Exclusive",India,456
2019-02-01,"AQ Gamers Ms","Atliq Exclusive",India,433
2019-02-01,"AQ Gamers Ms","Atliq Exclusive",India,305
2019-02-01,"AQ Gamers Ms","Atliq Exclusive",India,82
2019-02-01,"AQ Gamers Ms","Atliq Exclusive",India,470
2019-02-01,"AQ Master wired x1","Atliq Exclusive",India,318
2019-02-01,"AQ Master wired x1","Atliq Exclusive",India,62
2019-02-01,"AQ Master wired x1","Atliq Exclusive",India,432
2019-02-01,"AQ Master wired x1","Atliq Exclusive",India,333
2019-02-01,"AQ Master wired x1","Atliq Exclusive",India,220
2019-02-01,"AQ Master wired x1","Atliq Exclusive",India,153
2019-02-01,"AQ Master wireless x1","Atliq Exclusive",India,456
2019-02-01,"AQ Master wireless x1","Atliq Exclusive",India,208
2019-02-01,"AQ Master wireless x1","Atliq Exclusive",India,56
2019-02-01,"AQ Master wireless x1","Atliq Exclusive",India,309
2019-02-01,"AQ Master wireless x1","Atliq Exclusive",India,365
2019-02-01,"AQ Master wireless x1","Atliq Exclusive",India,350
2019-02-01,"AQ Gamers ","Atliq Exclusive",India,373
2019-02-01,"AQ Gamers ","Atliq Exclusive",India,79
2019-02-01,"AQ Gamers ","Atliq Exclusive",India,221
2019-02-01,"AQ Gamers ","Atliq Exclusive",India,412
2019-02-01,"AQ Gamers ","Atliq Exclusive",India,421
2019-02-01,"AQ Gamers ","Atliq Exclusive",India,377
2019-02-01,"AQ Lite","Atliq Exclusive",India,275
2019-02-01,"AQ Lite","Atliq Exclusive",India,72
2019-02-01,"AQ Aspiron","Atliq Exclusive",India,4
2019-02-01,"AQ Aspiron","Atliq Exclusive",India,7
2019-02-01,"AQ Aspiron","Atliq Exclusive",India,10
2019-02-01,"AQ Aspiron","Atliq Exclusive",India,11
2019-02-01,"AQ Aspiron","Atliq Exclusive",India,8
2019-02-01,"AQ Aspiron","Atliq Exclusive",India,10
2019-02-01,"AQ Aspiron","Atliq Exclusive",India,14
2019-02-01,"AQ Digit","Atliq Exclusive",India,14
2019-02-01,"AQ Digit","Atliq Exclusive",India,5
2019-02-01,"AQ Digit","Atliq Exclusive",India,4
2019-02-01,"AQ Digit","Atliq Exclusive",India,10
2019-02-01,"AQ Digit","Atliq Exclusive",India,9
2019-02-01,"AQ Digit","Atliq Exclusive",India,13
2019-02-01,"AQ Digit","Atliq Exclusive",India,4
2019-02-01,"AQ Digit","Atliq Exclusive",India,10
2019-02-01,"AQ Velocity","Atliq Exclusive",India,12
2019-02-01,"AQ Velocity","Atliq Exclusive",India,13
2019-02-01,"AQ Velocity","Atliq Exclusive",India,15
2019-02-01,"AQ Velocity","Atliq Exclusive",India,9
2019-02-01,"AQ Velocity","Atliq Exclusive",India,12
2019-02-01,"AQ Velocity","Atliq Exclusive",India,10
2019-02-01,"AQ Elite","Atliq Exclusive",India,14
2019-02-01,"AQ Elite","Atliq Exclusive",India,13
2019-02-01,"AQ Elite","Atliq Exclusive",India,5
2019-02-01,"AQ BZ 101","Atliq Exclusive",India,8
2019-02-01,"AQ BZ 101","Atliq Exclusive",India,7
2019-02-01,"AQ BZ 101","Atliq Exclusive",India,2
2019-02-01,"AQ BZ 101","Atliq Exclusive",India,6
2019-02-01,"AQ BZ Compact","Atliq Exclusive",India,4
2019-02-01,"AQ BZ Compact","Atliq Exclusive",India,7
2019-02-01,"AQ BZ Compact","Atliq Exclusive",India,4
2019-02-01,"AQ BZ Compact","Atliq Exclusive",India,2
2019-02-01,"AQ BZ Compact","Atliq Exclusive",India,5
2019-02-01,"AQ BZ Compact","Atliq Exclusive",India,6
2019-02-01,"AQ BZ Compact","Atliq Exclusive",India,9
2019-02-01,"AQ BZ Compact","Atliq Exclusive",India,3
2019-02-01,"AQ BZ Gen Y","Atliq Exclusive",India,6
2019-02-01,"AQ BZ Gen Y","Atliq Exclusive",India,9
2019-02-01,"AQ BZ Gen Y","Atliq Exclusive",India,3
2019-02-01,"AQ BZ Gen Y","Atliq Exclusive",India,10
2019-02-01,"AQ Gamer 1","Atliq Exclusive",India,3
2019-02-01,"AQ Gamer 1","Atliq Exclusive",India,3
2019-02-01,"AQ Gamer 1","Atliq Exclusive",India,3
2019-02-01,"AQ Gamer 1","Atliq Exclusive",India,1
2019-02-01,"AQ Gamer 1","Atliq Exclusive",India,2
2019-02-01,"AQ Gamer 1","Atliq Exclusive",India,1
2019-02-01,"AQ Gamer 1","Atliq Exclusive",India,1
2019-02-01,"AQ Gamer 1","Atliq Exclusive",India,2
2019-02-01,"AQ Gamer 2","Atliq Exclusive",India,3
2019-02-01,"AQ Gamer 2","Atliq Exclusive",India,3
2019-02-01,"AQ Gamer 2","Atliq Exclusive",India,2
2019-02-01,"AQ Gamer 2","Atliq Exclusive",India,1
2019-02-01,"AQ Gamer 2","Atliq Exclusive",India,2
2019-02-01,"AQ Gamer 2","Atliq Exclusive",India,1
2019-02-01,"AQ Gamer 2","Atliq Exclusive",India,3
2019-02-01,"AQ Gamer 2","Atliq Exclusive",India,2
2019-02-01,"AQ Gamer 3","Atliq Exclusive",India,2
2019-02-01,"AQ Gamer 3","Atliq Exclusive",India,3
2019-02-01,"AQ Gamer 3","Atliq Exclusive",India,1
2019-02-01,"AQ Gamer 3","Atliq Exclusive",India,2
2019-02-01,"AQ Gamer 3","Atliq Exclusive",India,3
2019-02-01,"AQ Gamer 3","Atliq Exclusive",India,3
2019-02-01,"AQ Gamer 3","Atliq Exclusive",India,3
2019-02-01,"AQ Gamer 3","Atliq Exclusive",India,3
2019-02-01,"AQ Smash 1","Atliq Exclusive",India,3
2019-02-01,"AQ Smash 1","Atliq Exclusive",India,3
2019-02-01,"AQ Smash 1","Atliq Exclusive",India,1
2019-02-01,"AQ Smash 1","Atliq Exclusive",India,2
2019-02-01,"AQ Smash 1","Atliq Exclusive",India,3
2019-02-01,"AQ Digit SSD","Atliq Exclusive",India,578
2019-02-01,"AQ Digit SSD","Atliq Exclusive",India,332
2019-02-01,"AQ Digit SSD","Atliq Exclusive",India,259
2019-02-01,"AQ Neuer SSD","Atliq Exclusive",India,164
2019-02-01,"AQ Neuer SSD","Atliq Exclusive",India,830
2019-02-01,"AQ Neuer SSD","Atliq Exclusive",India,567
2019-02-01,"AQ Wi Power Dx1","Atliq Exclusive",India,932
2019-02-01,"AQ Wi Power Dx1","Atliq Exclusive",India,105
2019-02-01,"AQ Wi Power Dx1","Atliq Exclusive",India,342
2019-02-01,"AQ Wi Power Dx2","Atliq Exclusive",India,217
2019-03-01,"AQ Dracula HDD – 3.5 Inch SATA 6 Gb/s 5400 RPM 256 MB Cache","Atliq Exclusive",India,65
2019-03-01,"AQ Dracula HDD – 3.5 Inch SATA 6 Gb/s 5400 RPM 256 MB Cache","Atliq Exclusive",India,96
2019-03-01,"AQ Dracula HDD – 3.5 Inch SATA 6 Gb/s 5400 RPM 256 MB Cache","Atliq Exclusive",India,84
2019-03-01,"AQ Dracula HDD – 3.5 Inch SATA 6 Gb/s 5400 RPM 256 MB Cache","Atliq Exclusive",India,82
2019-03-01,"AQ Dracula HDD – 3.5 Inch SATA 6 Gb/s 5400 RPM 256 MB Cache","Atliq Exclusive",India,78
2019-03-01,"AQ Dracula HDD – 3.5 Inch SATA 6 Gb/s 5400 RPM 256 MB Cache","Atliq Exclusive",India,80
2019-03-01,"AQ Dracula HDD – 3.5 Inch SATA 6 Gb/s 5400 RPM 256 MB Cache","Atliq Exclusive",India,102
2019-03-01,"AQ Dracula HDD – 3.5 Inch SATA 6 Gb/s 5400 RPM 256 MB Cache","Atliq Exclusive",India,123
2019-03-01,"AQ WereWolf NAS Internal Hard Drive HDD – 8.89 cm","Atliq Exclusive",India,52
2019-03-01,"AQ WereWolf NAS Internal Hard Drive HDD – 8.89 cm","Atliq Exclusive",India,22
2019-03-01,"AQ WereWolf NAS Internal Hard Drive HDD – 8.89 cm","Atliq Exclusive",India,46
2019-03-01,"AQ WereWolf NAS Internal Hard Drive HDD – 8.89 cm","Atliq Exclusive",India,57
2019-03-01,"AQ Mforce Gen X","Atliq Exclusive",India,96
2019-03-01,"AQ Mforce Gen X","Atliq Exclusive",India,86
2019-03-01,"AQ Mforce Gen X","Atliq Exclusive",India,47
2019-03-01,"AQ Mforce Gen X","Atliq Exclusive",India,56
2019-03-01,"AQ Mforce Gen X","Atliq Exclusive",India,102
2019-03-01,"AQ Mforce Gen X","Atliq Exclusive",India,61
2019-03-01,"AQ Mforce Gen X","Atliq Exclusive",India,87
2019-03-01,"AQ Mforce Gen X","Atliq Exclusive",India,61
2019-03-01,"AQ Mforce Gen X","Atliq Exclusive",India,21
2019-03-01,"AQ Mforce Gen X","Atliq Exclusive",India,85
2019-03-01,"AQ Mforce Gen X","Atliq Exclusive",India,81
2019-03-01,"AQ Mforce Gen X","Atliq Exclusive",India,79
2019-03-01,"AQ Mforce Gen X","Atliq Exclusive",India,31
2019-03-01,"AQ Mforce Gen X","Atliq Exclusive",India,30
2019-03-01,"AQ Mforce Gen X","Atliq Exclusive",India,41
2019-03-01,"AQ Mforce Gen X","Atliq Exclusive",India,52
2019-03-01,"AQ Mforce Gen Y","Atliq Exclusive",India,14
2019-03-01,"AQ Mforce Gen Y","Atliq Exclusive",India,10
2019-03-01,"AQ Mforce Gen Y","Atliq Exclusive",India,44
2019-03-01,"AQ Mforce Gen Y","Atliq Exclusive",India,82
2019-03-01,"AQ Mforce Gen Y","Atliq Exclusive",India,28
2019-03-01,"AQ Mforce Gen Y","Atliq Exclusive",India,77
2019-03-01,"AQ Mforce Gen Y","Atliq Exclusive",India,16
2019-03-01,"AQ Mforce Gen Y","Atliq Exclusive",India,65
2019-03-01,"AQ Mforce Gen Y","Atliq Exclusive",India,27
2019-03-01,"AQ Mforce Gen Y","Atliq Exclusive",India,49
2019-03-01,"AQ Mforce Gen Y","Atliq Exclusive",India,26
2019-03-01,"AQ Mforce Gen Y","Atliq Exclusive",India,94
2019-03-01,"AQ Mforce Gen Y","Atliq Exclusive",India,84
2019-03-01,"AQ Mforce Gen Y","Atliq Exclusive",India,10
2019-03-01,"AQ Mforce Gen Y","Atliq Exclusive",India,27
2019-03-01,"AQ Mforce Gen Y","Atliq Exclusive",India,13
2019-03-01,"AQ 5000 Series Electron 9 5900X Desktop Processor","Atliq Exclusive",India,8
2019-03-01,"AQ 5000 Series Electron 9 5900X Desktop Processor","Atliq Exclusive",India,16
2019-03-01,"AQ 5000 Series Electron 9 5900X Desktop Processor","Atliq Exclusive",India,55
2019-03-01,"AQ 5000 Series Electron 9 5900X Desktop Processor","Atliq Exclusive",India,17
2019-03-01,"AQ 5000 Series Electron 9 5900X Desktop Processor","Atliq Exclusive",India,27
2019-03-01,"AQ 5000 Series Electron 9 5900X Desktop Processor","Atliq Exclusive",India,18
2019-03-01,"AQ 5000 Series Electron 8 5900X Desktop Processor","Atliq Exclusive",India,11
2019-03-01,"AQ 5000 Series Electron 8 5900X Desktop Processor","Atliq Exclusive",India,25
2019-03-01,"AQ 5000 Series Electron 8 5900X Desktop Processor","Atliq Exclusive",India,56
2019-03-01,"AQ 5000 Series Electron 8 5900X Desktop Processor","Atliq Exclusive",India,21
2019-03-01,"AQ 5000 Series Electron 8 5900X Desktop Processor","Atliq Exclusive",India,18
2019-03-01,"AQ 5000 Series Electron 8 5900X Desktop Processor","Atliq Exclusive",India,14
2019-03-01,"AQ 5000 Series Ultron 8 5900X Desktop Processor","Atliq Exclusive",India,59
2019-03-01,"AQ 5000 Series Ultron 8 5900X Desktop Processor","Atliq Exclusive",India,29
2019-03-01,"AQ 5000 Series Ultron 8 5900X Desktop Processor","Atliq Exclusive",India,44
2019-03-01,"AQ 5000 Series Ultron 8 5900X Desktop Processor","Atliq Exclusive",India,35
2019-03-01,"AQ 5000 Series Ultron 8 5900X Desktop Processor","Atliq Exclusive",India,41
2019-03-01,"AQ 5000 Series Ultron 8 5900X Desktop Processor","Atliq Exclusive",India,10
2019-03-01,"AQ MB Elite","Atliq Exclusive",India,9
2019-03-01,"AQ MB Elite","Atliq Exclusive",India,6
2019-03-01,"AQ MB Elite","Atliq Exclusive",India,9
2019-03-01,"AQ MB Elite","Atliq Exclusive",India,3
2019-03-01,"AQ MB Elite","Atliq Exclusive",India,1
2019-03-01,"AQ MB Elite","Atliq Exclusive",India,3
2019-03-01,"AQ MB Elite","Atliq Exclusive",India,10
2019-03-01,"AQ MB Elite","Atliq Exclusive",India,11
2019-03-01,"AQ MB Crossx","Atliq Exclusive",India,4
2019-03-01,"AQ MB Crossx","Atliq Exclusive",India,3
2019-03-01,"AQ MB Crossx","Atliq Exclusive",India,4
2019-03-01,"AQ MB Crossx","Atliq Exclusive",India,8
2019-03-01,"AQ MB Crossx","Atliq Exclusive",India,10
2019-03-01,"AQ MB Crossx","Atliq Exclusive",India,2
2019-03-01,"AQ MB Crossx","Atliq Exclusive",India,6
2019-03-01,"AQ MB Crossx","Atliq Exclusive",India,3
2019-03-01,"AQ MB Crossx 2","Atliq Exclusive",India,11
2019-03-01,"AQ MB Crossx 2","Atliq Exclusive",India,10
2019-03-01,"AQ Master wired x1 Ms","Atliq Exclusive",India,217
2019-03-01,"AQ Master wired x1 Ms","Atliq Exclusive",India,149
2019-03-01,"AQ Master wired x1 Ms","Atliq Exclusive",India,267
2019-03-01,"AQ Master wired x1 Ms","Atliq Exclusive",India,207
2019-03-01,"AQ Master wired x1 Ms","Atliq Exclusive",India,331
2019-03-01,"AQ Master wired x1 Ms","Atliq Exclusive",India,265
2019-03-01,"AQ Master wired x1 Ms","Atliq Exclusive",India,229
2019-03-01,"AQ Master wired x1 Ms","Atliq Exclusive",India,195
2019-03-01,"AQ Master wired x1 Ms","Atliq Exclusive",India,146
2019-03-01,"AQ Master wired x1 Ms","Atliq Exclusive",India,357
2019-03-01,"AQ Master wired x1 Ms","Atliq Exclusive",India,218
2019-03-01,"AQ Master wired x1 Ms","Atliq Exclusive",India,109
2019-03-01,"AQ Master wireless x1 Ms","Atliq Exclusive",India,592
2019-03-01,"AQ Master wireless x1 Ms","Atliq Exclusive",India,494
2019-03-01,"AQ Master wireless x1 Ms","Atliq Exclusive",India,564
2019-03-01,"AQ Master wireless x1 Ms","Atliq Exclusive",India,324
2019-03-01,"AQ Master wireless x1 Ms","Atliq Exclusive",India,604
2019-03-01,"AQ Master wireless x1 Ms","Atliq Exclusive",India,462
2019-03-01,"AQ Master wireless x1 Ms","Atliq Exclusive",India,546
2019-03-01,"AQ Master wireless x1 Ms","Atliq Exclusive",India,481
2019-03-01,"AQ Master wireless x1 Ms","Atliq Exclusive",India,237
2019-03-01,"AQ Master wireless x1 Ms","Atliq Exclusive",India,239
2019-03-01,"AQ Master wireless x1 Ms","Atliq Exclusive",India,288
2019-03-01,"AQ Master wireless x1 Ms","Atliq Exclusive",India,72
2019-03-01,"AQ Gamers Ms","Atliq Exclusive",India,448
2019-03-01,"AQ Gamers Ms","Atliq Exclusive",India,168
2019-03-01,"AQ Gamers Ms","Atliq Exclusive",India,310
2019-03-01,"AQ Gamers Ms","Atliq Exclusive",India,428
2019-03-01,"AQ Gamers Ms","Atliq Exclusive",India,388
2019-03-01,"AQ Gamers Ms","Atliq Exclusive",India,377
2019-03-01,"AQ Gamers Ms","Atliq Exclusive",India,557
2019-03-01,"AQ Gamers Ms","Atliq Exclusive",India,290
2019-03-01,"AQ Gamers Ms","Atliq Exclusive",India,284
2019-03-01,"AQ Gamers Ms","Atliq Exclusive",India,129
2019-03-01,"AQ Master wired x1","Atliq Exclusive",India,227
2019-03-01,"AQ Master wired x1","Atliq Exclusive",India,136
2019-03-01,"AQ Master wired x1","Atliq Exclusive",India,55
2019-03-01,"AQ Master wired x1","Atliq Exclusive",India,112
2019-03-01,"AQ Master wired x1","Atliq Exclusive",India,125
2019-03-01,"AQ Master wired x1","Atliq Exclusive",India,128
2019-03-01,"AQ Master wired x1","Atliq Exclusive",India,446
2019-03-01,"AQ Master wired x1","Atliq Exclusive",India,393
2019-03-01,"AQ Master wired x1","Atliq Exclusive",India,125
2019-03-01,"AQ Master wired x1","Atliq Exclusive",India,112
2019-03-01,"AQ Master wired x1","Atliq Exclusive",India,390
2019-03-01,"AQ Master wired x1","Atliq Exclusive",India,133
2019-03-01,"AQ Master wireless x1","Atliq Exclusive",India,185
2019-03-01,"AQ Master wireless x1","Atliq Exclusive",India,211
2019-03-01,"AQ Master wireless x1","Atliq Exclusive",India,64
2019-03-01,"AQ Master wireless x1","Atliq Exclusive",India,271
2019-03-01,"AQ Master wireless x1","Atliq Exclusive",India,297
2019-03-01,"AQ Master wireless x1","Atliq Exclusive",India,62
2019-03-01,"AQ Master wireless x1","Atliq Exclusive",India,448
2019-03-01,"AQ Master wireless x1","Atliq Exclusive",India,276
2019-03-01,"AQ Master wireless x1","Atliq Exclusive",India,55
2019-03-01,"AQ Master wireless x1","Atliq Exclusive",India,472
2019-03-01,"AQ Master wireless x1","Atliq Exclusive",India,154
2019-03-01,"AQ Master wireless x1","Atliq Exclusive",India,274
2019-03-01,"AQ Gamers ","Atliq Exclusive",India,407
2019-03-01,"AQ Gamers ","Atliq Exclusive",India,233
2019-03-01,"AQ Gamers ","Atliq Exclusive",India,358
2019-03-01,"AQ Gamers ","Atliq Exclusive",India,77
2019-03-01,"AQ Gamers ","Atliq Exclusive",India,385
2019-03-01,"AQ Gamers ","Atliq Exclusive",India,166
2019-03-01,"AQ Gamers ","Atliq Exclusive",India,226
2019-03-01,"AQ Gamers ","Atliq Exclusive",India,361
2019-03-01,"AQ Gamers ","Atliq Exclusive",India,73
2019-03-01,"AQ Gamers ","Atliq Exclusive",India,390
2019-03-01,"AQ Gamers ","Atliq Exclusive",India,54
2019-03-01,"AQ Gamers ","Atliq Exclusive",India,355
2019-03-01,"AQ Lite","Atliq Exclusive",India,185
2019-03-01,"AQ Lite","Atliq Exclusive",India,256
2019-03-01,"AQ Lite","Atliq Exclusive",India,117
2019-03-01,"AQ Lite","Atliq Exclusive",India,361
2019-03-01,"AQ Aspiron","Atliq Exclusive",India,4
2019-03-01,"AQ Aspiron","Atliq Exclusive",India,9
2019-03-01,"AQ Aspiron","Atliq Exclusive",India,4
2019-03-01,"AQ Aspiron","Atliq Exclusive",India,3
2019-03-01,"AQ Aspiron","Atliq Exclusive",India,9
2019-03-01,"AQ Aspiron","Atliq Exclusive",India,7
2019-03-01,"AQ Aspiron","Atliq Exclusive",India,11
2019-03-01,"AQ Aspiron","Atliq Exclusive",India,7
2019-03-01,"AQ Aspiron","Atliq Exclusive",India,10
2019-03-01,"AQ Aspiron","Atliq Exclusive",India,3
2019-03-01,"AQ Aspiron","Atliq Exclusive",India,9
2019-03-01,"AQ Aspiron","Atliq Exclusive",India,15
2019-03-01,"AQ Aspiron","Atliq Exclusive",India,11
2019-03-01,"AQ Aspiron","Atliq Exclusive",India,9
2019-03-01,"AQ Digit","Atliq Exclusive",India,11
2019-03-01,"AQ Digit","Atliq Exclusive",India,10
2019-03-01,"AQ Digit","Atliq Exclusive",India,9
2019-03-01,"AQ Digit","Atliq Exclusive",India,9
2019-03-01,"AQ Digit","Atliq Exclusive",India,11
2019-03-01,"AQ Digit","Atliq Exclusive",India,12
2019-03-01,"AQ Digit","Atliq Exclusive",India,5
2019-03-01,"AQ Digit","Atliq Exclusive",India,12
2019-03-01,"AQ Digit","Atliq Exclusive",India,11
2019-03-01,"AQ Digit","Atliq Exclusive",India,14
2019-03-01,"AQ Digit","Atliq Exclusive",India,3
2019-03-01,"AQ Digit","Atliq Exclusive",India,12
2019-03-01,"AQ Digit","Atliq Exclusive",India,12
2019-03-01,"AQ Digit","Atliq Exclusive",India,6
2019-03-01,"AQ Digit","Atliq Exclusive",India,8
2019-03-01,"AQ Digit","Atliq Exclusive",India,5
2019-03-01,"AQ Velocity","Atliq Exclusive",India,11
2019-03-01,"AQ Velocity","Atliq Exclusive",India,10
2019-03-01,"AQ Velocity","Atliq Exclusive",India,6
2019-03-01,"AQ Velocity","Atliq Exclusive",India,4
2019-03-01,"AQ Velocity","Atliq Exclusive",India,11
2019-03-01,"AQ Velocity","Atliq Exclusive",India,14
2019-03-01,"AQ Velocity","Atliq Exclusive",India,13
2019-03-01,"AQ Velocity","Atliq Exclusive",India,12
2019-03-01,"AQ Velocity","Atliq Exclusive",India,7
2019-03-01,"AQ Velocity","Atliq Exclusive",India,11
2019-03-01,"AQ Velocity","Atliq Exclusive",India,8
2019-03-01,"AQ Velocity","Atliq Exclusive",India,9
2019-03-01,"AQ Elite","Atliq Exclusive",India,14
2019-03-01,"AQ Elite","Atliq Exclusive",India,8
2019-03-01,"AQ Elite","Atliq Exclusive",India,9
2019-03-01,"AQ Elite","Atliq Exclusive",India,14
2019-03-01,"AQ Elite","Atliq Exclusive",India,4
2019-03-01,"AQ Elite","Atliq Exclusive",India,11
2019-03-01,"AQ BZ 101","Atliq Exclusive",India,3
2019-03-01,"AQ BZ 101","Atliq Exclusive",India,8
2019-03-01,"AQ BZ 101","Atliq Exclusive",India,7
2019-03-01,"AQ BZ 101","Atliq Exclusive",India,10
2019-03-01,"AQ BZ 101","Atliq Exclusive",India,10
2019-03-01,"AQ BZ 101","Atliq Exclusive",India,9
2019-03-01,"AQ BZ 101","Atliq Exclusive",India,8
2019-03-01,"AQ BZ 101","Atliq Exclusive",India,2
2019-03-01,"AQ BZ Compact","Atliq Exclusive",India,5
2019-03-01,"AQ BZ Compact","Atliq Exclusive",India,9
2019-03-01,"AQ BZ Compact","Atliq Exclusive",India,4
2019-03-01,"AQ BZ Compact","Atliq Exclusive",India,3
2019-03-01,"AQ BZ Compact","Atliq Exclusive",India,3
2019-03-01,"AQ BZ Compact","Atliq Exclusive",India,3
2019-03-01,"AQ BZ Compact","Atliq Exclusive",India,9
2019-03-01,"AQ BZ Compact","Atliq Exclusive",India,9
2019-03-01,"AQ BZ Compact","Atliq Exclusive",India,6
2019-03-01,"AQ BZ Compact","Atliq Exclusive",India,4
2019-03-01,"AQ BZ Compact","Atliq Exclusive",India,2
2019-03-01,"AQ BZ Compact","Atliq Exclusive",India,8
2019-03-01,"AQ BZ Compact","Atliq Exclusive",India,2
2019-03-01,"AQ BZ Compact","Atliq Exclusive",India,9
2019-03-01,"AQ BZ Compact","Atliq Exclusive",India,2
2019-03-01,"AQ BZ Compact","Atliq Exclusive",India,3
2019-03-01,"AQ BZ Gen Y","Atliq Exclusive",India,3
2019-03-01,"AQ BZ Gen Y","Atliq Exclusive",India,3
2019-03-01,"AQ BZ Gen Y","Atliq Exclusive",India,7
2019-03-01,"AQ BZ Gen Y","Atliq Exclusive",India,6
2019-03-01,"AQ BZ Gen Y","Atliq Exclusive",India,5
2019-03-01,"AQ BZ Gen Y","Atliq Exclusive",India,9
2019-03-01,"AQ BZ Gen Y","Atliq Exclusive",India,5
2019-03-01,"AQ BZ Gen Y","Atliq Exclusive",India,8
2019-03-01,"AQ Gamer 1","Atliq Exclusive",India,1
2019-03-01,"AQ Gamer 1","Atliq Exclusive",India,1
2019-03-01,"AQ Gamer 1","Atliq Exclusive",India,1
2019-03-01,"AQ Gamer 1","Atliq Exclusive",India,2
2019-03-01,"AQ Gamer 1","Atliq Exclusive",India,3
2019-03-01,"AQ Gamer 1","Atliq Exclusive",India,3
2019-03-01,"AQ Gamer 1","Atliq Exclusive",India,3
2019-03-01,"AQ Gamer 1","Atliq Exclusive",India,3
2019-03-01,"AQ Gamer 1","Atliq Exclusive",India,2
2019-03-01,"AQ Gamer 1","Atliq Exclusive",India,3
2019-03-01,"AQ Gamer 1","Atliq Exclusive",India,2
2019-03-01,"AQ Gamer 1","Atliq Exclusive",India,3
2019-03-01,"AQ Gamer 1","Atliq Exclusive",India,1
2019-03-01,"AQ Gamer 1","Atliq Exclusive",India,3
2019-03-01,"AQ Gamer 1","Atliq Exclusive",India,2
2019-03-01,"AQ Gamer 1","Atliq Exclusive",India,2
2019-03-01,"AQ Gamer 2","Atliq Exclusive",India,2
2019-03-01,"AQ Gamer 2","Atliq Exclusive",India,1
2019-03-01,"AQ Gamer 2","Atliq Exclusive",India,3
2019-03-01,"AQ Gamer 2","Atliq Exclusive",India,3
2019-03-01,"AQ Gamer 2","Atliq Exclusive",India,3
2019-03-01,"AQ Gamer 2","Atliq Exclusive",India,3
2019-03-01,"AQ Gamer 2","Atliq Exclusive",India,2
2019-03-01,"AQ Gamer 2","Atliq Exclusive",India,1
2019-03-01,"AQ Gamer 2","Atliq Exclusive",India,3
2019-03-01,"AQ Gamer 2","Atliq Exclusive",India,3
2019-03-01,"AQ Gamer 2","Atliq Exclusive",India,1
2019-03-01,"AQ Gamer 2","Atliq Exclusive",India,1
2019-03-01,"AQ Gamer 2","Atliq Exclusive",India,3
2019-03-01,"AQ Gamer 2","Atliq Exclusive",India,2
2019-03-01,"AQ Gamer 2","Atliq Exclusive",India,3
2019-03-01,"AQ Gamer 2","Atliq Exclusive",India,2
2019-03-01,"AQ Gamer 3","Atliq Exclusive",India,2
2019-03-01,"AQ Gamer 3","Atliq Exclusive",India,1
2019-03-01,"AQ Gamer 3","Atliq Exclusive",India,2
2019-03-01,"AQ Gamer 3","Atliq Exclusive",India,3
2019-03-01,"AQ Gamer 3","Atliq Exclusive",India,1
2019-03-01,"AQ Gamer 3","Atliq Exclusive",India,3
2019-03-01,"AQ Gamer 3","Atliq Exclusive",India,3
2019-03-01,"AQ Gamer 3","Atliq Exclusive",India,1
2019-03-01,"AQ Gamer 3","Atliq Exclusive",India,1
2019-03-01,"AQ Gamer 3","Atliq Exclusive",India,1
2019-03-01,"AQ Gamer 3","Atliq Exclusive",India,3
2019-03-01,"AQ Gamer 3","Atliq Exclusive",India,2
2019-03-01,"AQ Gamer 3","Atliq Exclusive",India,2
2019-03-01,"AQ Gamer 3","Atliq Exclusive",India,1
2019-03-01,"AQ Gamer 3","Atliq Exclusive",India,2
2019-03-01,"AQ Gamer 3","Atliq Exclusive",India,1
2019-03-01,"AQ Smash 1","Atliq Exclusive",India,3
2019-03-01,"AQ Smash 1","Atliq Exclusive",India,1
2019-03-01,"AQ Smash 1","Atliq Exclusive",India,2
2019-03-01,"AQ Smash 1","Atliq Exclusive",India,2
2019-03-01,"AQ Smash 1","Atliq Exclusive",India,1
2019-03-01,"AQ Smash 1","Atliq Exclusive",India,2
2019-03-01,"AQ Smash 1","Atliq Exclusive",India,2
2019-03-01,"AQ Smash 1","Atliq Exclusive",India,2
2019-03-01,"AQ Smash 1","Atliq Exclusive",India,1
2019-03-01,"AQ Smash 1","Atliq Exclusive",India,2
2019-03-01,"AQ Digit SSD","Atliq Exclusive",India,272
2019-03-01,"AQ Digit SSD","Atliq Exclusive",India,881
2019-03-01,"AQ Digit SSD","Atliq Exclusive",India,111
2019-03-01,"AQ Digit SSD","Atliq Exclusive",India,567
2019-03-01,"AQ Digit SSD","Atliq Exclusive",India,589
2019-03-01,"AQ Digit SSD","Atliq Exclusive",India,912
2019-03-01,"AQ Neuer SSD","Atliq Exclusive",India,352
2019-03-01,"AQ Neuer SSD","Atliq Exclusive",India,801
2019-03-01,"AQ Neuer SSD","Atliq Exclusive",India,465
2019-03-01,"AQ Neuer SSD","Atliq Exclusive",India,677
2019-03-01,"AQ Neuer SSD","Atliq Exclusive",India,881
2019-03-01,"AQ Neuer SSD","Atliq Exclusive",India,606
2019-03-01,"AQ Wi Power Dx1","Atliq Exclusive",India,506
2019-03-01,"AQ Wi Power Dx1","Atliq Exclusive",India,137
2019-03-01,"AQ Wi Power Dx1","Atliq Exclusive",India,922
2019-03-01,"AQ Wi Power Dx1","Atliq Exclusive",India,574
2019-03-01,"AQ Wi Power Dx1","Atliq Exclusive",India,968
2019-03-01,"AQ Wi Power Dx1","Atliq Exclusive",India,605
2019-03-01,"AQ Wi Power Dx2","Atliq Exclusive",India,930
2019-03-01,"AQ Wi Power Dx2","Atliq Exclusive",India,167
2019-04-01,"AQ Dracula HDD – 3.5 Inch SATA 6 Gb/s 5400 RPM 256 MB Cache","Atliq Exclusive",India,34
2019-04-01,"AQ Dracula HDD – 3.5 Inch SATA 6 Gb/s 5400 RPM 256 MB Cache","Atliq Exclusive",India,79
2019-04-01,"AQ Dracula HDD – 3.5 Inch SATA 6 Gb/s 5400 RPM 256 MB Cache","Atliq Exclusive",India,45
2019-04-01,"AQ Dracula HDD – 3.5 Inch SATA 6 Gb/s 5400 RPM 256 MB Cache","Atliq Exclusive",India,20
2019-04-01,"AQ WereWolf NAS Internal Hard Drive HDD – 8.89 cm","Atliq Exclusive",India,94
2019-04-01,"AQ WereWolf NAS Internal Hard Drive HDD – 8.89 cm","Atliq Exclusive",India,110
2019-04-01,"AQ Mforce Gen X","Atliq Exclusive",India,89
2019-04-01,"AQ Mforce Gen X","Atliq Exclusive",India,13
2019-04-01,"AQ Mforce Gen X","Atliq Exclusive",India,93
2019-04-01,"AQ Mforce Gen X","Atliq Exclusive",India,24
2019-04-01,"AQ Mforce Gen X","Atliq Exclusive",India,48
2019-04-01,"AQ Mforce Gen X","Atliq Exclusive",India,85
2019-04-01,"AQ Mforce Gen X","Atliq Exclusive",India,24
2019-04-01,"AQ Mforce Gen X","Atliq Exclusive",India,102
2019-04-01,"AQ Mforce Gen Y","Atliq Exclusive",India,93
2019-04-01,"AQ Mforce Gen Y","Atliq Exclusive",India,34
2019-04-01,"AQ Mforce Gen Y","Atliq Exclusive",India,67
2019-04-01,"AQ Mforce Gen Y","Atliq Exclusive",India,88
2019-04-01,"AQ Mforce Gen Y","Atliq Exclusive",India,95
2019-04-01,"AQ Mforce Gen Y","Atliq Exclusive",India,89
2019-04-01,"AQ Mforce Gen Y","Atliq Exclusive",India,74
2019-04-01,"AQ Mforce Gen Y","Atliq Exclusive",India,47
2019-04-01,"AQ 5000 Series Electron 9 5900X Desktop Processor","Atliq Exclusive",India,60
2019-04-01,"AQ 5000 Series Electron 9 5900X Desktop Processor","Atliq Exclusive",India,51
2019-04-01,"AQ 5000 Series Electron 9 5900X Desktop Processor","Atliq Exclusive",India,54
2019-04-01,"AQ 5000 Series Electron 8 5900X Desktop Processor","Atliq Exclusive",India,14
2019-04-01,"AQ 5000 Series Electron 8 5900X Desktop Processor","Atliq Exclusive",India,52
2019-04-01,"AQ 5000 Series Electron 8 5900X Desktop Processor","Atliq Exclusive",India,26
2019-04-01,"AQ 5000 Series Ultron 8 5900X Desktop Processor","Atliq Exclusive",India,31
2019-04-01,"AQ 5000 Series Ultron 8 5900X Desktop Processor","Atliq Exclusive",India,7
2019-04-01,"AQ 5000 Series Ultron 8 5900X Desktop Processor","Atliq Exclusive",India,7
2019-04-01,"AQ MB Elite","Atliq Exclusive",India,7
2019-04-01,"AQ MB Elite","Atliq Exclusive",India,1
2019-04-01,"AQ MB Elite","Atliq Exclusive",India,11
2019-04-01,"AQ MB Elite","Atliq Exclusive",India,5
2019-04-01,"AQ MB Crossx","Atliq Exclusive",India,9
2019-04-01,"AQ MB Crossx","Atliq Exclusive",India,4
2019-04-01,"AQ MB Crossx","Atliq Exclusive",India,5
2019-04-01,"AQ MB Crossx","Atliq Exclusive",India,6
2019-04-01,"AQ MB Crossx 2","Atliq Exclusive",India,5
2019-04-01,"AQ Master wired x1 Ms","Atliq Exclusive",India,256
2019-04-01,"AQ Master wired x1 Ms","Atliq Exclusive",India,276
2019-04-01,"AQ Master wired x1 Ms","Atliq Exclusive",India,370
2019-04-01,"AQ Master wired x1 Ms","Atliq Exclusive",India,350
2019-04-01,"AQ Master wired x1 Ms","Atliq Exclusive",India,105
2019-04-01,"AQ Master wired x1 Ms","Atliq Exclusive",India,73
2019-04-01,"AQ Master wireless x1 Ms","Atliq Exclusive",India,152
2019-04-01,"AQ Master wireless x1 Ms","Atliq Exclusive",India,321
2019-04-01,"AQ Master wireless x1 Ms","Atliq Exclusive",India,528
2019-04-01,"AQ Master wireless x1 Ms","Atliq Exclusive",India,87
2019-04-01,"AQ Master wireless x1 Ms","Atliq Exclusive",India,307
2019-04-01,"AQ Master wireless x1 Ms","Atliq Exclusive",India,238
2019-04-01,"AQ Gamers Ms","Atliq Exclusive",India,503
2019-04-01,"AQ Gamers Ms","Atliq Exclusive",India,572
2019-04-01,"AQ Gamers Ms","Atliq Exclusive",India,546
2019-04-01,"AQ Gamers Ms","Atliq Exclusive",India,523
2019-04-01,"AQ Gamers Ms","Atliq Exclusive",India,255
2019-04-01,"AQ Master wired x1","Atliq Exclusive",India,63
2019-04-01,"AQ Master wired x1","Atliq Exclusive",India,220
2019-04-01,"AQ Master wired x1","Atliq Exclusive",India,441
2019-04-01,"AQ Master wired x1","Atliq Exclusive",India,243
2019-04-01,"AQ Master wired x1","Atliq Exclusive",India,399
2019-04-01,"AQ Master wired x1","Atliq Exclusive",India,329
2019-04-01,"AQ Master wireless x1","Atliq Exclusive",India,382
2019-04-01,"AQ Master wireless x1","Atliq Exclusive",India,385
2019-04-01,"AQ Master wireless x1","Atliq Exclusive",India,133
2019-04-01,"AQ Master wireless x1","Atliq Exclusive",India,405
2019-04-01,"AQ Master wireless x1","Atliq Exclusive",India,279
2019-04-01,"AQ Master wireless x1","Atliq Exclusive",India,102
2019-04-01,"AQ Gamers ","Atliq Exclusive",India,442
2019-04-01,"AQ Gamers ","Atliq Exclusive",India,331
2019-04-01,"AQ Gamers ","Atliq Exclusive",India,210
2019-04-01,"AQ Gamers ","Atliq Exclusive",India,105
2019-04-01,"AQ Gamers ","Atliq Exclusive",India,171
2019-04-01,"AQ Gamers ","Atliq Exclusive",India,432
2019-04-01,"AQ Lite","Atliq Exclusive",India,283
2019-04-01,"AQ Lite","Atliq Exclusive",India,192
2019-04-01,"AQ Aspiron","Atliq Exclusive",India,3
2019-04-01,"AQ Aspiron","Atliq Exclusive",India,7
2019-04-01,"AQ Aspiron","Atliq Exclusive",India,8
2019-04-01,"AQ Aspiron","Atliq Exclusive",India,11
2019-04-01,"AQ Aspiron","Atliq Exclusive",India,10
2019-04-01,"AQ Aspiron","Atliq Exclusive",India,6
2019-04-01,"AQ Aspiron","Atliq Exclusive",India,9
2019-04-01,"AQ Digit","Atliq Exclusive",India,3
2019-04-01,"AQ Digit","Atliq Exclusive",India,8
2019-04-01,"AQ Digit","Atliq Exclusive",India,4
2019-04-01,"AQ Digit","Atliq Exclusive",India,5
2019-04-01,"AQ Digit","Atliq Exclusive",India,8
2019-04-01,"AQ Digit","Atliq Exclusive",India,11
2019-04-01,"AQ Digit","Atliq Exclusive",India,7
2019-04-01,"AQ Digit","Atliq Exclusive",India,15
2019-04-01,"AQ Velocity","Atliq Exclusive",India,11
2019-04-01,"AQ Velocity","Atliq Exclusive",India,3
2019-04-01,"AQ Velocity","Atliq Exclusive",India,8
2019-04-01,"AQ Velocity","Atliq Exclusive",India,3
2019-04-01,"AQ Velocity","Atliq Exclusive",India,4
2019-04-01,"AQ Velocity","Atliq Exclusive",India,14
2019-04-01,"AQ Elite","Atliq Exclusive",India,7
2019-04-01,"AQ Elite","Atliq Exclusive",India,15
2019-04-01,"AQ Elite","Atliq Exclusive",India,10
2019-04-01,"AQ BZ 101","Atliq Exclusive",India,7
2019-04-01,"AQ BZ 101","Atliq Exclusive",India,10
2019-04-01,"AQ BZ 101","Atliq Exclusive",India,3
2019-04-01,"AQ BZ 101","Atliq Exclusive",India,6
2019-04-01,"AQ BZ Compact","Atliq Exclusive",India,8
2019-04-01,"AQ BZ Compact","Atliq Exclusive",India,9
2019-04-01,"AQ BZ Compact","Atliq Exclusive",India,6
2019-04-01,"AQ BZ Compact","Atliq Exclusive",India,6
2019-04-01,"AQ BZ Compact","Atliq Exclusive",India,3
2019-04-01,"AQ BZ Compact","Atliq Exclusive",India,2
2019-04-01,"AQ BZ Compact","Atliq Exclusive",India,2
2019-04-01,"AQ BZ Compact","Atliq Exclusive",India,4
2019-04-01,"AQ BZ Gen Y","Atliq Exclusive",India,8
2019-04-01,"AQ BZ Gen Y","Atliq Exclusive",India,9
2019-04-01,"AQ BZ Gen Y","Atliq Exclusive",India,4
2019-04-01,"AQ BZ Gen Y","Atliq Exclusive",India,9
2019-04-01,"AQ Gamer 1","Atliq Exclusive",India,2
2019-04-01,"AQ Gamer 1","Atliq Exclusive",India,3
2019-04-01,"AQ Gamer 1","Atliq Exclusive",India,3
2019-04-01,"AQ Gamer 1","Atliq Exclusive",India,3
2019-04-01,"AQ Gamer 1","Atliq Exclusive",India,1
2019-04-01,"AQ Gamer 1","Atliq Exclusive",India,2
2019-04-01,"AQ Gamer 1","Atliq Exclusive",India,2
2019-04-01,"AQ Gamer 1","Atliq Exclusive",India,2
2019-04-01,"AQ Gamer 2","Atliq Exclusive",India,3
2019-04-01,"AQ Gamer 2","Atliq Exclusive",India,3
2019-04-01,"AQ Gamer 2","Atliq Exclusive",India,1
2019-04-01,"AQ Gamer 2","Atliq Exclusive",India,1
2019-04-01,"AQ Gamer 2","Atliq Exclusive",India,1
2019-04-01,"AQ Gamer 2","Atliq Exclusive",India,2
2019-04-01,"AQ Gamer 2","Atliq Exclusive",India,2
2019-04-01,"AQ Gamer 2","Atliq Exclusive",India,2
2019-04-01,"AQ Gamer 3","Atliq Exclusive",India,1
2019-04-01,"AQ Gamer 3","Atliq Exclusive",India,1
2019-04-01,"AQ Gamer 3","Atliq Exclusive",India,2
2019-04-01,"AQ Gamer 3","Atliq Exclusive",India,2
2019-04-01,"AQ Gamer 3","Atliq Exclusive",India,1
2019-04-01,"AQ Gamer 3","Atliq Exclusive",India,2
2019-04-01,"AQ Gamer 3","Atliq Exclusive",India,2
2019-04-01,"AQ Gamer 3","Atliq Exclusive",India,1
2019-04-01,"AQ Smash 1","Atliq Exclusive",India,2
2019-04-01,"AQ Smash 1","Atliq Exclusive",India,3
2019-04-01,"AQ Smash 1","Atliq Exclusive",India,3
2019-04-01,"AQ Smash 1","Atliq Exclusive",India,1
2019-04-01,"AQ Smash 1","Atliq Exclusive",India,2
2019-04-01,"AQ Digit SSD","Atliq Exclusive",India,668
2019-04-01,"AQ Digit SSD","Atliq Exclusive",India,525
2019-04-01,"AQ Digit SSD","Atliq Exclusive",India,523
2019-04-01,"AQ Neuer SSD","Atliq Exclusive",India,416
2019-04-01,"AQ Neuer SSD","Atliq Exclusive",India,259
2019-04-01,"AQ Neuer SSD","Atliq Exclusive",India,719
2019-04-01,"AQ Wi Power Dx1","Atliq Exclusive",India,116
2019-04-01,"AQ Wi Power Dx1","Atliq Exclusive",India,641
2019-04-01,"AQ Wi Power Dx1","Atliq Exclusive",India,901
2019-04-01,"AQ Wi Power Dx2","Atliq Exclusive",India,1054
2019-05-01,"AQ Dracula HDD – 3.5 Inch SATA 6 Gb/s 5400 RPM 256 MB Cache","Atliq Exclusive",India,35
2019-05-01,"AQ Dracula HDD – 3.5 Inch SATA 6 Gb/s 5400 RPM 256 MB Cache","Atliq Exclusive",India,46
2019-05-01,"AQ Dracula HDD – 3.5 Inch SATA 6 Gb/s 5400 RPM 256 MB Cache","Atliq Exclusive",India,61
2019-05-01,"AQ Dracula HDD – 3.5 Inch SATA 6 Gb/s 5400 RPM 256 MB Cache","Atliq Exclusive",India,60
2019-05-01,"AQ Dracula HDD – 3.5 Inch SATA 6 Gb/s 5400 RPM 256 MB Cache","Atliq Exclusive",India,80
2019-05-01,"AQ Dracula HDD – 3.5 Inch SATA 6 Gb/s 5400 RPM 256 MB Cache","Atliq Exclusive",India,31
2019-05-01,"AQ Dracula HDD – 3.5 Inch SATA 6 Gb/s 5400 RPM 256 MB Cache","Atliq Exclusive",India,101
2019-05-01,"AQ Dracula HDD – 3.5 Inch SATA 6 Gb/s 5400 RPM 256 MB Cache","Atliq Exclusive",India,41
2019-05-01,"AQ WereWolf NAS Internal Hard Drive HDD – 8.89 cm","Atliq Exclusive",India,58
2019-05-01,"AQ WereWolf NAS Internal Hard Drive HDD – 8.89 cm","Atliq Exclusive",India,103
2019-05-01,"AQ WereWolf NAS Internal Hard Drive HDD – 8.89 cm","Atliq Exclusive",India,122
2019-05-01,"AQ WereWolf NAS Internal Hard Drive HDD – 8.89 cm","Atliq Exclusive",India,23
2019-05-01,"AQ Mforce Gen X","Atliq Exclusive",India,103
2019-05-01,"AQ Mforce Gen X","Atliq Exclusive",India,77
2019-05-01,"AQ Mforce Gen X","Atliq Exclusive",India,91
2019-05-01,"AQ Mforce Gen X","Atliq Exclusive",India,94
2019-05-01,"AQ Mforce Gen X","Atliq Exclusive",India,19
2019-05-01,"AQ Mforce Gen X","Atliq Exclusive",India,102
2019-05-01,"AQ Mforce Gen X","Atliq Exclusive",India,89
2019-05-01,"AQ Mforce Gen X","Atliq Exclusive",India,86
2019-05-01,"AQ Mforce Gen X","Atliq Exclusive",India,84
2019-05-01,"AQ Mforce Gen X","Atliq Exclusive",India,53
2019-05-01,"AQ Mforce Gen X","Atliq Exclusive",India,86
2019-05-01,"AQ Mforce Gen X","Atliq Exclusive",India,74
2019-05-01,"AQ Mforce Gen X","Atliq Exclusive",India,84
2019-05-01,"AQ Mforce Gen X","Atliq Exclusive",India,62
2019-05-01,"AQ Mforce Gen X","Atliq Exclusive",India,50
2019-05-01,"AQ Mforce Gen X","Atliq Exclusive",India,17
2019-05-01,"AQ Mforce Gen Y","Atliq Exclusive",India,97
2019-05-01,"AQ Mforce Gen Y","Atliq Exclusive",India,20
2019-05-01,"AQ Mforce Gen Y","Atliq Exclusive",India,98
2019-05-01,"AQ Mforce Gen Y","Atliq Exclusive",India,63
2019-05-01,"AQ Mforce Gen Y","Atliq Exclusive",India,92
2019-05-01,"AQ Mforce Gen Y","Atliq Exclusive",India,38
2019-05-01,"AQ Mforce Gen Y","Atliq Exclusive",India,30
2019-05-01,"AQ Mforce Gen Y","Atliq Exclusive",India,96
2019-05-01,"AQ Mforce Gen Y","Atliq Exclusive",India,60
2019-05-01,"AQ Mforce Gen Y","Atliq Exclusive",India,29
2019-05-01,"AQ Mforce Gen Y","Atliq Exclusive",India,73
2019-05-01,"AQ Mforce Gen Y","Atliq Exclusive",India,33
2019-05-01,"AQ Mforce Gen Y","Atliq Exclusive",India,43
2019-05-01,"AQ Mforce Gen Y","Atliq Exclusive",India,63
2019-05-01,"AQ Mforce Gen Y","Atliq Exclusive",India,16
2019-05-01,"AQ Mforce Gen Y","Atliq Exclusive",India,46
2019-05-01,"AQ 5000 Series Electron 9 5900X Desktop Processor","Atliq Exclusive",India,26
2019-05-01,"AQ 5000 Series Electron 9 5900X Desktop Processor","Atliq Exclusive",India,16
2019-05-01,"AQ 5000 Series Electron 9 5900X Desktop Processor","Atliq Exclusive",India,57
2019-05-01,"AQ 5000 Series Electron 9 5900X Desktop Processor","Atliq Exclusive",India,27
2019-05-01,"AQ 5000 Series Electron 9 5900X Desktop Processor","Atliq Exclusive",India,26
2019-05-01,"AQ 5000 Series Electron 9 5900X Desktop Processor","Atliq Exclusive",India,32
2019-05-01,"AQ 5000 Series Electron 8 5900X Desktop Processor","Atliq Exclusive",India,37
2019-05-01,"AQ 5000 Series Electron 8 5900X Desktop Processor","Atliq Exclusive",India,34
2019-05-01,"AQ 5000 Series Electron 8 5900X Desktop Processor","Atliq Exclusive",India,57
2019-05-01,"AQ 5000 Series Electron 8 5900X Desktop Processor","Atliq Exclusive",India,45
2019-05-01,"AQ 5000 Series Electron 8 5900X Desktop Processor","Atliq Exclusive",India,51
2019-05-01,"AQ 5000 Series Electron 8 5900X Desktop Processor","Atliq Exclusive",India,31
2019-05-01,"AQ 5000 Series Ultron 8 5900X Desktop Processor","Atliq Exclusive",India,48
2019-05-01,"AQ 5000 Series Ultron 8 5900X Desktop Processor","Atliq Exclusive",India,29
2019-05-01,"AQ 5000 Series Ultron 8 5900X Desktop Processor","Atliq Exclusive",India,29
2019-05-01,"AQ 5000 Series Ultron 8 5900X Desktop Processor","Atliq Exclusive",India,39
2019-05-01,"AQ 5000 Series Ultron 8 5900X Desktop Processor","Atliq Exclusive",India,9
2019-05-01,"AQ 5000 Series Ultron 8 5900X Desktop Processor","Atliq Exclusive",India,9
2019-05-01,"AQ MB Elite","Atliq Exclusive",India,5
2019-05-01,"AQ MB Elite","Atliq Exclusive",India,7
2019-05-01,"AQ MB Elite","Atliq Exclusive",India,2
2019-05-01,"AQ MB Elite","Atliq Exclusive",India,9
2019-05-01,"AQ MB Elite","Atliq Exclusive",India,5
2019-05-01,"AQ MB Elite","Atliq Exclusive",India,9
2019-05-01,"AQ MB Elite","Atliq Exclusive",India,8
2019-05-01,"AQ MB Elite","Atliq Exclusive",India,10
2019-05-01,"AQ MB Crossx","Atliq Exclusive",India,1
2019-05-01,"AQ MB Crossx","Atliq Exclusive",India,11
2019-05-01,"AQ MB Crossx","Atliq Exclusive",India,10
2019-05-01,"AQ MB Crossx","Atliq Exclusive",India,7
2019-05-01,"AQ MB Crossx","Atliq Exclusive",India,5
2019-05-01,"AQ MB Crossx","Atliq Exclusive",India,9
2019-05-01,"AQ MB Crossx","Atliq Exclusive",India,3
2019-05-01,"AQ MB Crossx","Atliq Exclusive",India,11
2019-05-01,"AQ MB Crossx 2","Atliq Exclusive",India,5
2019-05-01,"AQ MB Crossx 2","Atliq Exclusive",India,2
2019-05-01,"AQ Master wired x1 Ms","Atliq Exclusive",India,476
2019-05-01,"AQ Master wired x1 Ms","Atliq Exclusive",India,451
2019-05-01,"AQ Master wired x1 Ms","Atliq Exclusive",India,488
2019-05-01,"AQ Master wired x1 Ms","Atliq Exclusive",India,366
2019-05-01,"AQ Master wired x1 Ms","Atliq Exclusive",India,332
2019-05-01,"AQ Master wired x1 Ms","Atliq Exclusive",India,254
2019-05-01,"AQ Master wired x1 Ms","Atliq Exclusive",India,390
2019-05-01,"AQ Master wired x1 Ms","Atliq Exclusive",India,246
2019-05-01,"AQ Master wired x1 Ms","Atliq Exclusive",India,403
2019-05-01,"AQ Master wired x1 Ms","Atliq Exclusive",India,210
2019-05-01,"AQ Master wired x1 Ms","Atliq Exclusive",India,61
2019-05-01,"AQ Master wired x1 Ms","Atliq Exclusive",India,570
2019-05-01,"AQ Master wireless x1 Ms","Atliq Exclusive",India,509
2019-05-01,"AQ Master wireless x1 Ms","Atliq Exclusive",India,471
2019-05-01,"AQ Master wireless x1 Ms","Atliq Exclusive",India,404
2019-05-01,"AQ Master wireless x1 Ms","Atliq Exclusive",India,255
2019-05-01,"AQ Master wireless x1 Ms","Atliq Exclusive",India,428
2019-05-01,"AQ Master wireless x1 Ms","Atliq Exclusive",India,320
2019-05-01,"AQ Master wireless x1 Ms","Atliq Exclusive",India,482
2019-05-01,"AQ Master wireless x1 Ms","Atliq Exclusive",India,85
2019-05-01,"AQ Master wireless x1 Ms","Atliq Exclusive",India,70
2019-05-01,"AQ Master wireless x1 Ms","Atliq Exclusive",India,110
2019-05-01,"AQ Master wireless x1 Ms","Atliq Exclusive",India,274
2019-05-01,"AQ Master wireless x1 Ms","Atliq Exclusive",India,300
2019-05-01,"AQ Gamers Ms","Atliq Exclusive",India,560
2019-05-01,"AQ Gamers Ms","Atliq Exclusive",India,99
2019-05-01,"AQ Gamers Ms","Atliq Exclusive",India,139
2019-05-01,"AQ Gamers Ms","Atliq Exclusive",India,281
2019-05-01,"AQ Gamers Ms","Atliq Exclusive",India,199
2019-05-01,"AQ Gamers Ms","Atliq Exclusive",India,305
2019-05-01,"AQ Gamers Ms","Atliq Exclusive",India,565
2019-05-01,"AQ Gamers Ms","Atliq Exclusive",India,195
2019-05-01,"AQ Gamers Ms","Atliq Exclusive",India,343
2019-05-01,"AQ Gamers Ms","Atliq Exclusive",India,262
2019-05-01,"AQ Master wired x1","Atliq Exclusive",India,196
2019-05-01,"AQ Master wired x1","Atliq Exclusive",India,401
2019-05-01,"AQ Master wired x1","Atliq Exclusive",India,237
2019-05-01,"AQ Master wired x1","Atliq Exclusive",India,277
2019-05-01,"AQ Master wired x1","Atliq Exclusive",India,60
2019-05-01,"AQ Master wired x1","Atliq Exclusive",India,273
2019-05-01,"AQ Master wired x1","Atliq Exclusive",India,114
2019-05-01,"AQ Master wired x1","Atliq Exclusive",India,124
2019-05-01,"AQ Master wired x1","Atliq Exclusive",India,396
2019-05-01,"AQ Master wired x1","Atliq Exclusive",India,97
2019-05-01,"AQ Master wired x1","Atliq Exclusive",India,96
2019-05-01,"AQ Master wired x1","Atliq Exclusive",India,149
2019-05-01,"AQ Master wireless x1","Atliq Exclusive",India,458
2019-05-01,"AQ Master wireless x1","Atliq Exclusive",India,419
2019-05-01,"AQ Master wireless x1","Atliq Exclusive",India,48
2019-05-01,"AQ Master wireless x1","Atliq Exclusive",India,361
2019-05-01,"AQ Master wireless x1","Atliq Exclusive",India,93
2019-05-01,"AQ Master wireless x1","Atliq Exclusive",India,409
2019-05-01,"AQ Master wireless x1","Atliq Exclusive",India,364
2019-05-01,"AQ Master wireless x1","Atliq Exclusive",India,382
2019-05-01,"AQ Master wireless x1","Atliq Exclusive",India,468
2019-05-01,"AQ Master wireless x1","Atliq Exclusive",India,462
2019-05-01,"AQ Master wireless x1","Atliq Exclusive",India,334
2019-05-01,"AQ Master wireless x1","Atliq Exclusive",India,381
2019-05-01,"AQ Gamers ","Atliq Exclusive",India,99
2019-05-01,"AQ Gamers ","Atliq Exclusive",India,72
2019-05-01,"AQ Gamers ","Atliq Exclusive",India,100
2019-05-01,"AQ Gamers ","Atliq Exclusive",India,212
2019-05-01,"AQ Gamers ","Atliq Exclusive",India,237
2019-05-01,"AQ Gamers ","Atliq Exclusive",India,378
2019-05-01,"AQ Gamers ","Atliq Exclusive",India,233
2019-05-01,"AQ Gamers ","Atliq Exclusive",India,430
2019-05-01,"AQ Gamers ","Atliq Exclusive",India,79
2019-05-01,"AQ Gamers ","Atliq Exclusive",India,243
2019-05-01,"AQ Gamers ","Atliq Exclusive",India,406
2019-05-01,"AQ Gamers ","Atliq Exclusive",India,385
2019-05-01,"AQ Lite","Atliq Exclusive",India,415
2019-05-01,"AQ Lite","Atliq Exclusive",India,321
2019-05-01,"AQ Lite","Atliq Exclusive",India,256
2019-05-01,"AQ Lite","Atliq Exclusive",India,353
2019-05-01,"AQ Aspiron","Atliq Exclusive",India,3
2019-05-01,"AQ Aspiron","Atliq Exclusive",India,6
2019-05-01,"AQ Aspiron","Atliq Exclusive",India,7
2019-05-01,"AQ Aspiron","Atliq Exclusive",India,14
2019-05-01,"AQ Aspiron","Atliq Exclusive",India,11
2019-05-01,"AQ Aspiron","Atliq Exclusive",India,5
2019-05-01,"AQ Aspiron","Atliq Exclusive",India,9
2019-05-01,"AQ Aspiron","Atliq Exclusive",India,3
2019-05-01,"AQ Aspiron","Atliq Exclusive",India,9
2019-05-01,"AQ Aspiron","Atliq Exclusive",India,14
2019-05-01,"AQ Aspiron","Atliq Exclusive",India,13
2019-05-01,"AQ Aspiron","Atliq Exclusive",India,15
2019-05-01,"AQ Aspiron","Atliq Exclusive",India,7
2019-05-01,"AQ Aspiron","Atliq Exclusive",India,11
2019-05-01,"AQ Digit","Atliq Exclusive",India,6
2019-05-01,"AQ Digit","Atliq Exclusive",India,7
2019-05-01,"AQ Digit","Atliq Exclusive",India,4
2019-05-01,"AQ Digit","Atliq Exclusive",India,6
2019-05-01,"AQ Digit","Atliq Exclusive",India,4
2019-05-01,"AQ Digit","Atliq Exclusive",India,3
2019-05-01,"AQ Digit","Atliq Exclusive",India,14
2019-05-01,"AQ Digit","Atliq Exclusive",India,8
2019-05-01,"AQ Digit","Atliq Exclusive",India,3
2019-05-01,"AQ Digit","Atliq Exclusive",India,5
2019-05-01,"AQ Digit","Atliq Exclusive",India,8
2019-05-01,"AQ Digit","Atliq Exclusive",India,10
2019-05-01,"AQ Digit","Atliq Exclusive",India,4
2019-05-01,"AQ Digit","Atliq Exclusive",India,5
2019-05-01,"AQ Digit","Atliq Exclusive",India,15
2019-05-01,"AQ Digit","Atliq Exclusive",India,9
2019-05-01,"AQ Velocity","Atliq Exclusive",India,3
2019-05-01,"AQ Velocity","Atliq Exclusive",India,12
2019-05-01,"AQ Velocity","Atliq Exclusive",India,9
2019-05-01,"AQ Velocity","Atliq Exclusive",India,13
2019-05-01,"AQ Velocity","Atliq Exclusive",India,14
2019-05-01,"AQ Velocity","Atliq Exclusive",India,14
2019-05-01,"AQ Velocity","Atliq Exclusive",India,7
2019-05-01,"AQ Velocity","Atliq Exclusive",India,13
2019-05-01,"AQ Velocity","Atliq Exclusive",India,10
2019-05-01,"AQ Velocity","Atliq Exclusive",India,13
2019-05-01,"AQ Velocity","Atliq Exclusive",India,14
2019-05-01,"AQ Velocity","Atliq Exclusive",India,12
2019-05-01,"AQ Elite","Atliq Exclusive",India,4
2019-05-01,"AQ Elite","Atliq Exclusive",India,4
2019-05-01,"AQ Elite","Atliq Exclusive",India,6
2019-05-01,"AQ Elite","Atliq Exclusive",India,3
2019-05-01,"AQ Elite","Atliq Exclusive",India,13
2019-05-01,"AQ Elite","Atliq Exclusive",India,10
2019-05-01,"AQ BZ 101","Atliq Exclusive",India,2
2019-05-01,"AQ BZ 101","Atliq Exclusive",India,5
2019-05-01,"AQ BZ 101","Atliq Exclusive",India,2
2019-05-01,"AQ BZ 101","Atliq Exclusive",India,8
2019-05-01,"AQ BZ 101","Atliq Exclusive",India,8
2019-05-01,"AQ BZ 101","Atliq Exclusive",India,10
2019-05-01,"AQ BZ 101","Atliq Exclusive",India,8
2019-05-01,"AQ BZ 101","Atliq Exclusive",India,2
2019-05-01,"AQ BZ Compact","Atliq Exclusive",India,6
2019-05-01,"AQ BZ Compact","Atliq Exclusive",India,10
2019-05-01,"AQ BZ Compact","Atliq Exclusive",India,8
2019-05-01,"AQ BZ Compact","Atliq Exclusive",India,4
2019-05-01,"AQ BZ Compact","Atliq Exclusive",India,6
2019-05-01,"AQ BZ Compact","Atliq Exclusive",India,3
2019-05-01,"AQ BZ Compact","Atliq Exclusive",India,3
2019-05-01,"AQ BZ Compact","Atliq Exclusive",India,4
2019-05-01,"AQ BZ Compact","Atliq Exclusive",India,7
2019-05-01,"AQ BZ Compact","Atliq Exclusive",India,8
2019-05-01,"AQ BZ Compact","Atliq Exclusive",India,3
2019-05-01,"AQ BZ Compact","Atliq Exclusive",India,5
2019-05-01,"AQ BZ Compact","Atliq Exclusive",India,8
2019-05-01,"AQ BZ Compact","Atliq Exclusive",India,4
2019-05-01,"AQ BZ Compact","Atliq Exclusive",India,6
2019-05-01,"AQ BZ Compact","Atliq Exclusive",India,2
2019-05-01,"AQ BZ Gen Y","Atliq Exclusive",India,10
2019-05-01,"AQ BZ Gen Y","Atliq Exclusive",India,4
2019-05-01,"AQ BZ Gen Y","Atliq Exclusive",India,8
2019-05-01,"AQ BZ Gen Y","Atliq Exclusive",India,9
2019-05-01,"AQ BZ Gen Y","Atliq Exclusive",India,4
2019-05-01,"AQ BZ Gen Y","Atliq Exclusive",India,3
2019-05-01,"AQ BZ Gen Y","Atliq Exclusive",India,9
2019-05-01,"AQ BZ Gen Y","Atliq Exclusive",India,6
2019-05-01,"AQ Gamer 1","Atliq Exclusive",India,3
2019-05-01,"AQ Gamer 1","Atliq Exclusive",India,1
2019-05-01,"AQ Gamer 1","Atliq Exclusive",India,1
2019-05-01,"AQ Gamer 1","Atliq Exclusive",India,2
2019-05-01,"AQ Gamer 1","Atliq Exclusive",India,3
2019-05-01,"AQ Gamer 1","Atliq Exclusive",India,2
2019-05-01,"AQ Gamer 1","Atliq Exclusive",India,3
2019-05-01,"AQ Gamer 1","Atliq Exclusive",India,3
2019-05-01,"AQ Gamer 1","Atliq Exclusive",India,2
2019-05-01,"AQ Gamer 1","Atliq Exclusive",India,2
2019-05-01,"AQ Gamer 1","Atliq Exclusive",India,1
2019-05-01,"AQ Gamer 1","Atliq Exclusive",India,3
2019-05-01,"AQ Gamer 1","Atliq Exclusive",India,2
2019-05-01,"AQ Gamer 1","Atliq Exclusive",India,2
2019-05-01,"AQ Gamer 1","Atliq Exclusive",India,1
2019-05-01,"AQ Gamer 1","Atliq Exclusive",India,2
2019-05-01,"AQ Gamer 2","Atliq Exclusive",India,3
2019-05-01,"AQ Gamer 2","Atliq Exclusive",India,3
2019-05-01,"AQ Gamer 2","Atliq Exclusive",India,3
2019-05-01,"AQ Gamer 2","Atliq Exclusive",India,2
2019-05-01,"AQ Gamer 2","Atliq Exclusive",India,2
2019-05-01,"AQ Gamer 2","Atliq Exclusive",India,3
2019-05-01,"AQ Gamer 2","Atliq Exclusive",India,1
2019-05-01,"AQ Gamer 2","Atliq Exclusive",India,3
2019-05-01,"AQ Gamer 2","Atliq Exclusive",India,2
2019-05-01,"AQ Gamer 2","Atliq Exclusive",India,1
2019-05-01,"AQ Gamer 2","Atliq Exclusive",India,2
2019-05-01,"AQ Gamer 2","Atliq Exclusive",India,3
2019-05-01,"AQ Gamer 2","Atliq Exclusive",India,2
2019-05-01,"AQ Gamer 2","Atliq Exclusive",India,3
2019-05-01,"AQ Gamer 2","Atliq Exclusive",India,2
2019-05-01,"AQ Gamer 2","Atliq Exclusive",India,1
2019-05-01,"AQ Gamer 3","Atliq Exclusive",India,1
2019-05-01,"AQ Gamer 3","Atliq Exclusive",India,2
2019-05-01,"AQ Gamer 3","Atliq Exclusive",India,3
2019-05-01,"AQ Gamer 3","Atliq Exclusive",India,2
2019-05-01,"AQ Gamer 3","Atliq Exclusive",India,2
2019-05-01,"AQ Gamer 3","Atliq Exclusive",India,3
2019-05-01,"AQ Gamer 3","Atliq Exclusive",India,2
2019-05-01,"AQ Gamer 3","Atliq Exclusive",India,1
2019-05-01,"AQ Gamer 3","Atliq Exclusive",India,1
2019-05-01,"AQ Gamer 3","Atliq Exclusive",India,2
2019-05-01,"AQ Gamer 3","Atliq Exclusive",India,2
2019-05-01,"AQ Gamer 3","Atliq Exclusive",India,1
2019-05-01,"AQ Gamer 3","Atliq Exclusive",India,3
2019-05-01,"AQ Gamer 3","Atliq Exclusive",India,3
2019-05-01,"AQ Gamer 3","Atliq Exclusive",India,1
2019-05-01,"AQ Gamer 3","Atliq Exclusive",India,3
2019-05-01,"AQ Smash 1","Atliq Exclusive",India,1
2019-05-01,"AQ Smash 1","Atliq Exclusive",India,1
2019-05-01,"AQ Smash 1","Atliq Exclusive",India,3
2019-05-01,"AQ Smash 1","Atliq Exclusive",India,1
2019-05-01,"AQ Smash 1","Atliq Exclusive",India,2
2019-05-01,"AQ Smash 1","Atliq Exclusive",India,1
2019-05-01,"AQ Smash 1","Atliq Exclusive",India,3
2019-05-01,"AQ Smash 1","Atliq Exclusive",India,2
2019-05-01,"AQ Smash 1","Atliq Exclusive",India,3
2019-05-01,"AQ Smash 1","Atliq Exclusive",India,1
2019-05-01,"AQ Digit SSD","Atliq Exclusive",India,589
2019-05-01,"AQ Digit SSD","Atliq Exclusive",India,292
2019-05-01,"AQ Digit SSD","Atliq Exclusive",India,295
2019-05-01,"AQ Digit SSD","Atliq Exclusive",India,430
2019-05-01,"AQ Digit SSD","Atliq Exclusive",India,688
2019-05-01,"AQ Digit SSD","Atliq Exclusive",India,680
2019-05-01,"AQ Neuer SSD","Atliq Exclusive",India,826
2019-05-01,"AQ Neuer SSD","Atliq Exclusive",India,206
2019-05-01,"AQ Neuer SSD","Atliq Exclusive",India,438
2019-05-01,"AQ Neuer SSD","Atliq Exclusive",India,436
2019-05-01,"AQ Neuer SSD","Atliq Exclusive",India,374
2019-05-01,"AQ Neuer SSD","Atliq Exclusive",India,808
2019-05-01,"AQ Wi Power Dx1","Atliq Exclusive",India,894
2019-05-01,"AQ Wi Power Dx1","Atliq Exclusive",India,696
2019-05-01,"AQ Wi Power Dx1","Atliq Exclusive",India,308
2019-05-01,"AQ Wi Power Dx1","Atliq Exclusive",India,426
2019-05-01,"AQ Wi Power Dx1","Atliq Exclusive",India,582
2019-05-01,"AQ Wi Power Dx1","Atliq Exclusive",India,998
2019-05-01,"AQ Wi Power Dx2","Atliq Exclusive",India,854
2019-05-01,"AQ Wi Power Dx2","Atliq Exclusive",India,194
2019-06-01,"AQ Dracula HDD – 3.5 Inch SATA 6 Gb/s 5400 RPM 256 MB Cache","Atliq Exclusive",India,104
2019-06-01,"AQ Dracula HDD – 3.5 Inch SATA 6 Gb/s 5400 RPM 256 MB Cache","Atliq Exclusive",India,71
2019-06-01,"AQ Dracula HDD – 3.5 Inch SATA 6 Gb/s 5400 RPM 256 MB Cache","Atliq Exclusive",India,61
2019-06-01,"AQ Dracula HDD – 3.5 Inch SATA 6 Gb/s 5400 RPM 256 MB Cache","Atliq Exclusive",India,48
2019-06-01,"AQ WereWolf NAS Internal Hard Drive HDD – 8.89 cm","Atliq Exclusive",India,122
2019-06-01,"AQ WereWolf NAS Internal Hard Drive HDD – 8.89 cm","Atliq Exclusive",India,33
2019-06-01,"AQ Mforce Gen X","Atliq Exclusive",India,44
2019-06-01,"AQ Mforce Gen X","Atliq Exclusive",India,56
2019-06-01,"AQ Mforce Gen X","Atliq Exclusive",India,31
2019-06-01,"AQ Mforce Gen X","Atliq Exclusive",India,84
2019-06-01,"AQ Mforce Gen X","Atliq Exclusive",India,39
2019-06-01,"AQ Mforce Gen X","Atliq Exclusive",India,45
2019-06-01,"AQ Mforce Gen X","Atliq Exclusive",India,12
2019-06-01,"AQ Mforce Gen X","Atliq Exclusive",India,47
2019-06-01,"AQ Mforce Gen Y","Atliq Exclusive",India,83
2019-06-01,"AQ Mforce Gen Y","Atliq Exclusive",India,85
2019-06-01,"AQ Mforce Gen Y","Atliq Exclusive",India,12
2019-06-01,"AQ Mforce Gen Y","Atliq Exclusive",India,90
2019-06-01,"AQ Mforce Gen Y","Atliq Exclusive",India,95
2019-06-01,"AQ Mforce Gen Y","Atliq Exclusive",India,69
2019-06-01,"AQ Mforce Gen Y","Atliq Exclusive",India,25
2019-06-01,"AQ Mforce Gen Y","Atliq Exclusive",India,99
2019-06-01,"AQ 5000 Series Electron 9 5900X Desktop Processor","Atliq Exclusive",India,24
2019-06-01,"AQ 5000 Series Electron 9 5900X Desktop Processor","Atliq Exclusive",India,13
2019-06-01,"AQ 5000 Series Electron 9 5900X Desktop Processor","Atliq Exclusive",India,17
2019-06-01,"AQ 5000 Series Electron 8 5900X Desktop Processor","Atliq Exclusive",India,34
2019-06-01,"AQ 5000 Series Electron 8 5900X Desktop Processor","Atliq Exclusive",India,35
2019-06-01,"AQ 5000 Series Electron 8 5900X Desktop Processor","Atliq Exclusive",India,18
2019-06-01,"AQ 5000 Series Ultron 8 5900X Desktop Processor","Atliq Exclusive",India,57
2019-06-01,"AQ 5000 Series Ultron 8 5900X Desktop Processor","Atliq Exclusive",India,28
2019-06-01,"AQ 5000 Series Ultron 8 5900X Desktop Processor","Atliq Exclusive",India,33
2019-06-01,"AQ MB Elite","Atliq Exclusive",India,9
2019-06-01,"AQ MB Elite","Atliq Exclusive",India,2
2019-06-01,"AQ MB Elite","Atliq Exclusive",India,9
2019-06-01,"AQ MB Elite","Atliq Exclusive",India,4
2019-06-01,"AQ MB Crossx","Atliq Exclusive",India,2
2019-06-01,"AQ MB Crossx","Atliq Exclusive",India,4
2019-06-01,"AQ MB Crossx","Atliq Exclusive",India,10
2019-06-01,"AQ MB Crossx","Atliq Exclusive",India,4
2019-06-01,"AQ MB Crossx 2","Atliq Exclusive",India,5
2019-06-01,"AQ Master wired x1 Ms","Atliq Exclusive",India,252
2019-06-01,"AQ Master wired x1 Ms","Atliq Exclusive",India,609
2019-06-01,"AQ Master wired x1 Ms","Atliq Exclusive",India,549
2019-06-01,"AQ Master wired x1 Ms","Atliq Exclusive",India,403
2019-06-01,"AQ Master wired x1 Ms","Atliq Exclusive",India,78
2019-06-01,"AQ Master wired x1 Ms","Atliq Exclusive",India,331
2019-06-01,"AQ Master wireless x1 Ms","Atliq Exclusive",India,304
2019-06-01,"AQ Master wireless x1 Ms","Atliq Exclusive",India,422
2019-06-01,"AQ Master wireless x1 Ms","Atliq Exclusive",India,387
2019-06-01,"AQ Master wireless x1 Ms","Atliq Exclusive",India,392
2019-06-01,"AQ Master wireless x1 Ms","Atliq Exclusive",India,187
2019-06-01,"AQ Master wireless x1 Ms","Atliq Exclusive",India,162
2019-06-01,"AQ Gamers Ms","Atliq Exclusive",India,104
2019-06-01,"AQ Gamers Ms","Atliq Exclusive",India,411
2019-06-01,"AQ Gamers Ms","Atliq Exclusive",India,404
2019-06-01,"AQ Gamers Ms","Atliq Exclusive",India,517
2019-06-01,"AQ Gamers Ms","Atliq Exclusive",India,200
2019-06-01,"AQ Master wired x1","Atliq Exclusive",India,116
2019-06-01,"AQ Master wired x1","Atliq Exclusive",India,308
2019-06-01,"AQ Master wired x1","Atliq Exclusive",India,314
2019-06-01,"AQ Master wired x1","Atliq Exclusive",India,107
2019-06-01,"AQ Master wired x1","Atliq Exclusive",India,292
2019-06-01,"AQ Master wired x1","Atliq Exclusive",India,234
2019-06-01,"AQ Master wireless x1","Atliq Exclusive",India,456
2019-06-01,"AQ Master wireless x1","Atliq Exclusive",India,176
2019-06-01,"AQ Master wireless x1","Atliq Exclusive",India,124
2019-06-01,"AQ Master wireless x1","Atliq Exclusive",India,405
2019-06-01,"AQ Master wireless x1","Atliq Exclusive",India,343
2019-06-01,"AQ Master wireless x1","Atliq Exclusive",India,140
2019-06-01,"AQ Gamers ","Atliq Exclusive",India,379
2019-06-01,"AQ Gamers ","Atliq Exclusive",India,71
2019-06-01,"AQ Gamers ","Atliq Exclusive",India,128
2019-06-01,"AQ Gamers ","Atliq Exclusive",India,419
2019-06-01,"AQ Gamers ","Atliq Exclusive",India,456
2019-06-01,"AQ Gamers ","Atliq Exclusive",India,77
2019-06-01,"AQ Lite","Atliq Exclusive",India,58
2019-06-01,"AQ Lite","Atliq Exclusive",India,343
2019-06-01,"AQ Aspiron","Atliq Exclusive",India,6
2019-06-01,"AQ Aspiron","Atliq Exclusive",India,12
2019-06-01,"AQ Aspiron","Atliq Exclusive",India,9
2019-06-01,"AQ Aspiron","Atliq Exclusive",India,11
2019-06-01,"AQ Aspiron","Atliq Exclusive",India,8
2019-06-01,"AQ Aspiron","Atliq Exclusive",India,3
2019-06-01,"AQ Aspiron","Atliq Exclusive",India,3
2019-06-01,"AQ Digit","Atliq Exclusive",India,12
2019-06-01,"AQ Digit","Atliq Exclusive",India,15
2019-06-01,"AQ Digit","Atliq Exclusive",India,13
2019-06-01,"AQ Digit","Atliq Exclusive",India,3
2019-06-01,"AQ Digit","Atliq Exclusive",India,8
2019-06-01,"AQ Digit","Atliq Exclusive",India,15
2019-06-01,"AQ Digit","Atliq Exclusive",India,15
2019-06-01,"AQ Digit","Atliq Exclusive",India,7
2019-06-01,"AQ Velocity","Atliq Exclusive",India,5
2019-06-01,"AQ Velocity","Atliq Exclusive",India,14
2019-06-01,"AQ Velocity","Atliq Exclusive",India,10
2019-06-01,"AQ Velocity","Atliq Exclusive",India,7
2019-06-01,"AQ Velocity","Atliq Exclusive",India,13
2019-06-01,"AQ Velocity","Atliq Exclusive",India,3
2019-06-01,"AQ Elite","Atliq Exclusive",India,5
2019-06-01,"AQ Elite","Atliq Exclusive",India,6
2019-06-01,"AQ Elite","Atliq Exclusive",India,3
2019-06-01,"AQ BZ 101","Atliq Exclusive",India,6
2019-06-01,"AQ BZ 101","Atliq Exclusive",India,9
2019-06-01,"AQ BZ 101","Atliq Exclusive",India,9
2019-06-01,"AQ BZ 101","Atliq Exclusive",India,9
2019-06-01,"AQ BZ Compact","Atliq Exclusive",India,3
2019-06-01,"AQ BZ Compact","Atliq Exclusive",India,6
2019-06-01,"AQ BZ Compact","Atliq Exclusive",India,10
2019-06-01,"AQ BZ Compact","Atliq Exclusive",India,3
2019-06-01,"AQ BZ Compact","Atliq Exclusive",India,6
2019-06-01,"AQ BZ Compact","Atliq Exclusive",India,9
2019-06-01,"AQ BZ Compact","Atliq Exclusive",India,8
2019-06-01,"AQ BZ Compact","Atliq Exclusive",India,5
2019-06-01,"AQ BZ Gen Y","Atliq Exclusive",India,7
2019-06-01,"AQ BZ Gen Y","Atliq Exclusive",India,10
2019-06-01,"AQ BZ Gen Y","Atliq Exclusive",India,9
2019-06-01,"AQ BZ Gen Y","Atliq Exclusive",India,2
2019-06-01,"AQ Gamer 1","Atliq Exclusive",India,3
2019-06-01,"AQ Gamer 1","Atliq Exclusive",India,1
2019-06-01,"AQ Gamer 1","Atliq Exclusive",India,1
2019-06-01,"AQ Gamer 1","Atliq Exclusive",India,3
2019-06-01,"AQ Gamer 1","Atliq Exclusive",India,1
2019-06-01,"AQ Gamer 1","Atliq Exclusive",India,1
2019-06-01,"AQ Gamer 1","Atliq Exclusive",India,3
2019-06-01,"AQ Gamer 1","Atliq Exclusive",India,1
2019-06-01,"AQ Gamer 2","Atliq Exclusive",India,3
2019-06-01,"AQ Gamer 2","Atliq Exclusive",India,2
2019-06-01,"AQ Gamer 2","Atliq Exclusive",India,1
2019-06-01,"AQ Gamer 2","Atliq Exclusive",India,3
2019-06-01,"AQ Gamer 2","Atliq Exclusive",India,2
2019-06-01,"AQ Gamer 2","Atliq Exclusive",India,2
2019-06-01,"AQ Gamer 2","Atliq Exclusive",India,3
2019-06-01,"AQ Gamer 2","Atliq Exclusive",India,2
2019-06-01,"AQ Gamer 3","Atliq Exclusive",India,3
2019-06-01,"AQ Gamer 3","Atliq Exclusive",India,1
2019-06-01,"AQ Gamer 3","Atliq Exclusive",India,1
2019-06-01,"AQ Gamer 3","Atliq Exclusive",India,3
2019-06-01,"AQ Gamer 3","Atliq Exclusive",India,1
2019-06-01,"AQ Gamer 3","Atliq Exclusive",India,2
2019-06-01,"AQ Gamer 3","Atliq Exclusive",India,2
2019-06-01,"AQ Gamer 3","Atliq Exclusive",India,1
2019-06-01,"AQ Smash 1","Atliq Exclusive",India,3
2019-06-01,"AQ Smash 1","Atliq Exclusive",India,2
2019-06-01,"AQ Smash 1","Atliq Exclusive",India,3
2019-06-01,"AQ Smash 1","Atliq Exclusive",India,2
2019-06-01,"AQ Smash 1","Atliq Exclusive",India,2
2019-06-01,"AQ Digit SSD","Atliq Exclusive",India,223
2019-06-01,"AQ Digit SSD","Atliq Exclusive",India,361
2019-06-01,"AQ Digit SSD","Atliq Exclusive",India,139
2019-06-01,"AQ Neuer SSD","Atliq Exclusive",India,633
2019-06-01,"AQ Neuer SSD","Atliq Exclusive",India,573
2019-06-01,"AQ Neuer SSD","Atliq Exclusive",India,848
2019-06-01,"AQ Wi Power Dx1","Atliq Exclusive",India,976
2019-06-01,"AQ Wi Power Dx1","Atliq Exclusive",India,217
2019-06-01,"AQ Wi Power Dx1","Atliq Exclusive",India,477
2019-06-01,"AQ Wi Power Dx2","Atliq Exclusive",India,753
2019-07-01,"AQ Dracula HDD – 3.5 Inch SATA 6 Gb/s 5400 RPM 256 MB Cache","Atliq Exclusive",India,97
2019-07-01,"AQ Dracula HDD – 3.5 Inch SATA 6 Gb/s 5400 RPM 256 MB Cache","Atliq Exclusive",India,76
2019-07-01,"AQ Dracula HDD – 3.5 Inch SATA 6 Gb/s 5400 RPM 256 MB Cache","Atliq Exclusive",India,29
2019-07-01,"AQ Dracula HDD – 3.5 Inch SATA 6 Gb/s 5400 RPM 256 MB Cache","Atliq Exclusive",India,98
2019-07-01,"AQ Dracula HDD – 3.5 Inch SATA 6 Gb/s 5400 RPM 256 MB Cache","Atliq Exclusive",India,57
2019-07-01,"AQ Dracula HDD – 3.5 Inch SATA 6 Gb/s 5400 RPM 256 MB Cache","Atliq Exclusive",India,25
2019-07-01,"AQ Dracula HDD – 3.5 Inch SATA 6 Gb/s 5400 RPM 256 MB Cache","Atliq Exclusive",India,117
2019-07-01,"AQ Dracula HDD – 3.5 Inch SATA 6 Gb/s 5400 RPM 256 MB Cache","Atliq Exclusive",India,83
2019-07-01,"AQ WereWolf NAS Internal Hard Drive HDD – 8.89 cm","Atliq Exclusive",India,129
2019-07-01,"AQ WereWolf NAS Internal Hard Drive HDD – 8.89 cm","Atliq Exclusive",India,67
2019-07-01,"AQ WereWolf NAS Internal Hard Drive HDD – 8.89 cm","Atliq Exclusive",India,111
2019-07-01,"AQ WereWolf NAS Internal Hard Drive HDD – 8.89 cm","Atliq Exclusive",India,38
2019-07-01,"AQ Mforce Gen X","Atliq Exclusive",India,14
2019-07-01,"AQ Mforce Gen X","Atliq Exclusive",India,86
2019-07-01,"AQ Mforce Gen X","Atliq Exclusive",India,26
2019-07-01,"AQ Mforce Gen X","Atliq Exclusive",India,101
2019-07-01,"AQ Mforce Gen X","Atliq Exclusive",India,42
2019-07-01,"AQ Mforce Gen X","Atliq Exclusive",India,24
2019-07-01,"AQ Mforce Gen X","Atliq Exclusive",India,46
2019-07-01,"AQ Mforce Gen X","Atliq Exclusive",India,48
2019-07-01,"AQ Mforce Gen X","Atliq Exclusive",India,61
2019-07-01,"AQ Mforce Gen X","Atliq Exclusive",India,84
2019-07-01,"AQ Mforce Gen X","Atliq Exclusive",India,46
2019-07-01,"AQ Mforce Gen X","Atliq Exclusive",India,82
2019-07-01,"AQ Mforce Gen X","Atliq Exclusive",India,44
2019-07-01,"AQ Mforce Gen X","Atliq Exclusive",India,19
2019-07-01,"AQ Mforce Gen X","Atliq Exclusive",India,31
2019-07-01,"AQ Mforce Gen X","Atliq Exclusive",India,36
2019-07-01,"AQ Mforce Gen Y","Atliq Exclusive",India,69
2019-07-01,"AQ Mforce Gen Y","Atliq Exclusive",India,88
2019-07-01,"AQ Mforce Gen Y","Atliq Exclusive",India,32
2019-07-01,"AQ Mforce Gen Y","Atliq Exclusive",India,38
2019-07-01,"AQ Mforce Gen Y","Atliq Exclusive",India,96
2019-07-01,"AQ Mforce Gen Y","Atliq Exclusive",India,12
2019-07-01,"AQ Mforce Gen Y","Atliq Exclusive",India,20
2019-07-01,"AQ Mforce Gen Y","Atliq Exclusive",India,90
2019-07-01,"AQ Mforce Gen Y","Atliq Exclusive",India,102
2019-07-01,"AQ Mforce Gen Y","Atliq Exclusive",India,69
2019-07-01,"AQ Mforce Gen Y","Atliq Exclusive",India,44
2019-07-01,"AQ Mforce Gen Y","Atliq Exclusive",India,91
2019-07-01,"AQ Mforce Gen Y","Atliq Exclusive",India,41
2019-07-01,"AQ Mforce Gen Y","Atliq Exclusive",India,58
2019-07-01,"AQ Mforce Gen Y","Atliq Exclusive",India,23
2019-07-01,"AQ Mforce Gen Y","Atliq Exclusive",India,29
2019-07-01,"AQ 5000 Series Electron 9 5900X Desktop Processor","Atliq Exclusive",India,27
2019-07-01,"AQ 5000 Series Electron 9 5900X Desktop Processor","Atliq Exclusive",India,19
2019-07-01,"AQ 5000 Series Electron 9 5900X Desktop Processor","Atliq Exclusive",India,52
2019-07-01,"AQ 5000 Series Electron 9 5900X Desktop Processor","Atliq Exclusive",India,21
2019-07-01,"AQ 5000 Series Electron 9 5900X Desktop Processor","Atliq Exclusive",India,14
2019-07-01,"AQ 5000 Series Electron 9 5900X Desktop Processor","Atliq Exclusive",India,40
2019-07-01,"AQ 5000 Series Electron 8 5900X Desktop Processor","Atliq Exclusive",India,24
2019-07-01,"AQ 5000 Series Electron 8 5900X Desktop Processor","Atliq Exclusive",India,14
2019-07-01,"AQ 5000 Series Electron 8 5900X Desktop Processor","Atliq Exclusive",India,50
2019-07-01,"AQ 5000 Series Electron 8 5900X Desktop Processor","Atliq Exclusive",India,31
2019-07-01,"AQ 5000 Series Electron 8 5900X Desktop Processor","Atliq Exclusive",India,47
2019-07-01,"AQ 5000 Series Electron 8 5900X Desktop Processor","Atliq Exclusive",India,51
2019-07-01,"AQ 5000 Series Ultron 8 5900X Desktop Processor","Atliq Exclusive",India,49
2019-07-01,"AQ 5000 Series Ultron 8 5900X Desktop Processor","Atliq Exclusive",India,59
2019-07-01,"AQ 5000 Series Ultron 8 5900X Desktop Processor","Atliq Exclusive",India,16
2019-07-01,"AQ 5000 Series Ultron 8 5900X Desktop Processor","Atliq Exclusive",India,31
2019-07-01,"AQ 5000 Series Ultron 8 5900X Desktop Processor","Atliq Exclusive",India,25
2019-07-01,"AQ 5000 Series Ultron 8 5900X Desktop Processor","Atliq Exclusive",India,7
2019-07-01,"AQ MB Elite","Atliq Exclusive",India,7
2019-07-01,"AQ MB Elite","Atliq Exclusive",India,4
2019-07-01,"AQ MB Elite","Atliq Exclusive",India,7
2019-07-01,"AQ MB Elite","Atliq Exclusive",India,2
2019-07-01,"AQ MB Elite","Atliq Exclusive",India,11
2019-07-01,"AQ MB Elite","Atliq Exclusive",India,4
2019-07-01,"AQ MB Elite","Atliq Exclusive",India,5
2019-07-01,"AQ MB Elite","Atliq Exclusive",India,7
2019-07-01,"AQ MB Crossx","Atliq Exclusive",India,11
2019-07-01,"AQ MB Crossx","Atliq Exclusive",India,5
2019-07-01,"AQ MB Crossx","Atliq Exclusive",India,11
2019-07-01,"AQ MB Crossx","Atliq Exclusive",India,10
2019-07-01,"AQ MB Crossx","Atliq Exclusive",India,9
2019-07-01,"AQ MB Crossx","Atliq Exclusive",India,5
2019-07-01,"AQ MB Crossx","Atliq Exclusive",India,5
2019-07-01,"AQ MB Crossx","Atliq Exclusive",India,9
2019-07-01,"AQ MB Crossx 2","Atliq Exclusive",India,5
2019-07-01,"AQ MB Crossx 2","Atliq Exclusive",India,7
2019-07-01,"AQ Master wired x1 Ms","Atliq Exclusive",India,384
2019-07-01,"AQ Master wired x1 Ms","Atliq Exclusive",India,255
2019-07-01,"AQ Master wired x1 Ms","Atliq Exclusive",India,528
2019-07-01,"AQ Master wired x1 Ms","Atliq Exclusive",India,583
2019-07-01,"AQ Master wired x1 Ms","Atliq Exclusive",India,532
2019-07-01,"AQ Master wired x1 Ms","Atliq Exclusive",India,582
2019-07-01,"AQ Master wired x1 Ms","Atliq Exclusive",India,501
2019-07-01,"AQ Master wired x1 Ms","Atliq Exclusive",India,322
2019-07-01,"AQ Master wired x1 Ms","Atliq Exclusive",India,517
2019-07-01,"AQ Master wired x1 Ms","Atliq Exclusive",India,121
2019-07-01,"AQ Master wired x1 Ms","Atliq Exclusive",India,94
2019-07-01,"AQ Master wired x1 Ms","Atliq Exclusive",India,446
2019-07-01,"AQ Master wireless x1 Ms","Atliq Exclusive",India,198
2019-07-01,"AQ Master wireless x1 Ms","Atliq Exclusive",India,422
2019-07-01,"AQ Master wireless x1 Ms","Atliq Exclusive",India,421
2019-07-01,"AQ Master wireless x1 Ms","Atliq Exclusive",India,277
2019-07-01,"AQ Master wireless x1 Ms","Atliq Exclusive",India,256
2019-07-01,"AQ Master wireless x1 Ms","Atliq Exclusive",India,139
2019-07-01,"AQ Master wireless x1 Ms","Atliq Exclusive",India,506
2019-07-01,"AQ Master wireless x1 Ms","Atliq Exclusive",India,354
2019-07-01,"AQ Master wireless x1 Ms","Atliq Exclusive",India,356
2019-07-01,"AQ Master wireless x1 Ms","Atliq Exclusive",India,487
2019-07-01,"AQ Master wireless x1 Ms","Atliq Exclusive",India,451
2019-07-01,"AQ Master wireless x1 Ms","Atliq Exclusive",India,571
2019-07-01,"AQ Gamers Ms","Atliq Exclusive",India,113
2019-07-01,"AQ Gamers Ms","Atliq Exclusive",India,182
2019-07-01,"AQ Gamers Ms","Atliq Exclusive",India,481
2019-07-01,"AQ Gamers Ms","Atliq Exclusive",India,412
2019-07-01,"AQ Gamers Ms","Atliq Exclusive",India,462
2019-07-01,"AQ Gamers Ms","Atliq Exclusive",India,307
2019-07-01,"AQ Gamers Ms","Atliq Exclusive",India,525
2019-07-01,"AQ Gamers Ms","Atliq Exclusive",India,560
2019-07-01,"AQ Gamers Ms","Atliq Exclusive",India,215
2019-07-01,"AQ Gamers Ms","Atliq Exclusive",India,433
2019-07-01,"AQ Master wired x1","Atliq Exclusive",India,189
2019-07-01,"AQ Master wired x1","Atliq Exclusive",India,116
2019-07-01,"AQ Master wired x1","Atliq Exclusive",India,48
2019-07-01,"AQ Master wired x1","Atliq Exclusive",India,466
2019-07-01,"AQ Master wired x1","Atliq Exclusive",India,322
2019-07-01,"AQ Master wired x1","Atliq Exclusive",India,426
2019-07-01,"AQ Master wired x1","Atliq Exclusive",India,271
2019-07-01,"AQ Master wired x1","Atliq Exclusive",India,256
2019-07-01,"AQ Master wired x1","Atliq Exclusive",India,362
2019-07-01,"AQ Master wired x1","Atliq Exclusive",India,333
2019-07-01,"AQ Master wired x1","Atliq Exclusive",India,353
2019-07-01,"AQ Master wired x1","Atliq Exclusive",India,452
2019-07-01,"AQ Master wireless x1","Atliq Exclusive",India,340
2019-07-01,"AQ Master wireless x1","Atliq Exclusive",India,172
2019-07-01,"AQ Master wireless x1","Atliq Exclusive",India,327
2019-07-01,"AQ Master wireless x1","Atliq Exclusive",India,136
2019-07-01,"AQ Master wireless x1","Atliq Exclusive",India,359
2019-07-01,"AQ Master wireless x1","Atliq Exclusive",India,262
2019-07-01,"AQ Master wireless x1","Atliq Exclusive",India,322
2019-07-01,"AQ Master wireless x1","Atliq Exclusive",India,175
2019-07-01,"AQ Master wireless x1","Atliq Exclusive",India,137
2019-07-01,"AQ Master wireless x1","Atliq Exclusive",India,340
2019-07-01,"AQ Master wireless x1","Atliq Exclusive",India,274
2019-07-01,"AQ Master wireless x1","Atliq Exclusive",India,314
2019-07-01,"AQ Gamers ","Atliq Exclusive",India,165
2019-07-01,"AQ Gamers ","Atliq Exclusive",India,112
2019-07-01,"AQ Gamers ","Atliq Exclusive",India,455
2019-07-01,"AQ Gamers ","Atliq Exclusive",India,148
2019-07-01,"AQ Gamers ","Atliq Exclusive",India,419
2019-07-01,"AQ Gamers ","Atliq Exclusive",India,465
2019-07-01,"AQ Gamers ","Atliq Exclusive",India,213
2019-07-01,"AQ Gamers ","Atliq Exclusive",India,328
2019-07-01,"AQ Gamers ","Atliq Exclusive",India,137
2019-07-01,"AQ Gamers ","Atliq Exclusive",India,393
2019-07-01,"AQ Gamers ","Atliq Exclusive",India,274
2019-07-01,"AQ Gamers ","Atliq Exclusive",India,407
2019-07-01,"AQ Lite","Atliq Exclusive",India,437
2019-07-01,"AQ Lite","Atliq Exclusive",India,397
2019-07-01,"AQ Lite","Atliq Exclusive",India,348
2019-07-01,"AQ Lite","Atliq Exclusive",India,188
2019-07-01,"AQ Aspiron","Atliq Exclusive",India,5
2019-07-01,"AQ Aspiron","Atliq Exclusive",India,9
2019-07-01,"AQ Aspiron","Atliq Exclusive",India,7
2019-07-01,"AQ Aspiron","Atliq Exclusive",India,8
2019-07-01,"AQ Aspiron","Atliq Exclusive",India,11
2019-07-01,"AQ Aspiron","Atliq Exclusive",India,5
2019-07-01,"AQ Aspiron","Atliq Exclusive",India,9
2019-07-01,"AQ Aspiron","Atliq Exclusive",India,13
2019-07-01,"AQ Aspiron","Atliq Exclusive",India,5
2019-07-01,"AQ Aspiron","Atliq Exclusive",India,14
2019-07-01,"AQ Aspiron","Atliq Exclusive",India,11
2019-07-01,"AQ Aspiron","Atliq Exclusive",India,5
2019-07-01,"AQ Aspiron","Atliq Exclusive",India,8
2019-07-01,"AQ Aspiron","Atliq Exclusive",India,7
2019-07-01,"AQ Digit","Atliq Exclusive",India,4
2019-07-01,"AQ Digit","Atliq Exclusive",India,8
2019-07-01,"AQ Digit","Atliq Exclusive",India,8
2019-07-01,"AQ Digit","Atliq Exclusive",India,11
2019-07-01,"AQ Digit","Atliq Exclusive",India,11
2019-07-01,"AQ Digit","Atliq Exclusive",India,10
2019-07-01,"AQ Digit","Atliq Exclusive",India,9
2019-07-01,"AQ Digit","Atliq Exclusive",India,5
2019-07-01,"AQ Digit","Atliq Exclusive",India,6
2019-07-01,"AQ Digit","Atliq Exclusive",India,15
2019-07-01,"AQ Digit","Atliq Exclusive",India,3
2019-07-01,"AQ Digit","Atliq Exclusive",India,9
2019-07-01,"AQ Digit","Atliq Exclusive",India,9
2019-07-01,"AQ Digit","Atliq Exclusive",India,7
2019-07-01,"AQ Digit","Atliq Exclusive",India,8
2019-07-01,"AQ Digit","Atliq Exclusive",India,4
2019-07-01,"AQ Velocity","Atliq Exclusive",India,8
2019-07-01,"AQ Velocity","Atliq Exclusive",India,14
2019-07-01,"AQ Velocity","Atliq Exclusive",India,7
2019-07-01,"AQ Velocity","Atliq Exclusive",India,11
2019-07-01,"AQ Velocity","Atliq Exclusive",India,15
2019-07-01,"AQ Velocity","Atliq Exclusive",India,5
2019-07-01,"AQ Velocity","Atliq Exclusive",India,3
2019-07-01,"AQ Velocity","Atliq Exclusive",India,9
2019-07-01,"AQ Velocity","Atliq Exclusive",India,11
2019-07-01,"AQ Velocity","Atliq Exclusive",India,13
2019-07-01,"AQ Velocity","Atliq Exclusive",India,6
2019-07-01,"AQ Velocity","Atliq Exclusive",India,8
2019-07-01,"AQ Elite","Atliq Exclusive",India,14
2019-07-01,"AQ Elite","Atliq Exclusive",India,15
2019-07-01,"AQ Elite","Atliq Exclusive",India,10
2019-07-01,"AQ Elite","Atliq Exclusive",India,10
2019-07-01,"AQ Elite","Atliq Exclusive",India,3
2019-07-01,"AQ Elite","Atliq Exclusive",India,14
2019-07-01,"AQ BZ 101","Atliq Exclusive",India,4
2019-07-01,"AQ BZ 101","Atliq Exclusive",India,4
2019-07-01,"AQ BZ 101","Atliq Exclusive",India,6
2019-07-01,"AQ BZ 101","Atliq Exclusive",India,3
2019-07-01,"AQ BZ 101","Atliq Exclusive",India,6
2019-07-01,"AQ BZ 101","Atliq Exclusive",India,5
2019-07-01,"AQ BZ 101","Atliq Exclusive",India,2
2019-07-01,"AQ BZ 101","Atliq Exclusive",India,5
2019-07-01,"AQ BZ Compact","Atliq Exclusive",India,5
2019-07-01,"AQ BZ Compact","Atliq Exclusive",India,6
2019-07-01,"AQ BZ Compact","Atliq Exclusive",India,10
2019-07-01,"AQ BZ Compact","Atliq Exclusive",India,5
2019-07-01,"AQ BZ Compact","Atliq Exclusive",India,5
2019-07-01,"AQ BZ Compact","Atliq Exclusive",India,9
2019-07-01,"AQ BZ Compact","Atliq Exclusive",India,6
2019-07-01,"AQ BZ Compact","Atliq Exclusive",India,2
2019-07-01,"AQ BZ Compact","Atliq Exclusive",India,4
2019-07-01,"AQ BZ Compact","Atliq Exclusive",India,9
2019-07-01,"AQ BZ Compact","Atliq Exclusive",India,8
2019-07-01,"AQ BZ Compact","Atliq Exclusive",India,6
2019-07-01,"AQ BZ Compact","Atliq Exclusive",India,5
2019-07-01,"AQ BZ Compact","Atliq Exclusive",India,8
2019-07-01,"AQ BZ Compact","Atliq Exclusive",India,10
2019-07-01,"AQ BZ Compact","Atliq Exclusive",India,7
2019-07-01,"AQ BZ Gen Y","Atliq Exclusive",India,6
2019-07-01,"AQ BZ Gen Y","Atliq Exclusive",India,3
2019-07-01,"AQ BZ Gen Y","Atliq Exclusive",India,6
2019-07-01,"AQ BZ Gen Y","Atliq Exclusive",India,3
2019-07-01,"AQ BZ Gen Y","Atliq Exclusive",India,4
2019-07-01,"AQ BZ Gen Y","Atliq Exclusive",India,2
2019-07-01,"AQ BZ Gen Y","Atliq Exclusive",India,4
2019-07-01,"AQ BZ Gen Y","Atliq Exclusive",India,4
2019-07-01,"AQ Gamer 1","Atliq Exclusive",India,1
2019-07-01,"AQ Gamer 1","Atliq Exclusive",India,2
2019-07-01,"AQ Gamer 1","Atliq Exclusive",India,3
2019-07-01,"AQ Gamer 1","Atliq Exclusive",India,3
2019-07-01,"AQ Gamer 1","Atliq Exclusive",India,1
2019-07-01,"AQ Gamer 1","Atliq Exclusive",India,1
2019-07-01,"AQ Gamer 1","Atliq Exclusive",India,3
2019-07-01,"AQ Gamer 1","Atliq Exclusive",India,2
2019-07-01,"AQ Gamer 1","Atliq Exclusive",India,1
2019-07-01,"AQ Gamer 1","Atliq Exclusive",India,1
2019-07-01,"AQ Gamer 1","Atliq Exclusive",India,3
2019-07-01,"AQ Gamer 1","Atliq Exclusive",India,1
2019-07-01,"AQ Gamer 1","Atliq Exclusive",India,1
2019-07-01,"AQ Gamer 1","Atliq Exclusive",India,2
2019-07-01,"AQ Gamer 1","Atliq Exclusive",India,2
2019-07-01,"AQ Gamer 1","Atliq Exclusive",India,1
2019-07-01,"AQ Gamer 2","Atliq Exclusive",India,1
2019-07-01,"AQ Gamer 2","Atliq Exclusive",India,2
2019-07-01,"AQ Gamer 2","Atliq Exclusive",India,1
2019-07-01,"AQ Gamer 2","Atliq Exclusive",India,1
2019-07-01,"AQ Gamer 2","Atliq Exclusive",India,2
2019-07-01,"AQ Gamer 2","Atliq Exclusive",India,2
2019-07-01,"AQ Gamer 2","Atliq Exclusive",India,1
2019-07-01,"AQ Gamer 2","Atliq Exclusive",India,2
2019-07-01,"AQ Gamer 2","Atliq Exclusive",India,3
2019-07-01,"AQ Gamer 2","Atliq Exclusive",India,1
2019-07-01,"AQ Gamer 2","Atliq Exclusive",India,3
2019-07-01,"AQ Gamer 2","Atliq Exclusive",India,3
2019-07-01,"AQ Gamer 2","Atliq Exclusive",India,1
2019-07-01,"AQ Gamer 2","Atliq Exclusive",India,3
2019-07-01,"AQ Gamer 2","Atliq Exclusive",India,1
2019-07-01,"AQ Gamer 2","Atliq Exclusive",India,1
2019-07-01,"AQ Gamer 3","Atliq Exclusive",India,2
2019-07-01,"AQ Gamer 3","Atliq Exclusive",India,3
2019-07-01,"AQ Gamer 3","Atliq Exclusive",India,3
2019-07-01,"AQ Gamer 3","Atliq Exclusive",India,3
2019-07-01,"AQ Gamer 3","Atliq Exclusive",India,1
2019-07-01,"AQ Gamer 3","Atliq Exclusive",India,2
2019-07-01,"AQ Gamer 3","Atliq Exclusive",India,2
2019-07-01,"AQ Gamer 3","Atliq Exclusive",India,1
2019-07-01,"AQ Gamer 3","Atliq Exclusive",India,3
2019-07-01,"AQ Gamer 3","Atliq Exclusive",India,1
2019-07-01,"AQ Gamer 3","Atliq Exclusive",India,3
2019-07-01,"AQ Gamer 3","Atliq Exclusive",India,2
2019-07-01,"AQ Gamer 3","Atliq Exclusive",India,3
2019-07-01,"AQ Gamer 3","Atliq Exclusive",India,3
2019-07-01,"AQ Gamer 3","Atliq Exclusive",India,1
2019-07-01,"AQ Gamer 3","Atliq Exclusive",India,3
2019-07-01,"AQ Smash 1","Atliq Exclusive",India,1
2019-07-01,"AQ Smash 1","Atliq Exclusive",India,1
2019-07-01,"AQ Smash 1","Atliq Exclusive",India,3
2019-07-01,"AQ Smash 1","Atliq Exclusive",India,1
2019-07-01,"AQ Smash 1","Atliq Exclusive",India,1
2019-07-01,"AQ Smash 1","Atliq Exclusive",India,1
2019-07-01,"AQ Smash 1","Atliq Exclusive",India,3
2019-07-01,"AQ Smash 1","Atliq Exclusive",India,2
2019-07-01,"AQ Smash 1","Atliq Exclusive",India,1
2019-07-01,"AQ Smash 1","Atliq Exclusive",India,1
2019-07-01,"AQ Digit SSD","Atliq Exclusive",India,560
2019-07-01,"AQ Digit SSD","Atliq Exclusive",India,312
2019-07-01,"AQ Digit SSD","Atliq Exclusive",India,376
2019-07-01,"AQ Digit SSD","Atliq Exclusive",India,651
2019-07-01,"AQ Digit SSD","Atliq Exclusive",India,872
2019-07-01,"AQ Digit SSD","Atliq Exclusive",India,126
2019-07-01,"AQ Neuer SSD","Atliq Exclusive",India,724
2019-07-01,"AQ Neuer SSD","Atliq Exclusive",India,478
2019-07-01,"AQ Neuer SSD","Atliq Exclusive",India,513
2019-07-01,"AQ Neuer SSD","Atliq Exclusive",India,642
2019-07-01,"AQ Neuer SSD","Atliq Exclusive",India,832
2019-07-01,"AQ Neuer SSD","Atliq Exclusive",India,323
2019-07-01,"AQ Wi Power Dx1","Atliq Exclusive",India,108
2019-07-01,"AQ Wi Power Dx1","Atliq Exclusive",India,747
2019-07-01,"AQ Wi Power Dx1","Atliq Exclusive",India,143
2019-07-01,"AQ Wi Power Dx1","Atliq Exclusive",India,270
2019-07-01,"AQ Wi Power Dx1","Atliq Exclusive",India,816
2019-07-01,"AQ Wi Power Dx1","Atliq Exclusive",India,812
2019-07-01,"AQ Wi Power Dx2","Atliq Exclusive",India,875
2019-07-01,"AQ Wi Power Dx2","Atliq Exclusive",India,283
2019-08-01,"AQ Dracula HDD – 3.5 Inch SATA 6 Gb/s 5400 RPM 256 MB Cache","Atliq Exclusive",India,49
2019-08-01,"AQ Dracula HDD – 3.5 Inch SATA 6 Gb/s 5400 RPM 256 MB Cache","Atliq Exclusive",India,106
2019-08-01,"AQ Dracula HDD – 3.5 Inch SATA 6 Gb/s 5400 RPM 256 MB Cache","Atliq Exclusive",India,98
2019-08-01,"AQ Dracula HDD – 3.5 Inch SATA 6 Gb/s 5400 RPM 256 MB Cache","Atliq Exclusive",India,101
2019-08-01,"AQ WereWolf NAS Internal Hard Drive HDD – 8.89 cm","Atliq Exclusive",India,29
2019-08-01,"AQ WereWolf NAS Internal Hard Drive HDD – 8.89 cm","Atliq Exclusive",India,90
2019-08-01,"AQ Mforce Gen X","Atliq Exclusive",India,100
2019-08-01,"AQ Mforce Gen X","Atliq Exclusive",India,96
2019-08-01,"AQ Mforce Gen X","Atliq Exclusive",India,94
2019-08-01,"AQ Mforce Gen X","Atliq Exclusive",India,46
2019-08-01,"AQ Mforce Gen X","Atliq Exclusive",India,18
2019-08-01,"AQ Mforce Gen X","Atliq Exclusive",India,97
2019-08-01,"AQ Mforce Gen X","Atliq Exclusive",India,15
2019-08-01,"AQ Mforce Gen X","Atliq Exclusive",India,25
2019-08-01,"AQ Mforce Gen Y","Atliq Exclusive",India,77
2019-08-01,"AQ Mforce Gen Y","Atliq Exclusive",India,38
2019-08-01,"AQ Mforce Gen Y","Atliq Exclusive",India,53
2019-08-01,"AQ Mforce Gen Y","Atliq Exclusive",India,80
2019-08-01,"AQ Mforce Gen Y","Atliq Exclusive",India,78
2019-08-01,"AQ Mforce Gen Y","Atliq Exclusive",India,82
2019-08-01,"AQ Mforce Gen Y","Atliq Exclusive",India,68
2019-08-01,"AQ Mforce Gen Y","Atliq Exclusive",India,70
2019-08-01,"AQ 5000 Series Electron 9 5900X Desktop Processor","Atliq Exclusive",India,59
2019-08-01,"AQ 5000 Series Electron 9 5900X Desktop Processor","Atliq Exclusive",India,52
2019-08-01,"AQ 5000 Series Electron 9 5900X Desktop Processor","Atliq Exclusive",India,33
2019-08-01,"AQ 5000 Series Electron 8 5900X Desktop Processor","Atliq Exclusive",India,26
2019-08-01,"AQ 5000 Series Electron 8 5900X Desktop Processor","Atliq Exclusive",India,14
2019-08-01,"AQ 5000 Series Electron 8 5900X Desktop Processor","Atliq Exclusive",India,52
2019-08-01,"AQ 5000 Series Ultron 8 5900X Desktop Processor","Atliq Exclusive",India,29
2019-08-01,"AQ 5000 Series Ultron 8 5900X Desktop Processor","Atliq Exclusive",India,32
2019-08-01,"AQ 5000 Series Ultron 8 5900X Desktop Processor","Atliq Exclusive",India,59
2019-08-01,"AQ MB Elite","Atliq Exclusive",India,7
2019-08-01,"AQ MB Elite","Atliq Exclusive",India,6
2019-08-01,"AQ MB Elite","Atliq Exclusive",India,2
2019-08-01,"AQ MB Elite","Atliq Exclusive",India,6
2019-08-01,"AQ MB Crossx","Atliq Exclusive",India,8
2019-08-01,"AQ MB Crossx","Atliq Exclusive",India,3
2019-08-01,"AQ MB Crossx","Atliq Exclusive",India,5
2019-08-01,"AQ MB Crossx","Atliq Exclusive",India,3
2019-08-01,"AQ MB Crossx 2","Atliq Exclusive",India,11
2019-08-01,"AQ Master wired x1 Ms","Atliq Exclusive",India,85
2019-08-01,"AQ Master wired x1 Ms","Atliq Exclusive",India,464
2019-08-01,"AQ Master wired x1 Ms","Atliq Exclusive",India,285
2019-08-01,"AQ Master wired x1 Ms","Atliq Exclusive",India,538
2019-08-01,"AQ Master wired x1 Ms","Atliq Exclusive",India,395
2019-08-01,"AQ Master wired x1 Ms","Atliq Exclusive",India,488
2019-08-01,"AQ Master wireless x1 Ms","Atliq Exclusive",India,265
2019-08-01,"AQ Master wireless x1 Ms","Atliq Exclusive",India,340
2019-08-01,"AQ Master wireless x1 Ms","Atliq Exclusive",India,313
2019-08-01,"AQ Master wireless x1 Ms","Atliq Exclusive",India,163
2019-08-01,"AQ Master wireless x1 Ms","Atliq Exclusive",India,522
2019-08-01,"AQ Master wireless x1 Ms","Atliq Exclusive",India,500
2019-08-01,"AQ Gamers Ms","Atliq Exclusive",India,555
2019-08-01,"AQ Gamers Ms","Atliq Exclusive",India,205
2019-08-01,"AQ Gamers Ms","Atliq Exclusive",India,93
2019-08-01,"AQ Gamers Ms","Atliq Exclusive",India,346
2019-08-01,"AQ Gamers Ms","Atliq Exclusive",India,456
2019-08-01,"AQ Master wired x1","Atliq Exclusive",India,158
2019-08-01,"AQ Master wired x1","Atliq Exclusive",India,337
2019-08-01,"AQ Master wired x1","Atliq Exclusive",India,133
2019-08-01,"AQ Master wired x1","Atliq Exclusive",India,128
2019-08-01,"AQ Master wired x1","Atliq Exclusive",India,325
2019-08-01,"AQ Master wired x1","Atliq Exclusive",India,247
2019-08-01,"AQ Master wireless x1","Atliq Exclusive",India,343
2019-08-01,"AQ Master wireless x1","Atliq Exclusive",India,212
2019-08-01,"AQ Master wireless x1","Atliq Exclusive",India,281
2019-08-01,"AQ Master wireless x1","Atliq Exclusive",India,450
2019-08-01,"AQ Master wireless x1","Atliq Exclusive",India,72
2019-08-01,"AQ Master wireless x1","Atliq Exclusive",India,222
2019-08-01,"AQ Gamers ","Atliq Exclusive",India,158
2019-08-01,"AQ Gamers ","Atliq Exclusive",India,405
2019-08-01,"AQ Gamers ","Atliq Exclusive",India,203
2019-08-01,"AQ Gamers ","Atliq Exclusive",India,225
2019-08-01,"AQ Gamers ","Atliq Exclusive",India,446
2019-08-01,"AQ Gamers ","Atliq Exclusive",India,140
2019-08-01,"AQ Lite","Atliq Exclusive",India,297
2019-08-01,"AQ Lite","Atliq Exclusive",India,466
2019-08-01,"AQ Aspiron","Atliq Exclusive",India,7
2019-08-01,"AQ Aspiron","Atliq Exclusive",India,8
2019-08-01,"AQ Aspiron","Atliq Exclusive",India,10
2019-08-01,"AQ Aspiron","Atliq Exclusive",India,7
2019-08-01,"AQ Aspiron","Atliq Exclusive",India,15
2019-08-01,"AQ Aspiron","Atliq Exclusive",India,11
2019-08-01,"AQ Aspiron","Atliq Exclusive",India,3
2019-08-01,"AQ Digit","Atliq Exclusive",India,13
2019-08-01,"AQ Digit","Atliq Exclusive",India,15
2019-08-01,"AQ Digit","Atliq Exclusive",India,7
2019-08-01,"AQ Digit","Atliq Exclusive",India,11
2019-08-01,"AQ Digit","Atliq Exclusive",India,8
2019-08-01,"AQ Digit","Atliq Exclusive",India,12
2019-08-01,"AQ Digit","Atliq Exclusive",India,8
2019-08-01,"AQ Digit","Atliq Exclusive",India,4
2019-08-01,"AQ Velocity","Atliq Exclusive",India,14
2019-08-01,"AQ Velocity","Atliq Exclusive",India,14
2019-08-01,"AQ Velocity","Atliq Exclusive",India,4
2019-08-01,"AQ Velocity","Atliq Exclusive",India,13
2019-08-01,"AQ Velocity","Atliq Exclusive",India,6
2019-08-01,"AQ Velocity","Atliq Exclusive",India,5
2019-08-01,"AQ Elite","Atliq Exclusive",India,8
2019-08-01,"AQ Elite","Atliq Exclusive",India,6
2019-08-01,"AQ Elite","Atliq Exclusive",India,9
2019-08-01,"AQ BZ 101","Atliq Exclusive",India,9
2019-08-01,"AQ BZ 101","Atliq Exclusive",India,6
2019-08-01,"AQ BZ 101","Atliq Exclusive",India,6
2019-08-01,"AQ BZ 101","Atliq Exclusive",India,8
2019-08-01,"AQ BZ Compact","Atliq Exclusive",India,6
2019-08-01,"AQ BZ Compact","Atliq Exclusive",India,3
2019-08-01,"AQ BZ Compact","Atliq Exclusive",India,3
2019-08-01,"AQ BZ Compact","Atliq Exclusive",India,9
2019-08-01,"AQ BZ Compact","Atliq Exclusive",India,9
2019-08-01,"AQ BZ Compact","Atliq Exclusive",India,3
2019-08-01,"AQ BZ Compact","Atliq Exclusive",India,5
2019-08-01,"AQ BZ Compact","Atliq Exclusive",India,4
2019-08-01,"AQ BZ Gen Y","Atliq Exclusive",India,8
2019-08-01,"AQ BZ Gen Y","Atliq Exclusive",India,6
2019-08-01,"AQ BZ Gen Y","Atliq Exclusive",India,5
2019-08-01,"AQ BZ Gen Y","Atliq Exclusive",India,3
2019-08-01,"AQ Gamer 1","Atliq Exclusive",India,2
2019-08-01,"AQ Gamer 1","Atliq Exclusive",India,1
2019-08-01,"AQ Gamer 1","Atliq Exclusive",India,2
2019-08-01,"AQ Gamer 1","Atliq Exclusive",India,1
2019-08-01,"AQ Gamer 1","Atliq Exclusive",India,2
2019-08-01,"AQ Gamer 1","Atliq Exclusive",India,1
2019-08-01,"AQ Gamer 1","Atliq Exclusive",India,1
2019-08-01,"AQ Gamer 1","Atliq Exclusive",India,3
2019-08-01,"AQ Gamer 2","Atliq Exclusive",India,2
2019-08-01,"AQ Gamer 2","Atliq Exclusive",India,3
2019-08-01,"AQ Gamer 2","Atliq Exclusive",India,1
2019-08-01,"AQ Gamer 2","Atliq Exclusive",India,2
2019-08-01,"AQ Gamer 2","Atliq Exclusive",India,2
2019-08-01,"AQ Gamer 2","Atliq Exclusive",India,2
2019-08-01,"AQ Gamer 2","Atliq Exclusive",India,1
2019-08-01,"AQ Gamer 2","Atliq Exclusive",India,2
2019-08-01,"AQ Gamer 3","Atliq Exclusive",India,1
2019-08-01,"AQ Gamer 3","Atliq Exclusive",India,1
2019-08-01,"AQ Gamer 3","Atliq Exclusive",India,2
2019-08-01,"AQ Gamer 3","Atliq Exclusive",India,2
2019-08-01,"AQ Gamer 3","Atliq Exclusive",India,2
2019-08-01,"AQ Gamer 3","Atliq Exclusive",India,1
2019-08-01,"AQ Gamer 3","Atliq Exclusive",India,3
2019-08-01,"AQ Gamer 3","Atliq Exclusive",India,1
2019-08-01,"AQ Smash 1","Atliq Exclusive",India,2
2019-08-01,"AQ Smash 1","Atliq Exclusive",India,2
2019-08-01,"AQ Smash 1","Atliq Exclusive",India,3
2019-08-01,"AQ Smash 1","Atliq Exclusive",India,1
2019-08-01,"AQ Smash 1","Atliq Exclusive",India,2
2019-08-01,"AQ Digit SSD","Atliq Exclusive",India,764
2019-08-01,"AQ Digit SSD","Atliq Exclusive",India,626
2019-08-01,"AQ Digit SSD","Atliq Exclusive",India,772
2019-08-01,"AQ Neuer SSD","Atliq Exclusive",India,337
2019-08-01,"AQ Neuer SSD","Atliq Exclusive",India,458
2019-08-01,"AQ Neuer SSD","Atliq Exclusive",India,219
2019-08-01,"AQ Wi Power Dx1","Atliq Exclusive",India,692
2019-08-01,"AQ Wi Power Dx1","Atliq Exclusive",India,158
2019-08-01,"AQ Wi Power Dx1","Atliq Exclusive",India,772
2019-08-01,"AQ Wi Power Dx2","Atliq Exclusive",India,626
2019-09-01,"AQ Dracula HDD – 3.5 Inch SATA 6 Gb/s 5400 RPM 256 MB Cache","Atliq Exclusive",India,137
2019-09-01,"AQ Dracula HDD – 3.5 Inch SATA 6 Gb/s 5400 RPM 256 MB Cache","Atliq Exclusive",India,54
2019-09-01,"AQ Dracula HDD – 3.5 Inch SATA 6 Gb/s 5400 RPM 256 MB Cache","Atliq Exclusive",India,122
2019-09-01,"AQ Dracula HDD – 3.5 Inch SATA 6 Gb/s 5400 RPM 256 MB Cache","Atliq Exclusive",India,135
2019-09-01,"AQ Dracula HDD – 3.5 Inch SATA 6 Gb/s 5400 RPM 256 MB Cache","Atliq Exclusive",India,34
2019-09-01,"AQ Dracula HDD – 3.5 Inch SATA 6 Gb/s 5400 RPM 256 MB Cache","Atliq Exclusive",India,160
2019-09-01,"AQ Dracula HDD – 3.5 Inch SATA 6 Gb/s 5400 RPM 256 MB Cache","Atliq Exclusive",India,109
2019-09-01,"AQ Dracula HDD – 3.5 Inch SATA 6 Gb/s 5400 RPM 256 MB Cache","Atliq Exclusive",India,90
2019-09-01,"AQ WereWolf NAS Internal Hard Drive HDD – 8.89 cm","Atliq Exclusive",India,35
2019-09-01,"AQ WereWolf NAS Internal Hard Drive HDD – 8.89 cm","Atliq Exclusive",India,149
2019-09-01,"AQ WereWolf NAS Internal Hard Drive HDD – 8.89 cm","Atliq Exclusive",India,112
2019-09-01,"AQ WereWolf NAS Internal Hard Drive HDD – 8.89 cm","Atliq Exclusive",India,137
2019-09-01,"AQ WereWolf NAS Internal Hard Drive HDD – 8.89 cm","Atliq Exclusive",India,98
2019-09-01,"AQ WereWolf NAS Internal Hard Drive HDD – 8.89 cm","Atliq Exclusive",India,153
2019-09-01,"AQ Zion Saga","Atliq Exclusive",India,110
2019-09-01,"AQ Zion Saga","Atliq Exclusive",India,152
2019-09-01,"AQ Mforce Gen X","Atliq Exclusive",India,112
2019-09-01,"AQ Mforce Gen X","Atliq Exclusive",India,36
2019-09-01,"AQ Mforce Gen X","Atliq Exclusive",India,35
2019-09-01,"AQ Mforce Gen X","Atliq Exclusive",India,16
2019-09-01,"AQ Mforce Gen X","Atliq Exclusive",India,53
2019-09-01,"AQ Mforce Gen X","Atliq Exclusive",India,71
2019-09-01,"AQ Mforce Gen X","Atliq Exclusive",India,40
2019-09-01,"AQ Mforce Gen X","Atliq Exclusive",India,56
2019-09-01,"AQ Mforce Gen X","Atliq Exclusive",India,58
2019-09-01,"AQ Mforce Gen X","Atliq Exclusive",India,15
2019-09-01,"AQ Mforce Gen X","Atliq Exclusive",India,52
2019-09-01,"AQ Mforce Gen X","Atliq Exclusive",India,103
2019-09-01,"AQ Mforce Gen X","Atliq Exclusive",India,46
2019-09-01,"AQ Mforce Gen X","Atliq Exclusive",India,81
2019-09-01,"AQ Mforce Gen X","Atliq Exclusive",India,46
2019-09-01,"AQ Mforce Gen X","Atliq Exclusive",India,30
2019-09-01,"AQ Mforce Gen Y","Atliq Exclusive",India,32
2019-09-01,"AQ Mforce Gen Y","Atliq Exclusive",India,118
2019-09-01,"AQ Mforce Gen Y","Atliq Exclusive",India,31
2019-09-01,"AQ Mforce Gen Y","Atliq Exclusive",India,31
2019-09-01,"AQ Mforce Gen Y","Atliq Exclusive",India,69
2019-09-01,"AQ Mforce Gen Y","Atliq Exclusive",India,117
2019-09-01,"AQ Mforce Gen Y","Atliq Exclusive",India,96
2019-09-01,"AQ Mforce Gen Y","Atliq Exclusive",India,22
2019-09-01,"AQ Mforce Gen Y","Atliq Exclusive",India,50
2019-09-01,"AQ Mforce Gen Y","Atliq Exclusive",India,86
2019-09-01,"AQ Mforce Gen Y","Atliq Exclusive",India,53
2019-09-01,"AQ Mforce Gen Y","Atliq Exclusive",India,15
2019-09-01,"AQ Mforce Gen Y","Atliq Exclusive",India,107
2019-09-01,"AQ Mforce Gen Y","Atliq Exclusive",India,118
2019-09-01,"AQ Mforce Gen Y","Atliq Exclusive",India,83
2019-09-01,"AQ Mforce Gen Y","Atliq Exclusive",India,37
2019-09-01,"AQ Mforce Gen Z","Atliq Exclusive",India,97
2019-09-01,"AQ Mforce Gen Z","Atliq Exclusive",India,126
2019-09-01,"AQ Mforce Gen Z","Atliq Exclusive",India,123
2019-09-01,"AQ Mforce Gen Z","Atliq Exclusive",India,46
2019-09-01,"AQ Mforce Gen Z","Atliq Exclusive",India,118
2019-09-01,"AQ Mforce Gen Z","Atliq Exclusive",India,15
2019-09-01,"AQ Mforce Gen Z","Atliq Exclusive",India,93
2019-09-01,"AQ Mforce Gen Z","Atliq Exclusive",India,55
2019-09-01,"AQ Mforce Gen Z","Atliq Exclusive",India,117
2019-09-01,"AQ Mforce Gen Z","Atliq Exclusive",India,54
2019-09-01,"AQ Mforce Gen Z","Atliq Exclusive",India,104
2019-09-01,"AQ Mforce Gen Z","Atliq Exclusive",India,76
2019-09-01,"AQ Mforce Gen Z","Atliq Exclusive",India,21
2019-09-01,"AQ Mforce Gen Z","Atliq Exclusive",India,65
2019-09-01,"AQ Mforce Gen Z","Atliq Exclusive",India,125
2019-09-01,"AQ Mforce Gen Z","Atliq Exclusive",India,92
2019-09-01,"AQ GT 21","Atliq Exclusive",India,99
2019-09-01,"AQ GT 21","Atliq Exclusive",India,87
2019-09-01,"AQ GT 21","Atliq Exclusive",India,64
2019-09-01,"AQ GT 21","Atliq Exclusive",India,19
2019-09-01,"AQ 5000 Series Electron 9 5900X Desktop Processor","Atliq Exclusive",India,32
2019-09-01,"AQ 5000 Series Electron 9 5900X Desktop Processor","Atliq Exclusive",India,108
2019-09-01,"AQ 5000 Series Electron 9 5900X Desktop Processor","Atliq Exclusive",India,73
2019-09-01,"AQ 5000 Series Electron 9 5900X Desktop Processor","Atliq Exclusive",India,113
2019-09-01,"AQ 5000 Series Electron 9 5900X Desktop Processor","Atliq Exclusive",India,48
2019-09-01,"AQ 5000 Series Electron 9 5900X Desktop Processor","Atliq Exclusive",India,83
2019-09-01,"AQ 5000 Series Electron 8 5900X Desktop Processor","Atliq Exclusive",India,96
2019-09-01,"AQ 5000 Series Electron 8 5900X Desktop Processor","Atliq Exclusive",India,61
2019-09-01,"AQ 5000 Series Electron 8 5900X Desktop Processor","Atliq Exclusive",India,45
2019-09-01,"AQ 5000 Series Electron 8 5900X Desktop Processor","Atliq Exclusive",India,23
2019-09-01,"AQ 5000 Series Electron 8 5900X Desktop Processor","Atliq Exclusive",India,39
2019-09-01,"AQ 5000 Series Electron 8 5900X Desktop Processor","Atliq Exclusive",India,84
2019-09-01,"AQ 5000 Series Ultron 8 5900X Desktop Processor","Atliq Exclusive",India,80
2019-09-01,"AQ 5000 Series Ultron 8 5900X Desktop Processor","Atliq Exclusive",India,54
2019-09-01,"AQ 5000 Series Ultron 8 5900X Desktop Processor","Atliq Exclusive",India,46
2019-09-01,"AQ 5000 Series Ultron 8 5900X Desktop Processor","Atliq Exclusive",India,118
2019-09-01,"AQ 5000 Series Ultron 8 5900X Desktop Processor","Atliq Exclusive",India,60
2019-09-01,"AQ 5000 Series Ultron 8 5900X Desktop Processor","Atliq Exclusive",India,62
2019-09-01,"AQ Electron 5 3600 Desktop Processor","Atliq Exclusive",India,73
2019-09-01,"AQ Electron 5 3600 Desktop Processor","Atliq Exclusive",India,90
2019-09-01,"AQ Electron 5 3600 Desktop Processor","Atliq Exclusive",India,37
2019-09-01,"AQ Electron 5 3600 Desktop Processor","Atliq Exclusive",India,48
2019-09-01,"AQ Electron 5 3600 Desktop Processor","Atliq Exclusive",India,120
2019-09-01,"AQ Electron 5 3600 Desktop Processor","Atliq Exclusive",India,80
2019-09-01,"AQ Electron 4 3600 Desktop Processor","Atliq Exclusive",India,106
2019-09-01,"AQ Electron 4 3600 Desktop Processor","Atliq Exclusive",India,20
2019-09-01,"AQ MB Elite","Atliq Exclusive",India,34
2019-09-01,"AQ MB Elite","Atliq Exclusive",India,6
2019-09-01,"AQ MB Elite","Atliq Exclusive",India,29
2019-09-01,"AQ MB Elite","Atliq Exclusive",India,15
2019-09-01,"AQ MB Elite","Atliq Exclusive",India,35
2019-09-01,"AQ MB Elite","Atliq Exclusive",India,13
2019-09-01,"AQ MB Elite","Atliq Exclusive",India,32
2019-09-01,"AQ MB Elite","Atliq Exclusive",India,21
2019-09-01,"AQ MB Crossx","Atliq Exclusive",India,9
2019-09-01,"AQ MB Crossx","Atliq Exclusive",India,4
2019-09-01,"AQ MB Crossx","Atliq Exclusive",India,6
2019-09-01,"AQ MB Crossx","Atliq Exclusive",India,20
2019-09-01,"AQ MB Crossx","Atliq Exclusive",India,29
2019-09-01,"AQ MB Crossx","Atliq Exclusive",India,17
2019-09-01,"AQ MB Crossx","Atliq Exclusive",India,16
2019-09-01,"AQ MB Crossx","Atliq Exclusive",India,4
2019-09-01,"AQ MB Crossx 2","Atliq Exclusive",India,12
2019-09-01,"AQ MB Crossx 2","Atliq Exclusive",India,10
2019-09-01,"AQ MB Crossx 2","Atliq Exclusive",India,17
2019-09-01,"AQ MB Crossx 2","Atliq Exclusive",India,35
2019-09-01,"AQ MB Crossx 2","Atliq Exclusive",India,31
2019-09-01,"AQ MB Crossx 2","Atliq Exclusive",India,28
2019-09-01,"AQ MB Crossx 2","Atliq Exclusive",India,15
2019-09-01,"AQ MB Crossx 2","Atliq Exclusive",India,11
2019-09-01,"AQ Master wired x1 Ms","Atliq Exclusive",India,498
2019-09-01,"AQ Master wired x1 Ms","Atliq Exclusive",India,442
2019-09-01,"AQ Master wired x1 Ms","Atliq Exclusive",India,171
2019-09-01,"AQ Master wired x1 Ms","Atliq Exclusive",India,588
2019-09-01,"AQ Master wired x1 Ms","Atliq Exclusive",India,635
2019-09-01,"AQ Master wired x1 Ms","Atliq Exclusive",India,700
2019-09-01,"AQ Master wired x1 Ms","Atliq Exclusive",India,711
2019-09-01,"AQ Master wired x1 Ms","Atliq Exclusive",India,268
2019-09-01,"AQ Master wired x1 Ms","Atliq Exclusive",India,88
2019-09-01,"AQ Master wired x1 Ms","Atliq Exclusive",India,288
2019-09-01,"AQ Master wired x1 Ms","Atliq Exclusive",India,145
2019-09-01,"AQ Master wired x1 Ms","Atliq Exclusive",India,599
2019-09-01,"AQ Master wireless x1 Ms","Atliq Exclusive",India,128
2019-09-01,"AQ Master wireless x1 Ms","Atliq Exclusive",India,202
2019-09-01,"AQ Master wireless x1 Ms","Atliq Exclusive",India,415
2019-09-01,"AQ Master wireless x1 Ms","Atliq Exclusive",India,78
2019-09-01,"AQ Master wireless x1 Ms","Atliq Exclusive",India,708
2019-09-01,"AQ Master wireless x1 Ms","Atliq Exclusive",India,127
2019-09-01,"AQ Master wireless x1 Ms","Atliq Exclusive",India,505
2019-09-01,"AQ Master wireless x1 Ms","Atliq Exclusive",India,156
2019-09-01,"AQ Master wireless x1 Ms","Atliq Exclusive",India,307
2019-09-01,"AQ Master wireless x1 Ms","Atliq Exclusive",India,508
2019-09-01,"AQ Master wireless x1 Ms","Atliq Exclusive",India,710
2019-09-01,"AQ Master wireless x1 Ms","Atliq Exclusive",India,151
2019-09-01,"AQ Gamers Ms","Atliq Exclusive",India,373
2019-09-01,"AQ Gamers Ms","Atliq Exclusive",India,541
2019-09-01,"AQ Gamers Ms","Atliq Exclusive",India,321
2019-09-01,"AQ Gamers Ms","Atliq Exclusive",India,343
2019-09-01,"AQ Gamers Ms","Atliq Exclusive",India,478
2019-09-01,"AQ Gamers Ms","Atliq Exclusive",India,520
2019-09-01,"AQ Gamers Ms","Atliq Exclusive",India,528
2019-09-01,"AQ Gamers Ms","Atliq Exclusive",India,384
2019-09-01,"AQ Gamers Ms","Atliq Exclusive",India,190
2019-09-01,"AQ Gamers Ms","Atliq Exclusive",India,144
2019-09-01,"AQ Gamers Ms","Atliq Exclusive",India,464
2019-09-01,"AQ Gamers Ms","Atliq Exclusive",India,626
2019-09-01,"AQ Lite Ms","Atliq Exclusive",India,253
2019-09-01,"AQ Lite Ms","Atliq Exclusive",India,674
2019-09-01,"AQ Lite Ms","Atliq Exclusive",India,181
2019-09-01,"AQ Lite Ms","Atliq Exclusive",India,517
2019-09-01,"AQ Lite Ms","Atliq Exclusive",India,118
2019-09-01,"AQ Lite Ms","Atliq Exclusive",India,200
2019-09-01,"AQ Lite Ms","Atliq Exclusive",India,681
2019-09-01,"AQ Lite Ms","Atliq Exclusive",India,181
2019-09-01,"AQ Lite Ms","Atliq Exclusive",India,268
2019-09-01,"AQ Lite Ms","Atliq Exclusive",India,84
2019-09-01,"AQ Lite Ms","Atliq Exclusive",India,550
2019-09-01,"AQ Lite Ms","Atliq Exclusive",India,115
2019-09-01,"AQ Master wired x1","Atliq Exclusive",India,491
2019-09-01,"AQ Master wired x1","Atliq Exclusive",India,567
2019-09-01,"AQ Master wired x1","Atliq Exclusive",India,105
2019-09-01,"AQ Master wired x1","Atliq Exclusive",India,409
2019-09-01,"AQ Master wired x1","Atliq Exclusive",India,115
2019-09-01,"AQ Master wired x1","Atliq Exclusive",India,488
2019-09-01,"AQ Master wired x1","Atliq Exclusive",India,399
2019-09-01,"AQ Master wired x1","Atliq Exclusive",India,453
2019-09-01,"AQ Master wired x1","Atliq Exclusive",India,259
2019-09-01,"AQ Master wired x1","Atliq Exclusive",India,106
2019-09-01,"AQ Master wired x1","Atliq Exclusive",India,389
2019-09-01,"AQ Master wired x1","Atliq Exclusive",India,353
2019-09-01,"AQ Master wireless x1","Atliq Exclusive",India,96
2019-09-01,"AQ Master wireless x1","Atliq Exclusive",India,159
2019-09-01,"AQ Master wireless x1","Atliq Exclusive",India,396
2019-09-01,"AQ Master wireless x1","Atliq Exclusive",India,493
2019-09-01,"AQ Master wireless x1","Atliq Exclusive",India,288
2019-09-01,"AQ Master wireless x1","Atliq Exclusive",India,324
2019-09-01,"AQ Master wireless x1","Atliq Exclusive",India,355
2019-09-01,"AQ Master wireless x1","Atliq Exclusive",India,357
2019-09-01,"AQ Master wireless x1","Atliq Exclusive",India,529
2019-09-01,"AQ Master wireless x1","Atliq Exclusive",India,177
2019-09-01,"AQ Master wireless x1","Atliq Exclusive",India,324
2019-09-01,"AQ Master wireless x1","Atliq Exclusive",India,311
2019-09-01,"AQ Gamers ","Atliq Exclusive",India,522
2019-09-01,"AQ Gamers ","Atliq Exclusive",India,358
2019-09-01,"AQ Gamers ","Atliq Exclusive",India,177
2019-09-01,"AQ Gamers ","Atliq Exclusive",India,404
2019-09-01,"AQ Gamers ","Atliq Exclusive",India,131
2019-09-01,"AQ Gamers ","Atliq Exclusive",India,339
2019-09-01,"AQ Gamers ","Atliq Exclusive",India,204
2019-09-01,"AQ Gamers ","Atliq Exclusive",India,251
2019-09-01,"AQ Gamers ","Atliq Exclusive",India,161
2019-09-01,"AQ Gamers ","Atliq Exclusive",India,301
2019-09-01,"AQ Gamers ","Atliq Exclusive",India,65
2019-09-01,"AQ Gamers ","Atliq Exclusive",India,374
2019-09-01,"AQ Lite","Atliq Exclusive",India,195
2019-09-01,"AQ Lite","Atliq Exclusive",India,220
2019-09-01,"AQ Lite","Atliq Exclusive",India,394
2019-09-01,"AQ Lite","Atliq Exclusive",India,191
2019-09-01,"AQ Lite","Atliq Exclusive",India,306
2019-09-01,"AQ Lite","Atliq Exclusive",India,77
2019-09-01,"AQ Lite","Atliq Exclusive",India,335
2019-09-01,"AQ Lite","Atliq Exclusive",India,516
2019-09-01,"AQ Lite","Atliq Exclusive",India,353
2019-09-01,"AQ Lite","Atliq Exclusive",India,173
2019-09-01,"AQ Lite","Atliq Exclusive",India,365
2019-09-01,"AQ Lite","Atliq Exclusive",India,144
2019-09-01,"AQ Maxima","Atliq Exclusive",India,500
2019-09-01,"AQ Maxima","Atliq Exclusive",India,367
2019-09-01,"AQ Maxima","Atliq Exclusive",India,480
2019-09-01,"AQ Maxima","Atliq Exclusive",India,410
2019-09-01,"AQ Maxima","Atliq Exclusive",India,248
2019-09-01,"AQ Maxima","Atliq Exclusive",India,286
2019-09-01,"AQ Maxima","Atliq Exclusive",India,168
2019-09-01,"AQ Maxima","Atliq Exclusive",India,220
2019-09-01,"AQ LION x1","Atliq Exclusive",India,2
2019-09-01,"AQ LION x1","Atliq Exclusive",India,2
2019-09-01,"AQ LION x1","Atliq Exclusive",India,4
2019-09-01,"AQ LION x1","Atliq Exclusive",India,2
2019-09-01,"AQ LION x1","Atliq Exclusive",India,4
2019-09-01,"AQ LION x1","Atliq Exclusive",India,3
2019-09-01,"AQ LION x1","Atliq Exclusive",India,2
2019-09-01,"AQ LION x1","Atliq Exclusive",India,6
2019-09-01,"AQ LION x1","Atliq Exclusive",India,1
2019-09-01,"AQ LION x1","Atliq Exclusive",India,6
2019-09-01,"AQ LION x2","Atliq Exclusive",India,6
2019-09-01,"AQ LION x2","Atliq Exclusive",India,6
2019-09-01,"AQ LION x2","Atliq Exclusive",India,3
2019-09-01,"AQ LION x2","Atliq Exclusive",India,5
2019-09-01,"AQ LION x2","Atliq Exclusive",India,5
2019-09-01,"AQ LION x2","Atliq Exclusive",India,3
2019-09-01,"AQ LION x2","Atliq Exclusive",India,3
2019-09-01,"AQ LION x2","Atliq Exclusive",India,6
2019-09-01,"AQ LION x2","Atliq Exclusive",India,3
2019-09-01,"AQ LION x2","Atliq Exclusive",India,5
2019-09-01,"AQ LION x3","Atliq Exclusive",India,1
2019-09-01,"AQ LION x3","Atliq Exclusive",India,1
2019-09-01,"AQ LION x3","Atliq Exclusive",India,2
2019-09-01,"AQ LION x3","Atliq Exclusive",India,2
2019-09-01,"AQ LION x3","Atliq Exclusive",India,4
2019-09-01,"AQ LION x3","Atliq Exclusive",India,1
2019-09-01,"AQ LION x3","Atliq Exclusive",India,3
2019-09-01,"AQ LION x3","Atliq Exclusive",India,1
2019-09-01,"AQ LION x3","Atliq Exclusive",India,3
2019-09-01,"AQ LION x3","Atliq Exclusive",India,2
2019-09-01,"AQ Mx NB","Atliq Exclusive",India,3
2019-09-01,"AQ Mx NB","Atliq Exclusive",India,6
2019-09-01,"AQ Mx NB","Atliq Exclusive",India,4
2019-09-01,"AQ Mx NB","Atliq Exclusive",India,4
2019-09-01,"AQ Aspiron","Atliq Exclusive",India,15
2019-09-01,"AQ Aspiron","Atliq Exclusive",India,4
2019-09-01,"AQ Aspiron","Atliq Exclusive",India,7
2019-09-01,"AQ Aspiron","Atliq Exclusive",India,17
2019-09-01,"AQ Aspiron","Atliq Exclusive",India,22
2019-09-01,"AQ Aspiron","Atliq Exclusive",India,21
2019-09-01,"AQ Aspiron","Atliq Exclusive",India,10
2019-09-01,"AQ Aspiron","Atliq Exclusive",India,12
2019-09-01,"AQ Aspiron","Atliq Exclusive",India,21
2019-09-01,"AQ Aspiron","Atliq Exclusive",India,22
2019-09-01,"AQ Aspiron","Atliq Exclusive",India,20
2019-09-01,"AQ Aspiron","Atliq Exclusive",India,17
2019-09-01,"AQ Aspiron","Atliq Exclusive",India,22
2019-09-01,"AQ Aspiron","Atliq Exclusive",India,4
2019-09-01,"AQ Digit","Atliq Exclusive",India,6
2019-09-01,"AQ Digit","Atliq Exclusive",India,13
2019-09-01,"AQ Digit","Atliq Exclusive",India,20
2019-09-01,"AQ Digit","Atliq Exclusive",India,8
2019-09-01,"AQ Digit","Atliq Exclusive",India,12
2019-09-01,"AQ Digit","Atliq Exclusive",India,15
2019-09-01,"AQ Digit","Atliq Exclusive",India,11
2019-09-01,"AQ Digit","Atliq Exclusive",India,12
2019-09-01,"AQ Digit","Atliq Exclusive",India,7
2019-09-01,"AQ Digit","Atliq Exclusive",India,6
2019-09-01,"AQ Digit","Atliq Exclusive",India,19
2019-09-01,"AQ Digit","Atliq Exclusive",India,6
2019-09-01,"AQ Digit","Atliq Exclusive",India,16
2019-09-01,"AQ Digit","Atliq Exclusive",India,21
2019-09-01,"AQ Digit","Atliq Exclusive",India,18
2019-09-01,"AQ Digit","Atliq Exclusive",India,15
2019-09-01,"AQ Velocity","Atliq Exclusive",India,11
2019-09-01,"AQ Velocity","Atliq Exclusive",India,17
2019-09-01,"AQ Velocity","Atliq Exclusive",India,18
2019-09-01,"AQ Velocity","Atliq Exclusive",India,10
2019-09-01,"AQ Velocity","Atliq Exclusive",India,5
2019-09-01,"AQ Velocity","Atliq Exclusive",India,20
2019-09-01,"AQ Velocity","Atliq Exclusive",India,17
2019-09-01,"AQ Velocity","Atliq Exclusive",India,4
2019-09-01,"AQ Velocity","Atliq Exclusive",India,4
2019-09-01,"AQ Velocity","Atliq Exclusive",India,7
2019-09-01,"AQ Velocity","Atliq Exclusive",India,13
2019-09-01,"AQ Velocity","Atliq Exclusive",India,11
2019-09-01,"AQ Elite","Atliq Exclusive",India,8
2019-09-01,"AQ Elite","Atliq Exclusive",India,14
2019-09-01,"AQ Elite","Atliq Exclusive",India,9
2019-09-01,"AQ Elite","Atliq Exclusive",India,15
2019-09-01,"AQ Elite","Atliq Exclusive",India,12
2019-09-01,"AQ Elite","Atliq Exclusive",India,15
2019-09-01,"AQ Elite","Atliq Exclusive",India,18
2019-09-01,"AQ Elite","Atliq Exclusive",India,4
2019-09-01,"AQ Elite","Atliq Exclusive",India,20
2019-09-01,"AQ Elite","Atliq Exclusive",India,7
2019-09-01,"AQ Elite","Atliq Exclusive",India,22
2019-09-01,"AQ Elite","Atliq Exclusive",India,7
2019-09-01,"AQ Elite","Atliq Exclusive",India,5
2019-09-01,"AQ Elite","Atliq Exclusive",India,4
2019-09-01,"AQ Elite","Atliq Exclusive",India,13
2019-09-01,"AQ Elite","Atliq Exclusive",India,17
2019-09-01,"AQ Gen X","Atliq Exclusive",India,17
2019-09-01,"AQ Gen X","Atliq Exclusive",India,9
2019-09-01,"AQ Gen X","Atliq Exclusive",India,9
2019-09-01,"AQ Gen X","Atliq Exclusive",India,15
2019-09-01,"AQ Gen X","Atliq Exclusive",India,4
2019-09-01,"AQ Gen X","Atliq Exclusive",India,12
2019-09-01,"AQ Gen X","Atliq Exclusive",India,15
2019-09-01,"AQ Gen X","Atliq Exclusive",India,5
2019-09-01,"AQ BZ 101","Atliq Exclusive",India,6
2019-09-01,"AQ BZ 101","Atliq Exclusive",India,5
2019-09-01,"AQ BZ 101","Atliq Exclusive",India,7
2019-09-01,"AQ BZ 101","Atliq Exclusive",India,14
2019-09-01,"AQ BZ 101","Atliq Exclusive",India,5
2019-09-01,"AQ BZ 101","Atliq Exclusive",India,4
2019-09-01,"AQ BZ 101","Atliq Exclusive",India,12
2019-09-01,"AQ BZ 101","Atliq Exclusive",India,5
2019-09-01,"AQ BZ Compact","Atliq Exclusive",India,5
2019-09-01,"AQ BZ Compact","Atliq Exclusive",India,9
2019-09-01,"AQ BZ Compact","Atliq Exclusive",India,13
2019-09-01,"AQ BZ Compact","Atliq Exclusive",India,17
2019-09-01,"AQ BZ Compact","Atliq Exclusive",India,10
2019-09-01,"AQ BZ Compact","Atliq Exclusive",India,5
2019-09-01,"AQ BZ Compact","Atliq Exclusive",India,8
2019-09-01,"AQ BZ Compact","Atliq Exclusive",India,6
2019-09-01,"AQ BZ Compact","Atliq Exclusive",India,3
2019-09-01,"AQ BZ Compact","Atliq Exclusive",India,12
2019-09-01,"AQ BZ Compact","Atliq Exclusive",India,4
2019-09-01,"AQ BZ Compact","Atliq Exclusive",India,16
2019-09-01,"AQ BZ Compact","Atliq Exclusive",India,4
2019-09-01,"AQ BZ Compact","Atliq Exclusive",India,5
2019-09-01,"AQ BZ Compact","Atliq Exclusive",India,7
2019-09-01,"AQ BZ Compact","Atliq Exclusive",India,10
2019-09-01,"AQ BZ Gen Y","Atliq Exclusive",India,15
2019-09-01,"AQ BZ Gen Y","Atliq Exclusive",India,12
2019-09-01,"AQ BZ Gen Y","Atliq Exclusive",India,14
2019-09-01,"AQ BZ Gen Y","Atliq Exclusive",India,8
2019-09-01,"AQ BZ Gen Y","Atliq Exclusive",India,9
2019-09-01,"AQ BZ Gen Y","Atliq Exclusive",India,16
2019-09-01,"AQ BZ Gen Y","Atliq Exclusive",India,16
2019-09-01,"AQ BZ Gen Y","Atliq Exclusive",India,13
2019-09-01,"AQ BZ Gen Y","Atliq Exclusive",India,4
2019-09-01,"AQ BZ Gen Y","Atliq Exclusive",India,5
2019-09-01,"AQ BZ Gen Y","Atliq Exclusive",India,9
2019-09-01,"AQ BZ Gen Y","Atliq Exclusive",India,12
2019-09-01,"AQ BZ Gen Y","Atliq Exclusive",India,3
2019-09-01,"AQ BZ Gen Y","Atliq Exclusive",India,12
2019-09-01,"AQ BZ Gen Y","Atliq Exclusive",India,10
2019-09-01,"AQ BZ Gen Y","Atliq Exclusive",India,17
2019-09-01,"AQ BZ Gen Z","Atliq Exclusive",India,12
2019-09-01,"AQ BZ Gen Z","Atliq Exclusive",India,14
2019-09-01,"AQ BZ Gen Z","Atliq Exclusive",India,12
2019-09-01,"AQ BZ Gen Z","Atliq Exclusive",India,7
2019-09-01,"AQ BZ Gen Z","Atliq Exclusive",India,7
2019-09-01,"AQ BZ Gen Z","Atliq Exclusive",India,5
2019-09-01,"AQ BZ Gen Z","Atliq Exclusive",India,8
2019-09-01,"AQ BZ Gen Z","Atliq Exclusive",India,3
2019-09-01,"AQ BZ Gen Z","Atliq Exclusive",India,11
2019-09-01,"AQ BZ Gen Z","Atliq Exclusive",India,3
2019-09-01,"AQ BZ Gen Z","Atliq Exclusive",India,5
2019-09-01,"AQ BZ Gen Z","Atliq Exclusive",India,15
2019-09-01,"AQ Gamer 1","Atliq Exclusive",India,1
2019-09-01,"AQ Gamer 1","Atliq Exclusive",India,1
2019-09-01,"AQ Gamer 1","Atliq Exclusive",India,3
2019-09-01,"AQ Gamer 1","Atliq Exclusive",India,1
2019-09-01,"AQ Gamer 1","Atliq Exclusive",India,4
2019-09-01,"AQ Gamer 1","Atliq Exclusive",India,1
2019-09-01,"AQ Gamer 1","Atliq Exclusive",India,1
2019-09-01,"AQ Gamer 1","Atliq Exclusive",India,2
2019-09-01,"AQ Gamer 1","Atliq Exclusive",India,3
2019-09-01,"AQ Gamer 1","Atliq Exclusive",India,2
2019-09-01,"AQ Gamer 1","Atliq Exclusive",India,2
2019-09-01,"AQ Gamer 1","Atliq Exclusive",India,2
2019-09-01,"AQ Gamer 1","Atliq Exclusive",India,2
2019-09-01,"AQ Gamer 1","Atliq Exclusive",India,3
2019-09-01,"AQ Gamer 1","Atliq Exclusive",India,1
2019-09-01,"AQ Gamer 1","Atliq Exclusive",India,4
2019-09-01,"AQ Gamer 2","Atliq Exclusive",India,3
2019-09-01,"AQ Gamer 2","Atliq Exclusive",India,1
2019-09-01,"AQ Gamer 2","Atliq Exclusive",India,1
2019-09-01,"AQ Gamer 2","Atliq Exclusive",India,3
2019-09-01,"AQ Gamer 2","Atliq Exclusive",India,2
2019-09-01,"AQ Gamer 2","Atliq Exclusive",India,2
2019-09-01,"AQ Gamer 2","Atliq Exclusive",India,4
2019-09-01,"AQ Gamer 2","Atliq Exclusive",India,4
2019-09-01,"AQ Gamer 2","Atliq Exclusive",India,2
2019-09-01,"AQ Gamer 2","Atliq Exclusive",India,4
2019-09-01,"AQ Gamer 2","Atliq Exclusive",India,3
2019-09-01,"AQ Gamer 2","Atliq Exclusive",India,4
2019-09-01,"AQ Gamer 2","Atliq Exclusive",India,3
2019-09-01,"AQ Gamer 2","Atliq Exclusive",India,1
2019-09-01,"AQ Gamer 2","Atliq Exclusive",India,1
2019-09-01,"AQ Gamer 2","Atliq Exclusive",India,4
2019-09-01,"AQ Gamer 3","Atliq Exclusive",India,1
2019-09-01,"AQ Gamer 3","Atliq Exclusive",India,3
2019-09-01,"AQ Gamer 3","Atliq Exclusive",India,3
2019-09-01,"AQ Gamer 3","Atliq Exclusive",India,4
2019-09-01,"AQ Gamer 3","Atliq Exclusive",India,2
2019-09-01,"AQ Gamer 3","Atliq Exclusive",India,2
2019-09-01,"AQ Gamer 3","Atliq Exclusive",India,2
2019-09-01,"AQ Gamer 3","Atliq Exclusive",India,1
2019-09-01,"AQ Gamer 3","Atliq Exclusive",India,3
2019-09-01,"AQ Gamer 3","Atliq Exclusive",India,3
2019-09-01,"AQ Gamer 3","Atliq Exclusive",India,3
2019-09-01,"AQ Gamer 3","Atliq Exclusive",India,1
2019-09-01,"AQ Gamer 3","Atliq Exclusive",India,2
2019-09-01,"AQ Gamer 3","Atliq Exclusive",India,4
2019-09-01,"AQ Gamer 3","Atliq Exclusive",India,4
2019-09-01,"AQ Gamer 3","Atliq Exclusive",India,3
2019-09-01,"AQ Smash 1","Atliq Exclusive",India,1
2019-09-01,"AQ Smash 1","Atliq Exclusive",India,2
2019-09-01,"AQ Smash 1","Atliq Exclusive",India,3
2019-09-01,"AQ Smash 1","Atliq Exclusive",India,1
2019-09-01,"AQ Smash 1","Atliq Exclusive",India,3
2019-09-01,"AQ Smash 1","Atliq Exclusive",India,1
2019-09-01,"AQ Smash 1","Atliq Exclusive",India,3
2019-09-01,"AQ Smash 1","Atliq Exclusive",India,4
2019-09-01,"AQ Smash 1","Atliq Exclusive",India,1
2019-09-01,"AQ Smash 1","Atliq Exclusive",India,1
2019-09-01,"AQ Smash 1","Atliq Exclusive",India,2
2019-09-01,"AQ Smash 1","Atliq Exclusive",India,1
2019-09-01,"AQ Smash 1","Atliq Exclusive",India,2
2019-09-01,"AQ Smash 1","Atliq Exclusive",India,2
2019-09-01,"AQ Smash 1","Atliq Exclusive",India,3
2019-09-01,"AQ Smash 1","Atliq Exclusive",India,4
2019-09-01,"AQ Smash 2","Atliq Exclusive",India,2
2019-09-01,"AQ Smash 2","Atliq Exclusive",India,1
2019-09-01,"AQ Home Allin1","Atliq Exclusive",India,1
2019-09-01,"AQ Home Allin1","Atliq Exclusive",India,1
2019-09-01,"AQ Home Allin1","Atliq Exclusive",India,1
2019-09-01,"AQ Home Allin1","Atliq Exclusive",India,1
2019-09-01,"AQ Home Allin1","Atliq Exclusive",India,1
2019-09-01,"AQ Home Allin1","Atliq Exclusive",India,1
2019-09-01,"AQ Home Allin1","Atliq Exclusive",India,1
2019-09-01,"AQ Home Allin1","Atliq Exclusive",India,1
2019-09-01,"AQ Home Allin1","Atliq Exclusive",India,1
2019-09-01,"AQ Home Allin1","Atliq Exclusive",India,1
2019-09-01,"AQ Digit SSD","Atliq Exclusive",India,613
2019-09-01,"AQ Digit SSD","Atliq Exclusive",India,480
2019-09-01,"AQ Digit SSD","Atliq Exclusive",India,680
2019-09-01,"AQ Digit SSD","Atliq Exclusive",India,618
2019-09-01,"AQ Digit SSD","Atliq Exclusive",India,657
2019-09-01,"AQ Digit SSD","Atliq Exclusive",India,815
2019-09-01,"AQ Neuer SSD","Atliq Exclusive",India,423
2019-09-01,"AQ Neuer SSD","Atliq Exclusive",India,738
2019-09-01,"AQ Neuer SSD","Atliq Exclusive",India,711
2019-09-01,"AQ Neuer SSD","Atliq Exclusive",India,516
2019-09-01,"AQ Neuer SSD","Atliq Exclusive",India,738
2019-09-01,"AQ Neuer SSD","Atliq Exclusive",India,225
2019-09-01,"AQ Clx1","Atliq Exclusive",India,318
2019-09-01,"AQ Clx1","Atliq Exclusive",India,773
2019-09-01,"AQ Clx1","Atliq Exclusive",India,573
2019-09-01,"AQ Clx1","Atliq Exclusive",India,279
2019-09-01,"AQ Clx1","Atliq Exclusive",India,299
2019-09-01,"AQ Clx1","Atliq Exclusive",India,454
2019-09-01,"AQ Clx2","Atliq Exclusive",India,585
2019-09-01,"AQ Clx2","Atliq Exclusive",India,390
2019-09-01,"AQ Pen Drive 2 IN 1","Atliq Exclusive",India,570
2019-09-01,"AQ Pen Drive 2 IN 1","Atliq Exclusive",India,401
2019-09-01,"AQ Pen Drive DRC","Atliq Exclusive",India,214
2019-09-01,"AQ Pen Drive DRC","Atliq Exclusive",India,239
2019-09-01,"AQ Wi Power Dx1","Atliq Exclusive",India,524
2019-09-01,"AQ Wi Power Dx1","Atliq Exclusive",India,142
2019-09-01,"AQ Wi Power Dx1","Atliq Exclusive",India,378
2019-09-01,"AQ Wi Power Dx1","Atliq Exclusive",India,158
2019-09-01,"AQ Wi Power Dx1","Atliq Exclusive",India,101
2019-09-01,"AQ Wi Power Dx1","Atliq Exclusive",India,763
2019-09-01,"AQ Wi Power Dx2","Atliq Exclusive",India,122
2019-09-01,"AQ Wi Power Dx2","Atliq Exclusive",India,321
2019-09-01,"AQ Wi Power Dx2","Atliq Exclusive",India,153
2019-09-01,"AQ Wi Power Dx2","Atliq Exclusive",India,404
2019-09-01,"AQ Wi Power Dx2","Atliq Exclusive",India,660
2019-09-01,"AQ Wi Power Dx2","Atliq Exclusive",India,250
2019-10-01,"AQ Dracula HDD – 3.5 Inch SATA 6 Gb/s 5400 RPM 256 MB Cache","Atliq Exclusive",India,40
2019-10-01,"AQ Dracula HDD – 3.5 Inch SATA 6 Gb/s 5400 RPM 256 MB Cache","Atliq Exclusive",India,189
2019-10-01,"AQ Dracula HDD – 3.5 Inch SATA 6 Gb/s 5400 RPM 256 MB Cache","Atliq Exclusive",India,112
2019-10-01,"AQ Dracula HDD – 3.5 Inch SATA 6 Gb/s 5400 RPM 256 MB Cache","Atliq Exclusive",India,123
2019-10-01,"AQ WereWolf NAS Internal Hard Drive HDD – 8.89 cm","Atliq Exclusive",India,30
2019-10-01,"AQ WereWolf NAS Internal Hard Drive HDD – 8.89 cm","Atliq Exclusive",India,197
2019-10-01,"AQ WereWolf NAS Internal Hard Drive HDD – 8.89 cm","Atliq Exclusive",India,221
2019-10-01,"AQ Zion Saga","Atliq Exclusive",India,32
2019-10-01,"AQ Mforce Gen X","Atliq Exclusive",India,24
2019-10-01,"AQ Mforce Gen X","Atliq Exclusive",India,82
2019-10-01,"AQ Mforce Gen X","Atliq Exclusive",India,59
2019-10-01,"AQ Mforce Gen X","Atliq Exclusive",India,86
2019-10-01,"AQ Mforce Gen X","Atliq Exclusive",India,65
2019-10-01,"AQ Mforce Gen X","Atliq Exclusive",India,160
2019-10-01,"AQ Mforce Gen X","Atliq Exclusive",India,95
2019-10-01,"AQ Mforce Gen X","Atliq Exclusive",India,83
2019-10-01,"AQ Mforce Gen Y","Atliq Exclusive",India,73
2019-10-01,"AQ Mforce Gen Y","Atliq Exclusive",India,133
2019-10-01,"AQ Mforce Gen Y","Atliq Exclusive",India,25
2019-10-01,"AQ Mforce Gen Y","Atliq Exclusive",India,38
2019-10-01,"AQ Mforce Gen Y","Atliq Exclusive",India,39
2019-10-01,"AQ Mforce Gen Y","Atliq Exclusive",India,159
2019-10-01,"AQ Mforce Gen Y","Atliq Exclusive",India,146
2019-10-01,"AQ Mforce Gen Y","Atliq Exclusive",India,150
2019-10-01,"AQ Mforce Gen Z","Atliq Exclusive",India,72
2019-10-01,"AQ Mforce Gen Z","Atliq Exclusive",India,115
2019-10-01,"AQ Mforce Gen Z","Atliq Exclusive",India,63
2019-10-01,"AQ Mforce Gen Z","Atliq Exclusive",India,132
2019-10-01,"AQ Mforce Gen Z","Atliq Exclusive",India,18
2019-10-01,"AQ Mforce Gen Z","Atliq Exclusive",India,114
2019-10-01,"AQ Mforce Gen Z","Atliq Exclusive",India,127
2019-10-01,"AQ Mforce Gen Z","Atliq Exclusive",India,60
2019-10-01,"AQ GT 21","Atliq Exclusive",India,33
2019-10-01,"AQ GT 21","Atliq Exclusive",India,28
2019-10-01,"AQ 5000 Series Electron 9 5900X Desktop Processor","Atliq Exclusive",India,66
2019-10-01,"AQ 5000 Series Electron 9 5900X Desktop Processor","Atliq Exclusive",India,132
2019-10-01,"AQ 5000 Series Electron 9 5900X Desktop Processor","Atliq Exclusive",India,155
2019-10-01,"AQ 5000 Series Electron 8 5900X Desktop Processor","Atliq Exclusive",India,43
2019-10-01,"AQ 5000 Series Electron 8 5900X Desktop Processor","Atliq Exclusive",India,136
2019-10-01,"AQ 5000 Series Electron 8 5900X Desktop Processor","Atliq Exclusive",India,51
2019-10-01,"AQ 5000 Series Ultron 8 5900X Desktop Processor","Atliq Exclusive",India,34
2019-10-01,"AQ 5000 Series Ultron 8 5900X Desktop Processor","Atliq Exclusive",India,149
2019-10-01,"AQ 5000 Series Ultron 8 5900X Desktop Processor","Atliq Exclusive",India,106
2019-10-01,"AQ Electron 5 3600 Desktop Processor","Atliq Exclusive",India,21
2019-10-01,"AQ Electron 5 3600 Desktop Processor","Atliq Exclusive",India,101
2019-10-01,"AQ Electron 5 3600 Desktop Processor","Atliq Exclusive",India,121
2019-10-01,"AQ Electron 4 3600 Desktop Processor","Atliq Exclusive",India,130
2019-10-01,"AQ MB Elite","Atliq Exclusive",India,40
2019-10-01,"AQ MB Elite","Atliq Exclusive",India,35
2019-10-01,"AQ MB Elite","Atliq Exclusive",India,34
2019-10-01,"AQ MB Elite","Atliq Exclusive",India,6
2019-10-01,"AQ MB Crossx","Atliq Exclusive",India,35
2019-10-01,"AQ MB Crossx","Atliq Exclusive",India,23
2019-10-01,"AQ MB Crossx","Atliq Exclusive",India,16
2019-10-01,"AQ MB Crossx","Atliq Exclusive",India,38
2019-10-01,"AQ MB Crossx 2","Atliq Exclusive",India,12
2019-10-01,"AQ MB Crossx 2","Atliq Exclusive",India,42
2019-10-01,"AQ MB Crossx 2","Atliq Exclusive",India,22
2019-10-01,"AQ MB Crossx 2","Atliq Exclusive",India,44
2019-10-01,"AQ Master wired x1 Ms","Atliq Exclusive",India,217
2019-10-01,"AQ Master wired x1 Ms","Atliq Exclusive",India,331
2019-10-01,"AQ Master wired x1 Ms","Atliq Exclusive",India,256
2019-10-01,"AQ Master wired x1 Ms","Atliq Exclusive",India,753
2019-10-01,"AQ Master wired x1 Ms","Atliq Exclusive",India,635
2019-10-01,"AQ Master wired x1 Ms","Atliq Exclusive",India,178
2019-10-01,"AQ Master wireless x1 Ms","Atliq Exclusive",India,316
2019-10-01,"AQ Master wireless x1 Ms","Atliq Exclusive",India,743
2019-10-01,"AQ Master wireless x1 Ms","Atliq Exclusive",India,537
2019-10-01,"AQ Master wireless x1 Ms","Atliq Exclusive",India,172
2019-10-01,"AQ Master wireless x1 Ms","Atliq Exclusive",India,258
2019-10-01,"AQ Master wireless x1 Ms","Atliq Exclusive",India,790
2019-10-01,"AQ Gamers Ms","Atliq Exclusive",India,885
2019-10-01,"AQ Gamers Ms","Atliq Exclusive",India,706
2019-10-01,"AQ Gamers Ms","Atliq Exclusive",India,436
2019-10-01,"AQ Gamers Ms","Atliq Exclusive",India,930
2019-10-01,"AQ Gamers Ms","Atliq Exclusive",India,202
2019-10-01,"AQ Gamers Ms","Atliq Exclusive",India,468
2019-10-01,"AQ Lite Ms","Atliq Exclusive",India,157
2019-10-01,"AQ Lite Ms","Atliq Exclusive",India,404
2019-10-01,"AQ Lite Ms","Atliq Exclusive",India,590
2019-10-01,"AQ Lite Ms","Atliq Exclusive",India,376
2019-10-01,"AQ Lite Ms","Atliq Exclusive",India,434
2019-10-01,"AQ Lite Ms","Atliq Exclusive",India,131
2019-10-01,"AQ Master wired x1","Atliq Exclusive",India,355
2019-10-01,"AQ Master wired x1","Atliq Exclusive",India,136
2019-10-01,"AQ Master wired x1","Atliq Exclusive",India,584
2019-10-01,"AQ Master wired x1","Atliq Exclusive",India,445
2019-10-01,"AQ Master wired x1","Atliq Exclusive",India,620
2019-10-01,"AQ Master wired x1","Atliq Exclusive",India,662
2019-10-01,"AQ Master wireless x1","Atliq Exclusive",India,550
2019-10-01,"AQ Master wireless x1","Atliq Exclusive",India,97
2019-10-01,"AQ Master wireless x1","Atliq Exclusive",India,129
2019-10-01,"AQ Master wireless x1","Atliq Exclusive",India,574
2019-10-01,"AQ Master wireless x1","Atliq Exclusive",India,123
2019-10-01,"AQ Master wireless x1","Atliq Exclusive",India,542
2019-10-01,"AQ Gamers ","Atliq Exclusive",India,488
2019-10-01,"AQ Gamers ","Atliq Exclusive",India,443
2019-10-01,"AQ Gamers ","Atliq Exclusive",India,317
2019-10-01,"AQ Gamers ","Atliq Exclusive",India,569
2019-10-01,"AQ Gamers ","Atliq Exclusive",India,622
2019-10-01,"AQ Gamers ","Atliq Exclusive",India,512
2019-10-01,"AQ Lite","Atliq Exclusive",India,208
2019-10-01,"AQ Lite","Atliq Exclusive",India,720
2019-10-01,"AQ Lite","Atliq Exclusive",India,524
2019-10-01,"AQ Lite","Atliq Exclusive",India,502
2019-10-01,"AQ Lite","Atliq Exclusive",India,580
2019-10-01,"AQ Lite","Atliq Exclusive",India,126
2019-10-01,"AQ Maxima","Atliq Exclusive",India,319
2019-10-01,"AQ Maxima","Atliq Exclusive",India,711
2019-10-01,"AQ Maxima","Atliq Exclusive",India,693
2019-10-01,"AQ Maxima","Atliq Exclusive",India,602
2019-10-01,"AQ LION x1","Atliq Exclusive",India,3
2019-10-01,"AQ LION x1","Atliq Exclusive",India,5
2019-10-01,"AQ LION x1","Atliq Exclusive",India,7
2019-10-01,"AQ LION x1","Atliq Exclusive",India,6
2019-10-01,"AQ LION x1","Atliq Exclusive",India,7
2019-10-01,"AQ LION x2","Atliq Exclusive",India,5
2019-10-01,"AQ LION x2","Atliq Exclusive",India,4
2019-10-01,"AQ LION x2","Atliq Exclusive",India,5
2019-10-01,"AQ LION x2","Atliq Exclusive",India,7
2019-10-01,"AQ LION x2","Atliq Exclusive",India,2
2019-10-01,"AQ LION x3","Atliq Exclusive",India,5
2019-10-01,"AQ LION x3","Atliq Exclusive",India,5
2019-10-01,"AQ LION x3","Atliq Exclusive",India,5
2019-10-01,"AQ LION x3","Atliq Exclusive",India,5
2019-10-01,"AQ LION x3","Atliq Exclusive",India,2
2019-10-01,"AQ Mx NB","Atliq Exclusive",India,6
2019-10-01,"AQ Mx NB","Atliq Exclusive",India,3
2019-10-01,"AQ Aspiron","Atliq Exclusive",India,9
2019-10-01,"AQ Aspiron","Atliq Exclusive",India,15
2019-10-01,"AQ Aspiron","Atliq Exclusive",India,13
2019-10-01,"AQ Aspiron","Atliq Exclusive",India,25
2019-10-01,"AQ Aspiron","Atliq Exclusive",India,26
2019-10-01,"AQ Aspiron","Atliq Exclusive",India,24
2019-10-01,"AQ Aspiron","Atliq Exclusive",India,23
2019-10-01,"AQ Digit","Atliq Exclusive",India,19
2019-10-01,"AQ Digit","Atliq Exclusive",India,22
2019-10-01,"AQ Digit","Atliq Exclusive",India,24
2019-10-01,"AQ Digit","Atliq Exclusive",India,6
2019-10-01,"AQ Digit","Atliq Exclusive",India,11
2019-10-01,"AQ Digit","Atliq Exclusive",India,24
2019-10-01,"AQ Digit","Atliq Exclusive",India,26
2019-10-01,"AQ Digit","Atliq Exclusive",India,27
2019-10-01,"AQ Velocity","Atliq Exclusive",India,22
2019-10-01,"AQ Velocity","Atliq Exclusive",India,11
2019-10-01,"AQ Velocity","Atliq Exclusive",India,5
2019-10-01,"AQ Velocity","Atliq Exclusive",India,14
2019-10-01,"AQ Velocity","Atliq Exclusive",India,20
2019-10-01,"AQ Velocity","Atliq Exclusive",India,11
2019-10-01,"AQ Elite","Atliq Exclusive",India,15
2019-10-01,"AQ Elite","Atliq Exclusive",India,10
2019-10-01,"AQ Elite","Atliq Exclusive",India,15
2019-10-01,"AQ Elite","Atliq Exclusive",India,22
2019-10-01,"AQ Elite","Atliq Exclusive",India,27
2019-10-01,"AQ Elite","Atliq Exclusive",India,8
2019-10-01,"AQ Elite","Atliq Exclusive",India,11
2019-10-01,"AQ Elite","Atliq Exclusive",India,20
2019-10-01,"AQ Gen X","Atliq Exclusive",India,15
2019-10-01,"AQ Gen X","Atliq Exclusive",India,12
2019-10-01,"AQ Gen X","Atliq Exclusive",India,6
2019-10-01,"AQ Gen X","Atliq Exclusive",India,12
2019-10-01,"AQ BZ 101","Atliq Exclusive",India,10
2019-10-01,"AQ BZ 101","Atliq Exclusive",India,22
2019-10-01,"AQ BZ 101","Atliq Exclusive",India,8
2019-10-01,"AQ BZ 101","Atliq Exclusive",India,17
2019-10-01,"AQ BZ Compact","Atliq Exclusive",India,8
2019-10-01,"AQ BZ Compact","Atliq Exclusive",India,17
2019-10-01,"AQ BZ Compact","Atliq Exclusive",India,19
2019-10-01,"AQ BZ Compact","Atliq Exclusive",India,15
2019-10-01,"AQ BZ Compact","Atliq Exclusive",India,9
2019-10-01,"AQ BZ Compact","Atliq Exclusive",India,13
2019-10-01,"AQ BZ Compact","Atliq Exclusive",India,19
2019-10-01,"AQ BZ Compact","Atliq Exclusive",India,9
2019-10-01,"AQ BZ Gen Y","Atliq Exclusive",India,9
2019-10-01,"AQ BZ Gen Y","Atliq Exclusive",India,16
2019-10-01,"AQ BZ Gen Y","Atliq Exclusive",India,18
2019-10-01,"AQ BZ Gen Y","Atliq Exclusive",India,9
2019-10-01,"AQ BZ Gen Y","Atliq Exclusive",India,9
2019-10-01,"AQ BZ Gen Y","Atliq Exclusive",India,8
2019-10-01,"AQ BZ Gen Y","Atliq Exclusive",India,7
2019-10-01,"AQ BZ Gen Y","Atliq Exclusive",India,18
2019-10-01,"AQ BZ Gen Z","Atliq Exclusive",India,22
2019-10-01,"AQ BZ Gen Z","Atliq Exclusive",India,13
2019-10-01,"AQ BZ Gen Z","Atliq Exclusive",India,8
2019-10-01,"AQ BZ Gen Z","Atliq Exclusive",India,13
2019-10-01,"AQ BZ Gen Z","Atliq Exclusive",India,19
2019-10-01,"AQ BZ Gen Z","Atliq Exclusive",India,18
2019-10-01,"AQ Gamer 1","Atliq Exclusive",India,5
2019-10-01,"AQ Gamer 1","Atliq Exclusive",India,4
2019-10-01,"AQ Gamer 1","Atliq Exclusive",India,4
2019-10-01,"AQ Gamer 1","Atliq Exclusive",India,2
2019-10-01,"AQ Gamer 1","Atliq Exclusive",India,5
2019-10-01,"AQ Gamer 1","Atliq Exclusive",India,4
2019-10-01,"AQ Gamer 1","Atliq Exclusive",India,4
2019-10-01,"AQ Gamer 1","Atliq Exclusive",India,3
2019-10-01,"AQ Gamer 2","Atliq Exclusive",India,1
2019-10-01,"AQ Gamer 2","Atliq Exclusive",India,1
2019-10-01,"AQ Gamer 2","Atliq Exclusive",India,2
2019-10-01,"AQ Gamer 2","Atliq Exclusive",India,3
2019-10-01,"AQ Gamer 2","Atliq Exclusive",India,2
2019-10-01,"AQ Gamer 2","Atliq Exclusive",India,3
2019-10-01,"AQ Gamer 2","Atliq Exclusive",India,3
2019-10-01,"AQ Gamer 2","Atliq Exclusive",India,1
2019-10-01,"AQ Gamer 3","Atliq Exclusive",India,2
2019-10-01,"AQ Gamer 3","Atliq Exclusive",India,2
2019-10-01,"AQ Gamer 3","Atliq Exclusive",India,1
2019-10-01,"AQ Gamer 3","Atliq Exclusive",India,5
2019-10-01,"AQ Gamer 3","Atliq Exclusive",India,3
2019-10-01,"AQ Gamer 3","Atliq Exclusive",India,2
2019-10-01,"AQ Gamer 3","Atliq Exclusive",India,4
2019-10-01,"AQ Gamer 3","Atliq Exclusive",India,4
2019-10-01,"AQ Smash 1","Atliq Exclusive",India,3
2019-10-01,"AQ Smash 1","Atliq Exclusive",India,2
2019-10-01,"AQ Smash 1","Atliq Exclusive",India,4
2019-10-01,"AQ Smash 1","Atliq Exclusive",India,3
2019-10-01,"AQ Smash 1","Atliq Exclusive",India,5
2019-10-01,"AQ Smash 1","Atliq Exclusive",India,5
2019-10-01,"AQ Smash 1","Atliq Exclusive",India,5
2019-10-01,"AQ Smash 1","Atliq Exclusive",India,1
2019-10-01,"AQ Smash 2","Atliq Exclusive",India,1
2019-10-01,"AQ Home Allin1","Atliq Exclusive",India,2
2019-10-01,"AQ Home Allin1","Atliq Exclusive",India,2
2019-10-01,"AQ Home Allin1","Atliq Exclusive",India,1
2019-10-01,"AQ Home Allin1","Atliq Exclusive",India,2
2019-10-01,"AQ Digit SSD","Atliq Exclusive",India,985
2019-10-01,"AQ Digit SSD","Atliq Exclusive",India,544
2019-10-01,"AQ Digit SSD","Atliq Exclusive",India,376
2019-10-01,"AQ Neuer SSD","Atliq Exclusive",India,539
2019-10-01,"AQ Neuer SSD","Atliq Exclusive",India,341
2019-10-01,"AQ Neuer SSD","Atliq Exclusive",India,895
2019-10-01,"AQ Clx1","Atliq Exclusive",India,522
2019-10-01,"AQ Clx1","Atliq Exclusive",India,509
2019-10-01,"AQ Clx1","Atliq Exclusive",India,459
2019-10-01,"AQ Clx2","Atliq Exclusive",India,773
2019-10-01,"AQ Pen Drive 2 IN 1","Atliq Exclusive",India,593
2019-10-01,"AQ Pen Drive DRC","Atliq Exclusive",India,498
2019-10-01,"AQ Wi Power Dx1","Atliq Exclusive",India,460
2019-10-01,"AQ Wi Power Dx1","Atliq Exclusive",India,902
2019-10-01,"AQ Wi Power Dx1","Atliq Exclusive",India,639
2019-10-01,"AQ Wi Power Dx2","Atliq Exclusive",India,975
2019-10-01,"AQ Wi Power Dx2","Atliq Exclusive",India,724
2019-10-01,"AQ Wi Power Dx2","Atliq Exclusive",India,458
2019-11-01,"AQ Dracula HDD – 3.5 Inch SATA 6 Gb/s 5400 RPM 256 MB Cache","Atliq Exclusive",India,190
2019-11-01,"AQ Dracula HDD – 3.5 Inch SATA 6 Gb/s 5400 RPM 256 MB Cache","Atliq Exclusive",India,280
2019-11-01,"AQ Dracula HDD – 3.5 Inch SATA 6 Gb/s 5400 RPM 256 MB Cache","Atliq Exclusive",India,135
2019-11-01,"AQ Dracula HDD – 3.5 Inch SATA 6 Gb/s 5400 RPM 256 MB Cache","Atliq Exclusive",India,236
2019-11-01,"AQ Dracula HDD – 3.5 Inch SATA 6 Gb/s 5400 RPM 256 MB Cache","Atliq Exclusive",India,240
2019-11-01,"AQ Dracula HDD – 3.5 Inch SATA 6 Gb/s 5400 RPM 256 MB Cache","Atliq Exclusive",India,144
2019-11-01,"AQ Dracula HDD – 3.5 Inch SATA 6 Gb/s 5400 RPM 256 MB Cache","Atliq Exclusive",India,216
2019-11-01,"AQ Dracula HDD – 3.5 Inch SATA 6 Gb/s 5400 RPM 256 MB Cache","Atliq Exclusive",India,189
2019-11-01,"AQ WereWolf NAS Internal Hard Drive HDD – 8.89 cm","Atliq Exclusive",India,264
2019-11-01,"AQ WereWolf NAS Internal Hard Drive HDD – 8.89 cm","Atliq Exclusive",India,60
2019-11-01,"AQ WereWolf NAS Internal Hard Drive HDD – 8.89 cm","Atliq Exclusive",India,233
2019-11-01,"AQ WereWolf NAS Internal Hard Drive HDD – 8.89 cm","Atliq Exclusive",India,103
2019-11-01,"AQ WereWolf NAS Internal Hard Drive HDD – 8.89 cm","Atliq Exclusive",India,209
2019-11-01,"AQ WereWolf NAS Internal Hard Drive HDD – 8.89 cm","Atliq Exclusive",India,290
2019-11-01,"AQ Zion Saga","Atliq Exclusive",India,81
2019-11-01,"AQ Zion Saga","Atliq Exclusive",India,34
2019-11-01,"AQ Mforce Gen X","Atliq Exclusive",India,69
2019-11-01,"AQ Mforce Gen X","Atliq Exclusive",India,65
2019-11-01,"AQ Mforce Gen X","Atliq Exclusive",India,52
2019-11-01,"AQ Mforce Gen X","Atliq Exclusive",India,163
2019-11-01,"AQ Mforce Gen X","Atliq Exclusive",India,122
2019-11-01,"AQ Mforce Gen X","Atliq Exclusive",India,109
2019-11-01,"AQ Mforce Gen X","Atliq Exclusive",India,104
2019-11-01,"AQ Mforce Gen X","Atliq Exclusive",India,120
2019-11-01,"AQ Mforce Gen X","Atliq Exclusive",India,155
2019-11-01,"AQ Mforce Gen X","Atliq Exclusive",India,177
2019-11-01,"AQ Mforce Gen X","Atliq Exclusive",India,49
2019-11-01,"AQ Mforce Gen X","Atliq Exclusive",India,39
2019-11-01,"AQ Mforce Gen X","Atliq Exclusive",India,117
2019-11-01,"AQ Mforce Gen X","Atliq Exclusive",India,84
2019-11-01,"AQ Mforce Gen X","Atliq Exclusive",India,95
2019-11-01,"AQ Mforce Gen X","Atliq Exclusive",India,137
2019-11-01,"AQ Mforce Gen Y","Atliq Exclusive",India,141
2019-11-01,"AQ Mforce Gen Y","Atliq Exclusive",India,179
2019-11-01,"AQ Mforce Gen Y","Atliq Exclusive",India,87
2019-11-01,"AQ Mforce Gen Y","Atliq Exclusive",India,103
2019-11-01,"AQ Mforce Gen Y","Atliq Exclusive",India,120
2019-11-01,"AQ Mforce Gen Y","Atliq Exclusive",India,102
2019-11-01,"AQ Mforce Gen Y","Atliq Exclusive",India,197
2019-11-01,"AQ Mforce Gen Y","Atliq Exclusive",India,83
2019-11-01,"AQ Mforce Gen Y","Atliq Exclusive",India,120
2019-11-01,"AQ Mforce Gen Y","Atliq Exclusive",India,55
2019-11-01,"AQ Mforce Gen Y","Atliq Exclusive",India,120
2019-11-01,"AQ Mforce Gen Y","Atliq Exclusive",India,76
2019-11-01,"AQ Mforce Gen Y","Atliq Exclusive",India,103
2019-11-01,"AQ Mforce Gen Y","Atliq Exclusive",India,104
2019-11-01,"AQ Mforce Gen Y","Atliq Exclusive",India,130
2019-11-01,"AQ Mforce Gen Y","Atliq Exclusive",India,142
2019-11-01,"AQ Mforce Gen Z","Atliq Exclusive",India,104
2019-11-01,"AQ Mforce Gen Z","Atliq Exclusive",India,199
2019-11-01,"AQ Mforce Gen Z","Atliq Exclusive",India,209
2019-11-01,"AQ Mforce Gen Z","Atliq Exclusive",India,58
2019-11-01,"AQ Mforce Gen Z","Atliq Exclusive",India,171
2019-11-01,"AQ Mforce Gen Z","Atliq Exclusive",India,22
2019-11-01,"AQ Mforce Gen Z","Atliq Exclusive",India,46
2019-11-01,"AQ Mforce Gen Z","Atliq Exclusive",India,64
2019-11-01,"AQ Mforce Gen Z","Atliq Exclusive",India,81
2019-11-01,"AQ Mforce Gen Z","Atliq Exclusive",India,38
2019-11-01,"AQ Mforce Gen Z","Atliq Exclusive",India,147
2019-11-01,"AQ Mforce Gen Z","Atliq Exclusive",India,175
2019-11-01,"AQ Mforce Gen Z","Atliq Exclusive",India,133
2019-11-01,"AQ Mforce Gen Z","Atliq Exclusive",India,127
2019-11-01,"AQ Mforce Gen Z","Atliq Exclusive",India,201
2019-11-01,"AQ Mforce Gen Z","Atliq Exclusive",India,139
2019-11-01,"AQ GT 21","Atliq Exclusive",India,193
2019-11-01,"AQ GT 21","Atliq Exclusive",India,191
2019-11-01,"AQ GT 21","Atliq Exclusive",India,186
2019-11-01,"AQ GT 21","Atliq Exclusive",India,104
2019-11-01,"AQ 5000 Series Electron 9 5900X Desktop Processor","Atliq Exclusive",India,86
2019-11-01,"AQ 5000 Series Electron 9 5900X Desktop Processor","Atliq Exclusive",India,200
2019-11-01,"AQ 5000 Series Electron 9 5900X Desktop Processor","Atliq Exclusive",India,109
2019-11-01,"AQ 5000 Series Electron 9 5900X Desktop Processor","Atliq Exclusive",India,30
2019-11-01,"AQ 5000 Series Electron 9 5900X Desktop Processor","Atliq Exclusive",India,172
2019-11-01,"AQ 5000 Series Electron 9 5900X Desktop Processor","Atliq Exclusive",India,28
2019-11-01,"AQ 5000 Series Electron 8 5900X Desktop Processor","Atliq Exclusive",India,71
2019-11-01,"AQ 5000 Series Electron 8 5900X Desktop Processor","Atliq Exclusive",India,131
2019-11-01,"AQ 5000 Series Electron 8 5900X Desktop Processor","Atliq Exclusive",India,90
2019-11-01,"AQ 5000 Series Electron 8 5900X Desktop Processor","Atliq Exclusive",India,47
2019-11-01,"AQ 5000 Series Electron 8 5900X Desktop Processor","Atliq Exclusive",India,179
2019-11-01,"AQ 5000 Series Electron 8 5900X Desktop Processor","Atliq Exclusive",India,49
2019-11-01,"AQ 5000 Series Ultron 8 5900X Desktop Processor","Atliq Exclusive",India,51
2019-11-01,"AQ 5000 Series Ultron 8 5900X Desktop Processor","Atliq Exclusive",India,22
2019-11-01,"AQ 5000 Series Ultron 8 5900X Desktop Processor","Atliq Exclusive",India,156
2019-11-01,"AQ 5000 Series Ultron 8 5900X Desktop Processor","Atliq Exclusive",India,102
2019-11-01,"AQ 5000 Series Ultron 8 5900X Desktop Processor","Atliq Exclusive",India,147
2019-11-01,"AQ 5000 Series Ultron 8 5900X Desktop Processor","Atliq Exclusive",India,197
2019-11-01,"AQ Electron 5 3600 Desktop Processor","Atliq Exclusive",India,124
2019-11-01,"AQ Electron 5 3600 Desktop Processor","Atliq Exclusive",India,64
2019-11-01,"AQ Electron 5 3600 Desktop Processor","Atliq Exclusive",India,85
2019-11-01,"AQ Electron 5 3600 Desktop Processor","Atliq Exclusive",India,110
2019-11-01,"AQ Electron 5 3600 Desktop Processor","Atliq Exclusive",India,194
2019-11-01,"AQ Electron 5 3600 Desktop Processor","Atliq Exclusive",India,73
2019-11-01,"AQ Electron 4 3600 Desktop Processor","Atliq Exclusive",India,97
2019-11-01,"AQ Electron 4 3600 Desktop Processor","Atliq Exclusive",India,109
2019-11-01,"AQ MB Elite","Atliq Exclusive",India,36
2019-11-01,"AQ MB Elite","Atliq Exclusive",India,31
2019-11-01,"AQ MB Elite","Atliq Exclusive",India,40
2019-11-01,"AQ MB Elite","Atliq Exclusive",India,32
2019-11-01,"AQ MB Elite","Atliq Exclusive",India,52
2019-11-01,"AQ MB Elite","Atliq Exclusive",India,11
2019-11-01,"AQ MB Elite","Atliq Exclusive",India,33
2019-11-01,"AQ MB Elite","Atliq Exclusive",India,41
2019-11-01,"AQ MB Crossx","Atliq Exclusive",India,60
2019-11-01,"AQ MB Crossx","Atliq Exclusive",India,8
2019-11-01,"AQ MB Crossx","Atliq Exclusive",India,10
2019-11-01,"AQ MB Crossx","Atliq Exclusive",India,20
2019-11-01,"AQ MB Crossx","Atliq Exclusive",India,19
2019-11-01,"AQ MB Crossx","Atliq Exclusive",India,42
2019-11-01,"AQ MB Crossx","Atliq Exclusive",India,15
2019-11-01,"AQ MB Crossx","Atliq Exclusive",India,59
2019-11-01,"AQ MB Crossx 2","Atliq Exclusive",India,60
2019-11-01,"AQ MB Crossx 2","Atliq Exclusive",India,49
2019-11-01,"AQ MB Crossx 2","Atliq Exclusive",India,35
2019-11-01,"AQ MB Crossx 2","Atliq Exclusive",India,36
2019-11-01,"AQ MB Crossx 2","Atliq Exclusive",India,31
2019-11-01,"AQ MB Crossx 2","Atliq Exclusive",India,55
2019-11-01,"AQ MB Crossx 2","Atliq Exclusive",India,55
2019-11-01,"AQ MB Crossx 2","Atliq Exclusive",India,49
2019-11-01,"AQ Master wired x1 Ms","Atliq Exclusive",India,920
2019-11-01,"AQ Master wired x1 Ms","Atliq Exclusive",India,269
2019-11-01,"AQ Master wired x1 Ms","Atliq Exclusive",India,1060
2019-11-01,"AQ Master wired x1 Ms","Atliq Exclusive",India,164
2019-11-01,"AQ Master wired x1 Ms","Atliq Exclusive",India,370
2019-11-01,"AQ Master wired x1 Ms","Atliq Exclusive",India,348
2019-11-01,"AQ Master wired x1 Ms","Atliq Exclusive",India,387
2019-11-01,"AQ Master wired x1 Ms","Atliq Exclusive",India,761
2019-11-01,"AQ Master wired x1 Ms","Atliq Exclusive",India,810
2019-11-01,"AQ Master wired x1 Ms","Atliq Exclusive",India,580
2019-11-01,"AQ Master wired x1 Ms","Atliq Exclusive",India,1055
2019-11-01,"AQ Master wired x1 Ms","Atliq Exclusive",India,1094
2019-11-01,"AQ Master wireless x1 Ms","Atliq Exclusive",India,1060
2019-11-01,"AQ Master wireless x1 Ms","Atliq Exclusive",India,707
2019-11-01,"AQ Master wireless x1 Ms","Atliq Exclusive",India,286
2019-11-01,"AQ Master wireless x1 Ms","Atliq Exclusive",India,213
2019-11-01,"AQ Master wireless x1 Ms","Atliq Exclusive",India,644
2019-11-01,"AQ Master wireless x1 Ms","Atliq Exclusive",India,375
2019-11-01,"AQ Master wireless x1 Ms","Atliq Exclusive",India,130
2019-11-01,"AQ Master wireless x1 Ms","Atliq Exclusive",India,644
2019-11-01,"AQ Master wireless x1 Ms","Atliq Exclusive",India,1038
2019-11-01,"AQ Master wireless x1 Ms","Atliq Exclusive",India,1001
2019-11-01,"AQ Master wireless x1 Ms","Atliq Exclusive",India,1131
2019-11-01,"AQ Master wireless x1 Ms","Atliq Exclusive",India,406
2019-11-01,"AQ Gamers Ms","Atliq Exclusive",India,262
2019-11-01,"AQ Gamers Ms","Atliq Exclusive",India,1013
2019-11-01,"AQ Gamers Ms","Atliq Exclusive",India,813
2019-11-01,"AQ Gamers Ms","Atliq Exclusive",India,237
2019-11-01,"AQ Gamers Ms","Atliq Exclusive",India,1072
2019-11-01,"AQ Gamers Ms","Atliq Exclusive",India,355
2019-11-01,"AQ Gamers Ms","Atliq Exclusive",India,916
2019-11-01,"AQ Gamers Ms","Atliq Exclusive",India,487
2019-11-01,"AQ Gamers Ms","Atliq Exclusive",India,502
2019-11-01,"AQ Gamers Ms","Atliq Exclusive",India,952
2019-11-01,"AQ Gamers Ms","Atliq Exclusive",India,1087
2019-11-01,"AQ Gamers Ms","Atliq Exclusive",India,568
2019-11-01,"AQ Lite Ms","Atliq Exclusive",India,960
2019-11-01,"AQ Lite Ms","Atliq Exclusive",India,125
2019-11-01,"AQ Lite Ms","Atliq Exclusive",India,519
2019-11-01,"AQ Lite Ms","Atliq Exclusive",India,862
2019-11-01,"AQ Lite Ms","Atliq Exclusive",India,375
2019-11-01,"AQ Lite Ms","Atliq Exclusive",India,1021
2019-11-01,"AQ Lite Ms","Atliq Exclusive",India,556
2019-11-01,"AQ Lite Ms","Atliq Exclusive",India,710
2019-11-01,"AQ Lite Ms","Atliq Exclusive",India,1153
2019-11-01,"AQ Lite Ms","Atliq Exclusive",India,739
2019-11-01,"AQ Lite Ms","Atliq Exclusive",India,845
2019-11-01,"AQ Lite Ms","Atliq Exclusive",India,690
2019-11-01,"AQ Master wired x1","Atliq Exclusive",India,513
2019-11-01,"AQ Master wired x1","Atliq Exclusive",India,662
2019-11-01,"AQ Master wired x1","Atliq Exclusive",India,852
2019-11-01,"AQ Master wired x1","Atliq Exclusive",India,940
2019-11-01,"AQ Master wired x1","Atliq Exclusive",India,208
2019-11-01,"AQ Master wired x1","Atliq Exclusive",India,380
2019-11-01,"AQ Master wired x1","Atliq Exclusive",India,351
2019-11-01,"AQ Master wired x1","Atliq Exclusive",India,965
2019-11-01,"AQ Master wired x1","Atliq Exclusive",India,975
2019-11-01,"AQ Master wired x1","Atliq Exclusive",India,909
2019-11-01,"AQ Master wired x1","Atliq Exclusive",India,687
2019-11-01,"AQ Master wired x1","Atliq Exclusive",India,106
2019-11-01,"AQ Master wireless x1","Atliq Exclusive",India,576
2019-11-01,"AQ Master wireless x1","Atliq Exclusive",India,168
2019-11-01,"AQ Master wireless x1","Atliq Exclusive",India,217
2019-11-01,"AQ Master wireless x1","Atliq Exclusive",India,662
2019-11-01,"AQ Master wireless x1","Atliq Exclusive",India,599
2019-11-01,"AQ Master wireless x1","Atliq Exclusive",India,779
2019-11-01,"AQ Master wireless x1","Atliq Exclusive",India,597
2019-11-01,"AQ Master wireless x1","Atliq Exclusive",India,415
2019-11-01,"AQ Master wireless x1","Atliq Exclusive",India,732
2019-11-01,"AQ Master wireless x1","Atliq Exclusive",India,938
2019-11-01,"AQ Master wireless x1","Atliq Exclusive",India,697
2019-11-01,"AQ Master wireless x1","Atliq Exclusive",India,417
2019-11-01,"AQ Gamers ","Atliq Exclusive",India,848
2019-11-01,"AQ Gamers ","Atliq Exclusive",India,783
2019-11-01,"AQ Gamers ","Atliq Exclusive",India,155
2019-11-01,"AQ Gamers ","Atliq Exclusive",India,697
2019-11-01,"AQ Gamers ","Atliq Exclusive",India,535
2019-11-01,"AQ Gamers ","Atliq Exclusive",India,597
2019-11-01,"AQ Gamers ","Atliq Exclusive",India,125
2019-11-01,"AQ Gamers ","Atliq Exclusive",India,147
2019-11-01,"AQ Gamers ","Atliq Exclusive",India,662
2019-11-01,"AQ Gamers ","Atliq Exclusive",India,456
2019-11-01,"AQ Gamers ","Atliq Exclusive",India,382
2019-11-01,"AQ Gamers ","Atliq Exclusive",India,515
2019-11-01,"AQ Lite","Atliq Exclusive",India,793
2019-11-01,"AQ Lite","Atliq Exclusive",India,431
2019-11-01,"AQ Lite","Atliq Exclusive",India,797
2019-11-01,"AQ Lite","Atliq Exclusive",India,231
2019-11-01,"AQ Lite","Atliq Exclusive",India,182
2019-11-01,"AQ Lite","Atliq Exclusive",India,151
2019-11-01,"AQ Lite","Atliq Exclusive",India,699
2019-11-01,"AQ Lite","Atliq Exclusive",India,495
2019-11-01,"AQ Lite","Atliq Exclusive",India,897
2019-11-01,"AQ Lite","Atliq Exclusive",India,918
2019-11-01,"AQ Lite","Atliq Exclusive",India,576
2019-11-01,"AQ Lite","Atliq Exclusive",India,852
2019-11-01,"AQ Maxima","Atliq Exclusive",India,531
2019-11-01,"AQ Maxima","Atliq Exclusive",India,104
2019-11-01,"AQ Maxima","Atliq Exclusive",India,611
2019-11-01,"AQ Maxima","Atliq Exclusive",India,652
2019-11-01,"AQ Maxima","Atliq Exclusive",India,298
2019-11-01,"AQ Maxima","Atliq Exclusive",India,170
2019-11-01,"AQ Maxima","Atliq Exclusive",India,354
2019-11-01,"AQ Maxima","Atliq Exclusive",India,260
2019-11-01,"AQ LION x1","Atliq Exclusive",India,7
2019-11-01,"AQ LION x1","Atliq Exclusive",India,5
2019-11-01,"AQ LION x1","Atliq Exclusive",India,8
2019-11-01,"AQ LION x1","Atliq Exclusive",India,2
2019-11-01,"AQ LION x1","Atliq Exclusive",India,4
2019-11-01,"AQ LION x1","Atliq Exclusive",India,7
2019-11-01,"AQ LION x1","Atliq Exclusive",India,10
2019-11-01,"AQ LION x1","Atliq Exclusive",India,1
2019-11-01,"AQ LION x1","Atliq Exclusive",India,8
2019-11-01,"AQ LION x1","Atliq Exclusive",India,10
2019-11-01,"AQ LION x2","Atliq Exclusive",India,2
2019-11-01,"AQ LION x2","Atliq Exclusive",India,10
2019-11-01,"AQ LION x2","Atliq Exclusive",India,10
2019-11-01,"AQ LION x2","Atliq Exclusive",India,7
2019-11-01,"AQ LION x2","Atliq Exclusive",India,9
2019-11-01,"AQ LION x2","Atliq Exclusive",India,4
2019-11-01,"AQ LION x2","Atliq Exclusive",India,4
2019-11-01,"AQ LION x2","Atliq Exclusive",India,8
2019-11-01,"AQ LION x2","Atliq Exclusive",India,9
2019-11-01,"AQ LION x2","Atliq Exclusive",India,9
2019-11-01,"AQ LION x3","Atliq Exclusive",India,1
2019-11-01,"AQ LION x3","Atliq Exclusive",India,10
2019-11-01,"AQ LION x3","Atliq Exclusive",India,8
2019-11-01,"AQ LION x3","Atliq Exclusive",India,5
2019-11-01,"AQ LION x3","Atliq Exclusive",India,10
2019-11-01,"AQ LION x3","Atliq Exclusive",India,6
2019-11-01,"AQ LION x3","Atliq Exclusive",India,7
2019-11-01,"AQ LION x3","Atliq Exclusive",India,8
2019-11-01,"AQ LION x3","Atliq Exclusive",India,5
2019-11-01,"AQ LION x3","Atliq Exclusive",India,2
2019-11-01,"AQ Mx NB","Atliq Exclusive",India,10
2019-11-01,"AQ Mx NB","Atliq Exclusive",India,6
2019-11-01,"AQ Mx NB","Atliq Exclusive",India,4
2019-11-01,"AQ Mx NB","Atliq Exclusive",India,4
2019-11-01,"AQ Aspiron","Atliq Exclusive",India,9
2019-11-01,"AQ Aspiron","Atliq Exclusive",India,35
2019-11-01,"AQ Aspiron","Atliq Exclusive",India,9
2019-11-01,"AQ Aspiron","Atliq Exclusive",India,28
2019-11-01,"AQ Aspiron","Atliq Exclusive",India,11
2019-11-01,"AQ Aspiron","Atliq Exclusive",India,7
2019-11-01,"AQ Aspiron","Atliq Exclusive",India,7
2019-11-01,"AQ Aspiron","Atliq Exclusive",India,22
2019-11-01,"AQ Aspiron","Atliq Exclusive",India,20
2019-11-01,"AQ Aspiron","Atliq Exclusive",India,34
2019-11-01,"AQ Aspiron","Atliq Exclusive",India,29
2019-11-01,"AQ Aspiron","Atliq Exclusive",India,27
2019-11-01,"AQ Aspiron","Atliq Exclusive",India,19
2019-11-01,"AQ Aspiron","Atliq Exclusive",India,29
2019-11-01,"AQ Digit","Atliq Exclusive",India,37
2019-11-01,"AQ Digit","Atliq Exclusive",India,32
2019-11-01,"AQ Digit","Atliq Exclusive",India,25
2019-11-01,"AQ Digit","Atliq Exclusive",India,18
2019-11-01,"AQ Digit","Atliq Exclusive",India,20
2019-11-01,"AQ Digit","Atliq Exclusive",India,11
2019-11-01,"AQ Digit","Atliq Exclusive",India,11
2019-11-01,"AQ Digit","Atliq Exclusive",India,25
2019-11-01,"AQ Digit","Atliq Exclusive",India,35
2019-11-01,"AQ Digit","Atliq Exclusive",India,35
2019-11-01,"AQ Digit","Atliq Exclusive",India,31
2019-11-01,"AQ Digit","Atliq Exclusive",India,38
2019-11-01,"AQ Digit","Atliq Exclusive",India,22
2019-11-01,"AQ Digit","Atliq Exclusive",India,19
2019-11-01,"AQ Digit","Atliq Exclusive",India,30
2019-11-01,"AQ Digit","Atliq Exclusive",India,34
2019-11-01,"AQ Velocity","Atliq Exclusive",India,15
2019-11-01,"AQ Velocity","Atliq Exclusive",India,9
2019-11-01,"AQ Velocity","Atliq Exclusive",India,11
2019-11-01,"AQ Velocity","Atliq Exclusive",India,22
2019-11-01,"AQ Velocity","Atliq Exclusive",India,9
2019-11-01,"AQ Velocity","Atliq Exclusive",India,33
2019-11-01,"AQ Velocity","Atliq Exclusive",India,14
2019-11-01,"AQ Velocity","Atliq Exclusive",India,11
2019-11-01,"AQ Velocity","Atliq Exclusive",India,37
2019-11-01,"AQ Velocity","Atliq Exclusive",India,33
2019-11-01,"AQ Velocity","Atliq Exclusive",India,14
2019-11-01,"AQ Velocity","Atliq Exclusive",India,9
2019-11-01,"AQ Elite","Atliq Exclusive",India,22
2019-11-01,"AQ Elite","Atliq Exclusive",India,35
2019-11-01,"AQ Elite","Atliq Exclusive",India,34
2019-11-01,"AQ Elite","Atliq Exclusive",India,11
2019-11-01,"AQ Elite","Atliq Exclusive",India,12
2019-11-01,"AQ Elite","Atliq Exclusive",India,37
2019-11-01,"AQ Elite","Atliq Exclusive",India,11
2019-11-01,"AQ Elite","Atliq Exclusive",India,21
2019-11-01,"AQ Elite","Atliq Exclusive",India,13
2019-11-01,"AQ Elite","Atliq Exclusive",India,8
2019-11-01,"AQ Elite","Atliq Exclusive",India,30
2019-11-01,"AQ Elite","Atliq Exclusive",India,15
2019-11-01,"AQ Elite","Atliq Exclusive",India,11
2019-11-01,"AQ Elite","Atliq Exclusive",India,34
2019-11-01,"AQ Elite","Atliq Exclusive",India,8
2019-11-01,"AQ Elite","Atliq Exclusive",India,33
2019-11-01,"AQ Gen X","Atliq Exclusive",India,27
2019-11-01,"AQ Gen X","Atliq Exclusive",India,25
2019-11-01,"AQ Gen X","Atliq Exclusive",India,24
2019-11-01,"AQ Gen X","Atliq Exclusive",India,15
2019-11-01,"AQ Gen X","Atliq Exclusive",India,20
2019-11-01,"AQ Gen X","Atliq Exclusive",India,15
2019-11-01,"AQ Gen X","Atliq Exclusive",India,36
2019-11-01,"AQ Gen X","Atliq Exclusive",India,25
2019-11-01,"AQ BZ 101","Atliq Exclusive",India,18
2019-11-01,"AQ BZ 101","Atliq Exclusive",India,19
2019-11-01,"AQ BZ 101","Atliq Exclusive",India,17
2019-11-01,"AQ BZ 101","Atliq Exclusive",India,11
2019-11-01,"AQ BZ 101","Atliq Exclusive",India,27
2019-11-01,"AQ BZ 101","Atliq Exclusive",India,6
2019-11-01,"AQ BZ 101","Atliq Exclusive",India,13
2019-11-01,"AQ BZ 101","Atliq Exclusive",India,23
2019-11-01,"AQ BZ Compact","Atliq Exclusive",India,12
2019-11-01,"AQ BZ Compact","Atliq Exclusive",India,14
2019-11-01,"AQ BZ Compact","Atliq Exclusive",India,5
2019-11-01,"AQ BZ Compact","Atliq Exclusive",India,10
2019-11-01,"AQ BZ Compact","Atliq Exclusive",India,10
2019-11-01,"AQ BZ Compact","Atliq Exclusive",India,11
2019-11-01,"AQ BZ Compact","Atliq Exclusive",India,17
2019-11-01,"AQ BZ Compact","Atliq Exclusive",India,8
2019-11-01,"AQ BZ Compact","Atliq Exclusive",India,15
2019-11-01,"AQ BZ Compact","Atliq Exclusive",India,10
2019-11-01,"AQ BZ Compact","Atliq Exclusive",India,28
2019-11-01,"AQ BZ Compact","Atliq Exclusive",India,8
2019-11-01,"AQ BZ Compact","Atliq Exclusive",India,6
2019-11-01,"AQ BZ Compact","Atliq Exclusive",India,17
2019-11-01,"AQ BZ Compact","Atliq Exclusive",India,22
2019-11-01,"AQ BZ Compact","Atliq Exclusive",India,9
2019-11-01,"AQ BZ Gen Y","Atliq Exclusive",India,28
2019-11-01,"AQ BZ Gen Y","Atliq Exclusive",India,11
2019-11-01,"AQ BZ Gen Y","Atliq Exclusive",India,14
2019-11-01,"AQ BZ Gen Y","Atliq Exclusive",India,24
2019-11-01,"AQ BZ Gen Y","Atliq Exclusive",India,29
2019-11-01,"AQ BZ Gen Y","Atliq Exclusive",India,19
2019-11-01,"AQ BZ Gen Y","Atliq Exclusive",India,20
2019-11-01,"AQ BZ Gen Y","Atliq Exclusive",India,26
2019-11-01,"AQ BZ Gen Y","Atliq Exclusive",India,14
2019-11-01,"AQ BZ Gen Y","Atliq Exclusive",India,5
2019-11-01,"AQ BZ Gen Y","Atliq Exclusive",India,10
2019-11-01,"AQ BZ Gen Y","Atliq Exclusive",India,20
2019-11-01,"AQ BZ Gen Y","Atliq Exclusive",India,17
2019-11-01,"AQ BZ Gen Y","Atliq Exclusive",India,18
2019-11-01,"AQ BZ Gen Y","Atliq Exclusive",India,19
2019-11-01,"AQ BZ Gen Y","Atliq Exclusive",India,7
2019-11-01,"AQ BZ Gen Z","Atliq Exclusive",India,23
2019-11-01,"AQ BZ Gen Z","Atliq Exclusive",India,19
2019-11-01,"AQ BZ Gen Z","Atliq Exclusive",India,15
2019-11-01,"AQ BZ Gen Z","Atliq Exclusive",India,7
2019-11-01,"AQ BZ Gen Z","Atliq Exclusive",India,26
2019-11-01,"AQ BZ Gen Z","Atliq Exclusive",India,14
2019-11-01,"AQ BZ Gen Z","Atliq Exclusive",India,6
2019-11-01,"AQ BZ Gen Z","Atliq Exclusive",India,27
2019-11-01,"AQ BZ Gen Z","Atliq Exclusive",India,22
2019-11-01,"AQ BZ Gen Z","Atliq Exclusive",India,15
2019-11-01,"AQ BZ Gen Z","Atliq Exclusive",India,7
2019-11-01,"AQ BZ Gen Z","Atliq Exclusive",India,5
2019-11-01,"AQ Gamer 1","Atliq Exclusive",India,3
2019-11-01,"AQ Gamer 1","Atliq Exclusive",India,3
2019-11-01,"AQ Gamer 1","Atliq Exclusive",India,3
2019-11-01,"AQ Gamer 1","Atliq Exclusive",India,4
2019-11-01,"AQ Gamer 1","Atliq Exclusive",India,4
2019-11-01,"AQ Gamer 1","Atliq Exclusive",India,6
2019-11-01,"AQ Gamer 1","Atliq Exclusive",India,7
2019-11-01,"AQ Gamer 1","Atliq Exclusive",India,5
2019-11-01,"AQ Gamer 1","Atliq Exclusive",India,7
2019-11-01,"AQ Gamer 1","Atliq Exclusive",India,6
2019-11-01,"AQ Gamer 1","Atliq Exclusive",India,6
2019-11-01,"AQ Gamer 1","Atliq Exclusive",India,3
2019-11-01,"AQ Gamer 1","Atliq Exclusive",India,6
2019-11-01,"AQ Gamer 1","Atliq Exclusive",India,4
2019-11-01,"AQ Gamer 1","Atliq Exclusive",India,3
2019-11-01,"AQ Gamer 1","Atliq Exclusive",India,2
2019-11-01,"AQ Gamer 2","Atliq Exclusive",India,5
2019-11-01,"AQ Gamer 2","Atliq Exclusive",India,7
2019-11-01,"AQ Gamer 2","Atliq Exclusive",India,2
2019-11-01,"AQ Gamer 2","Atliq Exclusive",India,6
2019-11-01,"AQ Gamer 2","Atliq Exclusive",India,6
2019-11-01,"AQ Gamer 2","Atliq Exclusive",India,6
2019-11-01,"AQ Gamer 2","Atliq Exclusive",India,4
2019-11-01,"AQ Gamer 2","Atliq Exclusive",India,3
2019-11-01,"AQ Gamer 2","Atliq Exclusive",India,4
2019-11-01,"AQ Gamer 2","Atliq Exclusive",India,5
2019-11-01,"AQ Gamer 2","Atliq Exclusive",India,6
2019-11-01,"AQ Gamer 2","Atliq Exclusive",India,6
2019-11-01,"AQ Gamer 2","Atliq Exclusive",India,4
2019-11-01,"AQ Gamer 2","Atliq Exclusive",India,5
2019-11-01,"AQ Gamer 2","Atliq Exclusive",India,5
2019-11-01,"AQ Gamer 2","Atliq Exclusive",India,7
2019-11-01,"AQ Gamer 3","Atliq Exclusive",India,6
2019-11-01,"AQ Gamer 3","Atliq Exclusive",India,6
2019-11-01,"AQ Gamer 3","Atliq Exclusive",India,6
2019-11-01,"AQ Gamer 3","Atliq Exclusive",India,6
2019-11-01,"AQ Gamer 3","Atliq Exclusive",India,3
2019-11-01,"AQ Gamer 3","Atliq Exclusive",India,6
2019-11-01,"AQ Gamer 3","Atliq Exclusive",India,4
2019-11-01,"AQ Gamer 3","Atliq Exclusive",India,1
2019-11-01,"AQ Gamer 3","Atliq Exclusive",India,5
2019-11-01,"AQ Gamer 3","Atliq Exclusive",India,3
2019-11-01,"AQ Gamer 3","Atliq Exclusive",India,3
2019-11-01,"AQ Gamer 3","Atliq Exclusive",India,6
2019-11-01,"AQ Gamer 3","Atliq Exclusive",India,5
2019-11-01,"AQ Gamer 3","Atliq Exclusive",India,4
2019-11-01,"AQ Gamer 3","Atliq Exclusive",India,1
2019-11-01,"AQ Gamer 3","Atliq Exclusive",India,4
2019-11-01,"AQ Smash 1","Atliq Exclusive",India,6
2019-11-01,"AQ Smash 1","Atliq Exclusive",India,3
2019-11-01,"AQ Smash 1","Atliq Exclusive",India,4
2019-11-01,"AQ Smash 1","Atliq Exclusive",India,7
2019-11-01,"AQ Smash 1","Atliq Exclusive",India,4
2019-11-01,"AQ Smash 1","Atliq Exclusive",India,4
2019-11-01,"AQ Smash 1","Atliq Exclusive",India,7
2019-11-01,"AQ Smash 1","Atliq Exclusive",India,6
2019-11-01,"AQ Smash 1","Atliq Exclusive",India,6
2019-11-01,"AQ Smash 1","Atliq Exclusive",India,2
2019-11-01,"AQ Smash 1","Atliq Exclusive",India,3
2019-11-01,"AQ Smash 1","Atliq Exclusive",India,4
2019-11-01,"AQ Smash 1","Atliq Exclusive",India,3
2019-11-01,"AQ Smash 1","Atliq Exclusive",India,5
2019-11-01,"AQ Smash 1","Atliq Exclusive",India,4
2019-11-01,"AQ Smash 1","Atliq Exclusive",India,4
2019-11-01,"AQ Smash 2","Atliq Exclusive",India,4
2019-11-01,"AQ Smash 2","Atliq Exclusive",India,3
2019-11-01,"AQ Home Allin1","Atliq Exclusive",India,1
2019-11-01,"AQ Home Allin1","Atliq Exclusive",India,2
2019-11-01,"AQ Home Allin1","Atliq Exclusive",India,1
2019-11-01,"AQ Home Allin1","Atliq Exclusive",India,2
2019-11-01,"AQ Home Allin1","Atliq Exclusive",India,1
2019-11-01,"AQ Home Allin1","Atliq Exclusive",India,2
2019-11-01,"AQ Home Allin1","Atliq Exclusive",India,2
2019-11-01,"AQ Home Allin1","Atliq Exclusive",India,1
2019-11-01,"AQ Home Allin1","Atliq Exclusive",India,2
2019-11-01,"AQ Home Allin1","Atliq Exclusive",India,1
2019-11-01,"AQ Home Allin1","Atliq Exclusive",India,2
2019-11-01,"AQ Home Allin1","Atliq Exclusive",India,2
2019-11-01,"AQ Home Allin1","Atliq Exclusive",India,2
2019-11-01,"AQ Home Allin1","Atliq Exclusive",India,2
2019-11-01,"AQ Digit SSD","Atliq Exclusive",India,1405
2019-11-01,"AQ Digit SSD","Atliq Exclusive",India,697
2019-11-01,"AQ Digit SSD","Atliq Exclusive",India,674
2019-11-01,"AQ Digit SSD","Atliq Exclusive",India,1397
2019-11-01,"AQ Digit SSD","Atliq Exclusive",India,1354
2019-11-01,"AQ Digit SSD","Atliq Exclusive",India,1168
2019-11-01,"AQ Neuer SSD","Atliq Exclusive",India,1248
2019-11-01,"AQ Neuer SSD","Atliq Exclusive",India,823
2019-11-01,"AQ Neuer SSD","Atliq Exclusive",India,657
2019-11-01,"AQ Neuer SSD","Atliq Exclusive",India,437
2019-11-01,"AQ Neuer SSD","Atliq Exclusive",India,1271
2019-11-01,"AQ Neuer SSD","Atliq Exclusive",India,1002
2019-11-01,"AQ Clx1","Atliq Exclusive",India,534
2019-11-01,"AQ Clx1","Atliq Exclusive",India,143
2019-11-01,"AQ Clx1","Atliq Exclusive",India,1111
2019-11-01,"AQ Clx1","Atliq Exclusive",India,1025
2019-11-01,"AQ Clx1","Atliq Exclusive",India,554
2019-11-01,"AQ Clx1","Atliq Exclusive",India,423
2019-11-01,"AQ Clx2","Atliq Exclusive",India,1245
2019-11-01,"AQ Clx2","Atliq Exclusive",India,763
2019-11-01,"AQ Pen Drive 2 IN 1","Atliq Exclusive",India,1559
2019-11-01,"AQ Pen Drive 2 IN 1","Atliq Exclusive",India,2108
2019-11-01,"AQ Pen Drive DRC","Atliq Exclusive",India,1457
2019-11-01,"AQ Pen Drive DRC","Atliq Exclusive",India,912
2019-11-01,"AQ Wi Power Dx1","Atliq Exclusive",India,615
2019-11-01,"AQ Wi Power Dx1","Atliq Exclusive",India,626
2019-11-01,"AQ Wi Power Dx1","Atliq Exclusive",India,549
2019-11-01,"AQ Wi Power Dx1","Atliq Exclusive",India,1175
2019-11-01,"AQ Wi Power Dx1","Atliq Exclusive",India,363
2019-11-01,"AQ Wi Power Dx1","Atliq Exclusive",India,499
2019-11-01,"AQ Wi Power Dx2","Atliq Exclusive",India,721
2019-11-01,"AQ Wi Power Dx2","Atliq Exclusive",India,302
2019-11-01,"AQ Wi Power Dx2","Atliq Exclusive",India,979
2019-11-01,"AQ Wi Power Dx2","Atliq Exclusive",India,1302
2019-11-01,"AQ Wi Power Dx2","Atliq Exclusive",India,268
2019-11-01,"AQ Wi Power Dx2","Atliq Exclusive",India,416
2019-12-01,"AQ Dracula HDD – 3.5 Inch SATA 6 Gb/s 5400 RPM 256 MB Cache","Atliq Exclusive",India,85
2019-12-01,"AQ Dracula HDD – 3.5 Inch SATA 6 Gb/s 5400 RPM 256 MB Cache","Atliq Exclusive",India,288
2019-12-01,"AQ Dracula HDD – 3.5 Inch SATA 6 Gb/s 5400 RPM 256 MB Cache","Atliq Exclusive",India,114
2019-12-01,"AQ Dracula HDD – 3.5 Inch SATA 6 Gb/s 5400 RPM 256 MB Cache","Atliq Exclusive",India,41
2019-12-01,"AQ WereWolf NAS Internal Hard Drive HDD – 8.89 cm","Atliq Exclusive",India,33
2019-12-01,"AQ WereWolf NAS Internal Hard Drive HDD – 8.89 cm","Atliq Exclusive",India,103
2019-12-01,"AQ WereWolf NAS Internal Hard Drive HDD – 8.89 cm","Atliq Exclusive",India,219
2019-12-01,"AQ Zion Saga","Atliq Exclusive",India,251
2019-12-01,"AQ Mforce Gen X","Atliq Exclusive",India,53
2019-12-01,"AQ Mforce Gen X","Atliq Exclusive",India,184
2019-12-01,"AQ Mforce Gen X","Atliq Exclusive",India,185
2019-12-01,"AQ Mforce Gen X","Atliq Exclusive",India,214
2019-12-01,"AQ Mforce Gen X","Atliq Exclusive",India,129
2019-12-01,"AQ Mforce Gen X","Atliq Exclusive",India,54
2019-12-01,"AQ Mforce Gen X","Atliq Exclusive",India,161
2019-12-01,"AQ Mforce Gen X","Atliq Exclusive",India,62
2019-12-01,"AQ Mforce Gen Y","Atliq Exclusive",India,82
2019-12-01,"AQ Mforce Gen Y","Atliq Exclusive",India,81
2019-12-01,"AQ Mforce Gen Y","Atliq Exclusive",India,225
2019-12-01,"AQ Mforce Gen Y","Atliq Exclusive",India,163
2019-12-01,"AQ Mforce Gen Y","Atliq Exclusive",India,115
2019-12-01,"AQ Mforce Gen Y","Atliq Exclusive",India,204
2019-12-01,"AQ Mforce Gen Y","Atliq Exclusive",India,143
2019-12-01,"AQ Mforce Gen Y","Atliq Exclusive",India,157
2019-12-01,"AQ Mforce Gen Z","Atliq Exclusive",India,149
2019-12-01,"AQ Mforce Gen Z","Atliq Exclusive",India,54
2019-12-01,"AQ Mforce Gen Z","Atliq Exclusive",India,153
2019-12-01,"AQ Mforce Gen Z","Atliq Exclusive",India,181
2019-12-01,"AQ Mforce Gen Z","Atliq Exclusive",India,137
2019-12-01,"AQ Mforce Gen Z","Atliq Exclusive",India,56
2019-12-01,"AQ Mforce Gen Z","Atliq Exclusive",India,32
2019-12-01,"AQ Mforce Gen Z","Atliq Exclusive",India,53
2019-12-01,"AQ GT 21","Atliq Exclusive",India,71
2019-12-01,"AQ GT 21","Atliq Exclusive",India,61
2019-12-01,"AQ 5000 Series Electron 9 5900X Desktop Processor","Atliq Exclusive",India,172
2019-12-01,"AQ 5000 Series Electron 9 5900X Desktop Processor","Atliq Exclusive",India,203
2019-12-01,"AQ 5000 Series Electron 9 5900X Desktop Processor","Atliq Exclusive",India,148
2019-12-01,"AQ 5000 Series Electron 8 5900X Desktop Processor","Atliq Exclusive",India,95
2019-12-01,"AQ 5000 Series Electron 8 5900X Desktop Processor","Atliq Exclusive",India,140
2019-12-01,"AQ 5000 Series Electron 8 5900X Desktop Processor","Atliq Exclusive",India,51
2019-12-01,"AQ 5000 Series Ultron 8 5900X Desktop Processor","Atliq Exclusive",India,110
2019-12-01,"AQ 5000 Series Ultron 8 5900X Desktop Processor","Atliq Exclusive",India,96
2019-12-01,"AQ 5000 Series Ultron 8 5900X Desktop Processor","Atliq Exclusive",India,119
2019-12-01,"AQ Electron 5 3600 Desktop Processor","Atliq Exclusive",India,106
2019-12-01,"AQ Electron 5 3600 Desktop Processor","Atliq Exclusive",India,91
2019-12-01,"AQ Electron 5 3600 Desktop Processor","Atliq Exclusive",India,23
2019-12-01,"AQ Electron 4 3600 Desktop Processor","Atliq Exclusive",India,143
2019-12-01,"AQ MB Elite","Atliq Exclusive",India,16
2019-12-01,"AQ MB Elite","Atliq Exclusive",India,52
2019-12-01,"AQ MB Elite","Atliq Exclusive",India,20
2019-12-01,"AQ MB Elite","Atliq Exclusive",India,14
2019-12-01,"AQ MB Crossx","Atliq Exclusive",India,35
2019-12-01,"AQ MB Crossx","Atliq Exclusive",India,36
2019-12-01,"AQ MB Crossx","Atliq Exclusive",India,30
2019-12-01,"AQ MB Crossx","Atliq Exclusive",India,23
2019-12-01,"AQ MB Crossx 2","Atliq Exclusive",India,18
2019-12-01,"AQ MB Crossx 2","Atliq Exclusive",India,61
2019-12-01,"AQ MB Crossx 2","Atliq Exclusive",India,40
2019-12-01,"AQ MB Crossx 2","Atliq Exclusive",India,15
2019-12-01,"AQ Master wired x1 Ms","Atliq Exclusive",India,1265
2019-12-01,"AQ Master wired x1 Ms","Atliq Exclusive",India,972
2019-12-01,"AQ Master wired x1 Ms","Atliq Exclusive",India,391
2019-12-01,"AQ Master wired x1 Ms","Atliq Exclusive",India,811
2019-12-01,"AQ Master wired x1 Ms","Atliq Exclusive",India,899
2019-12-01,"AQ Master wired x1 Ms","Atliq Exclusive",India,889
2019-12-01,"AQ Master wireless x1 Ms","Atliq Exclusive",India,1156
2019-12-01,"AQ Master wireless x1 Ms","Atliq Exclusive",India,1278
2019-12-01,"AQ Master wireless x1 Ms","Atliq Exclusive",India,1192
2019-12-01,"AQ Master wireless x1 Ms","Atliq Exclusive",India,174
2019-12-01,"AQ Master wireless x1 Ms","Atliq Exclusive",India,677
2019-12-01,"AQ Master wireless x1 Ms","Atliq Exclusive",India,1210
2019-12-01,"AQ Gamers Ms","Atliq Exclusive",India,1120
2019-12-01,"AQ Gamers Ms","Atliq Exclusive",India,638
2019-12-01,"AQ Gamers Ms","Atliq Exclusive",India,635
2019-12-01,"AQ Gamers Ms","Atliq Exclusive",India,1169
2019-12-01,"AQ Gamers Ms","Atliq Exclusive",India,770
2019-12-01,"AQ Gamers Ms","Atliq Exclusive",India,661
2019-12-01,"AQ Lite Ms","Atliq Exclusive",India,205
2019-12-01,"AQ Lite Ms","Atliq Exclusive",India,845
2019-12-01,"AQ Lite Ms","Atliq Exclusive",India,726
2019-12-01,"AQ Lite Ms","Atliq Exclusive",India,980
2019-12-01,"AQ Lite Ms","Atliq Exclusive",India,889
2019-12-01,"AQ Lite Ms","Atliq Exclusive",India,1104
2019-12-01,"AQ Master wired x1","Atliq Exclusive",India,525
2019-12-01,"AQ Master wired x1","Atliq Exclusive",India,914
2019-12-01,"AQ Master wired x1","Atliq Exclusive",India,1012
2019-12-01,"AQ Master wired x1","Atliq Exclusive",India,307
2019-12-01,"AQ Master wired x1","Atliq Exclusive",India,962
2019-12-01,"AQ Master wired x1","Atliq Exclusive",India,531
2019-12-01,"AQ Master wireless x1","Atliq Exclusive",India,182
2019-12-01,"AQ Master wireless x1","Atliq Exclusive",India,485
2019-12-01,"AQ Master wireless x1","Atliq Exclusive",India,460
2019-12-01,"AQ Master wireless x1","Atliq Exclusive",India,408
2019-12-01,"AQ Master wireless x1","Atliq Exclusive",India,641
2019-12-01,"AQ Master wireless x1","Atliq Exclusive",India,108
2019-12-01,"AQ Gamers ","Atliq Exclusive",India,558
2019-12-01,"AQ Gamers ","Atliq Exclusive",India,825
2019-12-01,"AQ Gamers ","Atliq Exclusive",India,742
2019-12-01,"AQ Gamers ","Atliq Exclusive",India,968
2019-12-01,"AQ Gamers ","Atliq Exclusive",India,863
2019-12-01,"AQ Gamers ","Atliq Exclusive",India,736
2019-12-01,"AQ Lite","Atliq Exclusive",India,869
2019-12-01,"AQ Lite","Atliq Exclusive",India,844
2019-12-01,"AQ Lite","Atliq Exclusive",India,377
2019-12-01,"AQ Lite","Atliq Exclusive",India,319
2019-12-01,"AQ Lite","Atliq Exclusive",India,363
2019-12-01,"AQ Lite","Atliq Exclusive",India,473
2019-12-01,"AQ Maxima","Atliq Exclusive",India,158
2019-12-01,"AQ Maxima","Atliq Exclusive",India,885
2019-12-01,"AQ Maxima","Atliq Exclusive",India,576
2019-12-01,"AQ Maxima","Atliq Exclusive",India,147
2019-12-01,"AQ LION x1","Atliq Exclusive",India,6
2019-12-01,"AQ LION x1","Atliq Exclusive",India,8
2019-12-01,"AQ LION x1","Atliq Exclusive",India,3
2019-12-01,"AQ LION x1","Atliq Exclusive",India,10
2019-12-01,"AQ LION x1","Atliq Exclusive",India,2
2019-12-01,"AQ LION x2","Atliq Exclusive",India,2
2019-12-01,"AQ LION x2","Atliq Exclusive",India,3
2019-12-01,"AQ LION x2","Atliq Exclusive",India,10
2019-12-01,"AQ LION x2","Atliq Exclusive",India,9
2019-12-01,"AQ LION x2","Atliq Exclusive",India,9
2019-12-01,"AQ LION x3","Atliq Exclusive",India,7
2019-12-01,"AQ LION x3","Atliq Exclusive",India,7
2019-12-01,"AQ LION x3","Atliq Exclusive",India,6
2019-12-01,"AQ LION x3","Atliq Exclusive",India,9
2019-12-01,"AQ LION x3","Atliq Exclusive",India,6
2019-12-01,"AQ Mx NB","Atliq Exclusive",India,7
2019-12-01,"AQ Mx NB","Atliq Exclusive",India,5
2019-12-01,"AQ Aspiron","Atliq Exclusive",India,13
2019-12-01,"AQ Aspiron","Atliq Exclusive",India,23
2019-12-01,"AQ Aspiron","Atliq Exclusive",India,21
2019-12-01,"AQ Aspiron","Atliq Exclusive",India,35
2019-12-01,"AQ Aspiron","Atliq Exclusive",India,13
2019-12-01,"AQ Aspiron","Atliq Exclusive",India,18
2019-12-01,"AQ Aspiron","Atliq Exclusive",India,31
2019-12-01,"AQ Digit","Atliq Exclusive",India,16
2019-12-01,"AQ Digit","Atliq Exclusive",India,8
2019-12-01,"AQ Digit","Atliq Exclusive",India,18
2019-12-01,"AQ Digit","Atliq Exclusive",India,21
2019-12-01,"AQ Digit","Atliq Exclusive",India,33
2019-12-01,"AQ Digit","Atliq Exclusive",India,24
2019-12-01,"AQ Digit","Atliq Exclusive",India,39
2019-12-01,"AQ Digit","Atliq Exclusive",India,27
2019-12-01,"AQ Velocity","Atliq Exclusive",India,14
2019-12-01,"AQ Velocity","Atliq Exclusive",India,11
2019-12-01,"AQ Velocity","Atliq Exclusive",India,33
2019-12-01,"AQ Velocity","Atliq Exclusive",India,32
2019-12-01,"AQ Velocity","Atliq Exclusive",India,11
2019-12-01,"AQ Velocity","Atliq Exclusive",India,7
2019-12-01,"AQ Elite","Atliq Exclusive",India,22
2019-12-01,"AQ Elite","Atliq Exclusive",India,34
2019-12-01,"AQ Elite","Atliq Exclusive",India,9
2019-12-01,"AQ Elite","Atliq Exclusive",India,18
2019-12-01,"AQ Elite","Atliq Exclusive",India,25
2019-12-01,"AQ Elite","Atliq Exclusive",India,16
2019-12-01,"AQ Elite","Atliq Exclusive",India,30
2019-12-01,"AQ Elite","Atliq Exclusive",India,14
2019-12-01,"AQ Gen X","Atliq Exclusive",India,32
2019-12-01,"AQ Gen X","Atliq Exclusive",India,37
2019-12-01,"AQ Gen X","Atliq Exclusive",India,31
2019-12-01,"AQ Gen X","Atliq Exclusive",India,13
2019-12-01,"AQ BZ 101","Atliq Exclusive",India,9
2019-12-01,"AQ BZ 101","Atliq Exclusive",India,17
2019-12-01,"AQ BZ 101","Atliq Exclusive",India,8
2019-12-01,"AQ BZ 101","Atliq Exclusive",India,30
2019-12-01,"AQ BZ Compact","Atliq Exclusive",India,20
2019-12-01,"AQ BZ Compact","Atliq Exclusive",India,9
2019-12-01,"AQ BZ Compact","Atliq Exclusive",India,24
2019-12-01,"AQ BZ Compact","Atliq Exclusive",India,23
2019-12-01,"AQ BZ Compact","Atliq Exclusive",India,7
2019-12-01,"AQ BZ Compact","Atliq Exclusive",India,8
2019-12-01,"AQ BZ Compact","Atliq Exclusive",India,30
2019-12-01,"AQ BZ Compact","Atliq Exclusive",India,30
2019-12-01,"AQ BZ Gen Y","Atliq Exclusive",India,29
2019-12-01,"AQ BZ Gen Y","Atliq Exclusive",India,7
2019-12-01,"AQ BZ Gen Y","Atliq Exclusive",India,21
2019-12-01,"AQ BZ Gen Y","Atliq Exclusive",India,16
2019-12-01,"AQ BZ Gen Y","Atliq Exclusive",India,17
2019-12-01,"AQ BZ Gen Y","Atliq Exclusive",India,21
2019-12-01,"AQ BZ Gen Y","Atliq Exclusive",India,30
2019-12-01,"AQ BZ Gen Y","Atliq Exclusive",India,26
2019-12-01,"AQ BZ Gen Z","Atliq Exclusive",India,11
2019-12-01,"AQ BZ Gen Z","Atliq Exclusive",India,10
2019-12-01,"AQ BZ Gen Z","Atliq Exclusive",India,12
2019-12-01,"AQ BZ Gen Z","Atliq Exclusive",India,7
2019-12-01,"AQ BZ Gen Z","Atliq Exclusive",India,29
2019-12-01,"AQ BZ Gen Z","Atliq Exclusive",India,24
2019-12-01,"AQ Gamer 1","Atliq Exclusive",India,4
2019-12-01,"AQ Gamer 1","Atliq Exclusive",India,4
2019-12-01,"AQ Gamer 1","Atliq Exclusive",India,1
2019-12-01,"AQ Gamer 1","Atliq Exclusive",India,4
2019-12-01,"AQ Gamer 1","Atliq Exclusive",India,3
2019-12-01,"AQ Gamer 1","Atliq Exclusive",India,3
2019-12-01,"AQ Gamer 1","Atliq Exclusive",India,4
2019-12-01,"AQ Gamer 1","Atliq Exclusive",India,1
2019-12-01,"AQ Gamer 2","Atliq Exclusive",India,7
2019-12-01,"AQ Gamer 2","Atliq Exclusive",India,4
2019-12-01,"AQ Gamer 2","Atliq Exclusive",India,7
2019-12-01,"AQ Gamer 2","Atliq Exclusive",India,4
2019-12-01,"AQ Gamer 2","Atliq Exclusive",India,4
2019-12-01,"AQ Gamer 2","Atliq Exclusive",India,2
2019-12-01,"AQ Gamer 2","Atliq Exclusive",India,6
2019-12-01,"AQ Gamer 2","Atliq Exclusive",India,7
2019-12-01,"AQ Gamer 3","Atliq Exclusive",India,3
2019-12-01,"AQ Gamer 3","Atliq Exclusive",India,1
2019-12-01,"AQ Gamer 3","Atliq Exclusive",India,3
2019-12-01,"AQ Gamer 3","Atliq Exclusive",India,3
2019-12-01,"AQ Gamer 3","Atliq Exclusive",India,4
2019-12-01,"AQ Gamer 3","Atliq Exclusive",India,4
2019-12-01,"AQ Gamer 3","Atliq Exclusive",India,3
2019-12-01,"AQ Gamer 3","Atliq Exclusive",India,1
2019-12-01,"AQ Smash 1","Atliq Exclusive",India,5
2019-12-01,"AQ Smash 1","Atliq Exclusive",India,5
2019-12-01,"AQ Smash 1","Atliq Exclusive",India,3
2019-12-01,"AQ Smash 1","Atliq Exclusive",India,3
2019-12-01,"AQ Smash 1","Atliq Exclusive",India,4
2019-12-01,"AQ Smash 1","Atliq Exclusive",India,2
2019-12-01,"AQ Smash 1","Atliq Exclusive",India,5
2019-12-01,"AQ Smash 1","Atliq Exclusive",India,4
2019-12-01,"AQ Smash 2","Atliq Exclusive",India,2
2019-12-01,"AQ Home Allin1","Atliq Exclusive",India,2
2019-12-01,"AQ Home Allin1","Atliq Exclusive",India,1
2019-12-01,"AQ Home Allin1","Atliq Exclusive",India,2
2019-12-01,"AQ Home Allin1","Atliq Exclusive",India,1
2019-12-01,"AQ Home Allin1","Atliq Exclusive",India,1
2019-12-01,"AQ Home Allin1","Atliq Exclusive",India,2
2019-12-01,"AQ Home Allin1","Atliq Exclusive",India,2
2019-12-01,"AQ Digit SSD","Atliq Exclusive",India,1191
2019-12-01,"AQ Digit SSD","Atliq Exclusive",India,1321
2019-12-01,"AQ Digit SSD","Atliq Exclusive",India,278
2019-12-01,"AQ Neuer SSD","Atliq Exclusive",India,756
2019-12-01,"AQ Neuer SSD","Atliq Exclusive",India,426
2019-12-01,"AQ Neuer SSD","Atliq Exclusive",India,402
2019-12-01,"AQ Clx1","Atliq Exclusive",India,442
2019-12-01,"AQ Clx1","Atliq Exclusive",India,783
2019-12-01,"AQ Clx1","Atliq Exclusive",India,1098
2019-12-01,"AQ Clx2","Atliq Exclusive",India,910
2019-12-01,"AQ Pen Drive 2 IN 1","Atliq Exclusive",India,1279
2019-12-01,"AQ Pen Drive DRC","Atliq Exclusive",India,472
2019-12-01,"AQ Wi Power Dx1","Atliq Exclusive",India,309
2019-12-01,"AQ Wi Power Dx1","Atliq Exclusive",India,379
2019-12-01,"AQ Wi Power Dx1","Atliq Exclusive",India,334
2019-12-01,"AQ Wi Power Dx2","Atliq Exclusive",India,983
2019-12-01,"AQ Wi Power Dx2","Atliq Exclusive",India,1067
2019-12-01,"AQ Wi Power Dx2","Atliq Exclusive",India,890
2020-01-01,"AQ Dracula HDD – 3.5 Inch SATA 6 Gb/s 5400 RPM 256 MB Cache","Atliq Exclusive",India,161
2020-01-01,"AQ Dracula HDD – 3.5 Inch SATA 6 Gb/s 5400 RPM 256 MB Cache","Atliq Exclusive",India,71
2020-01-01,"AQ Dracula HDD – 3.5 Inch SATA 6 Gb/s 5400 RPM 256 MB Cache","Atliq Exclusive",India,133
2020-01-01,"AQ Dracula HDD – 3.5 Inch SATA 6 Gb/s 5400 RPM 256 MB Cache","Atliq Exclusive",India,85
2020-01-01,"AQ Dracula HDD – 3.5 Inch SATA 6 Gb/s 5400 RPM 256 MB Cache","Atliq Exclusive",India,76
2020-01-01,"AQ Dracula HDD – 3.5 Inch SATA 6 Gb/s 5400 RPM 256 MB Cache","Atliq Exclusive",India,65
2020-01-01,"AQ Dracula HDD – 3.5 Inch SATA 6 Gb/s 5400 RPM 256 MB Cache","Atliq Exclusive",India,92
2020-01-01,"AQ Dracula HDD – 3.5 Inch SATA 6 Gb/s 5400 RPM 256 MB Cache","Atliq Exclusive",India,134
2020-01-01,"AQ WereWolf NAS Internal Hard Drive HDD – 8.89 cm","Atliq Exclusive",India,117
2020-01-01,"AQ WereWolf NAS Internal Hard Drive HDD – 8.89 cm","Atliq Exclusive",India,20
2020-01-01,"AQ WereWolf NAS Internal Hard Drive HDD – 8.89 cm","Atliq Exclusive",India,36
2020-01-01,"AQ WereWolf NAS Internal Hard Drive HDD – 8.89 cm","Atliq Exclusive",India,97
2020-01-01,"AQ WereWolf NAS Internal Hard Drive HDD – 8.89 cm","Atliq Exclusive",India,98
2020-01-01,"AQ WereWolf NAS Internal Hard Drive HDD – 8.89 cm","Atliq Exclusive",India,161
2020-01-01,"AQ Zion Saga","Atliq Exclusive",India,156
2020-01-01,"AQ Zion Saga","Atliq Exclusive",India,171
2020-01-01,"AQ Mforce Gen X","Atliq Exclusive",India,28
2020-01-01,"AQ Mforce Gen X","Atliq Exclusive",India,14
2020-01-01,"AQ Mforce Gen X","Atliq Exclusive",India,33
2020-01-01,"AQ Mforce Gen X","Atliq Exclusive",India,90
2020-01-01,"AQ Mforce Gen X","Atliq Exclusive",India,22
2020-01-01,"AQ Mforce Gen X","Atliq Exclusive",India,119
2020-01-01,"AQ Mforce Gen X","Atliq Exclusive",India,26
2020-01-01,"AQ Mforce Gen X","Atliq Exclusive",India,13
2020-01-01,"AQ Mforce Gen X","Atliq Exclusive",India,15
2020-01-01,"AQ Mforce Gen X","Atliq Exclusive",India,122
2020-01-01,"AQ Mforce Gen X","Atliq Exclusive",India,21
2020-01-01,"AQ Mforce Gen X","Atliq Exclusive",India,112
2020-01-01,"AQ Mforce Gen X","Atliq Exclusive",India,68
2020-01-01,"AQ Mforce Gen X","Atliq Exclusive",India,60
2020-01-01,"AQ Mforce Gen X","Atliq Exclusive",India,123
2020-01-01,"AQ Mforce Gen X","Atliq Exclusive",India,121
2020-01-01,"AQ Mforce Gen Y","Atliq Exclusive",India,54
2020-01-01,"AQ Mforce Gen Y","Atliq Exclusive",India,77
2020-01-01,"AQ Mforce Gen Y","Atliq Exclusive",India,83
2020-01-01,"AQ Mforce Gen Y","Atliq Exclusive",India,118
2020-01-01,"AQ Mforce Gen Y","Atliq Exclusive",India,14
2020-01-01,"AQ Mforce Gen Y","Atliq Exclusive",India,88
2020-01-01,"AQ Mforce Gen Y","Atliq Exclusive",India,109
2020-01-01,"AQ Mforce Gen Y","Atliq Exclusive",India,96
2020-01-01,"AQ Mforce Gen Y","Atliq Exclusive",India,118
2020-01-01,"AQ Mforce Gen Y","Atliq Exclusive",India,75
2020-01-01,"AQ Mforce Gen Y","Atliq Exclusive",India,53
2020-01-01,"AQ Mforce Gen Y","Atliq Exclusive",India,18
2020-01-01,"AQ Mforce Gen Y","Atliq Exclusive",India,32
2020-01-01,"AQ Mforce Gen Y","Atliq Exclusive",India,14
2020-01-01,"AQ Mforce Gen Y","Atliq Exclusive",India,113
2020-01-01,"AQ Mforce Gen Y","Atliq Exclusive",India,14
2020-01-01,"AQ Mforce Gen Z","Atliq Exclusive",India,60
2020-01-01,"AQ Mforce Gen Z","Atliq Exclusive",India,85
2020-01-01,"AQ Mforce Gen Z","Atliq Exclusive",India,110
2020-01-01,"AQ Mforce Gen Z","Atliq Exclusive",India,106
2020-01-01,"AQ Mforce Gen Z","Atliq Exclusive",India,45
2020-01-01,"AQ Mforce Gen Z","Atliq Exclusive",India,69
2020-01-01,"AQ Mforce Gen Z","Atliq Exclusive",India,111
2020-01-01,"AQ Mforce Gen Z","Atliq Exclusive",India,90
2020-01-01,"AQ Mforce Gen Z","Atliq Exclusive",India,124
2020-01-01,"AQ Mforce Gen Z","Atliq Exclusive",India,82
2020-01-01,"AQ Mforce Gen Z","Atliq Exclusive",India,21
2020-01-01,"AQ Mforce Gen Z","Atliq Exclusive",India,37
2020-01-01,"AQ Mforce Gen Z","Atliq Exclusive",India,72
2020-01-01,"AQ Mforce Gen Z","Atliq Exclusive",India,89
2020-01-01,"AQ Mforce Gen Z","Atliq Exclusive",India,90
2020-01-01,"AQ Mforce Gen Z","Atliq Exclusive",India,64
2020-01-01,"AQ GT 21","Atliq Exclusive",India,99
2020-01-01,"AQ GT 21","Atliq Exclusive",India,66
2020-01-01,"AQ GT 21","Atliq Exclusive",India,30
2020-01-01,"AQ GT 21","Atliq Exclusive",India,44
2020-01-01,"AQ 5000 Series Electron 9 5900X Desktop Processor","Atliq Exclusive",India,94
2020-01-01,"AQ 5000 Series Electron 9 5900X Desktop Processor","Atliq Exclusive",India,48
2020-01-01,"AQ 5000 Series Electron 9 5900X Desktop Processor","Atliq Exclusive",India,16
2020-01-01,"AQ 5000 Series Electron 9 5900X Desktop Processor","Atliq Exclusive",India,105
2020-01-01,"AQ 5000 Series Electron 9 5900X Desktop Processor","Atliq Exclusive",India,118
2020-01-01,"AQ 5000 Series Electron 9 5900X Desktop Processor","Atliq Exclusive",India,75
2020-01-01,"AQ 5000 Series Electron 8 5900X Desktop Processor","Atliq Exclusive",India,53
2020-01-01,"AQ 5000 Series Electron 8 5900X Desktop Processor","Atliq Exclusive",India,47
2020-01-01,"AQ 5000 Series Electron 8 5900X Desktop Processor","Atliq Exclusive",India,14
2020-01-01,"AQ 5000 Series Electron 8 5900X Desktop Processor","Atliq Exclusive",India,85
2020-01-01,"AQ 5000 Series Electron 8 5900X Desktop Processor","Atliq Exclusive",India,22
2020-01-01,"AQ 5000 Series Electron 8 5900X Desktop Processor","Atliq Exclusive",India,42
2020-01-01,"AQ 5000 Series Ultron 8 5900X Desktop Processor","Atliq Exclusive",India,39
2020-01-01,"AQ 5000 Series Ultron 8 5900X Desktop Processor","Atliq Exclusive",India,118
2020-01-01,"AQ 5000 Series Ultron 8 5900X Desktop Processor","Atliq Exclusive",India,39
2020-01-01,"AQ 5000 Series Ultron 8 5900X Desktop Processor","Atliq Exclusive",India,84
2020-01-01,"AQ 5000 Series Ultron 8 5900X Desktop Processor","Atliq Exclusive",India,44
2020-01-01,"AQ 5000 Series Ultron 8 5900X Desktop Processor","Atliq Exclusive",India,27
2020-01-01,"AQ Electron 5 3600 Desktop Processor","Atliq Exclusive",India,109
2020-01-01,"AQ Electron 5 3600 Desktop Processor","Atliq Exclusive",India,79
2020-01-01,"AQ Electron 5 3600 Desktop Processor","Atliq Exclusive",India,15
2020-01-01,"AQ Electron 5 3600 Desktop Processor","Atliq Exclusive",India,115
2020-01-01,"AQ Electron 5 3600 Desktop Processor","Atliq Exclusive",India,88
2020-01-01,"AQ Electron 5 3600 Desktop Processor","Atliq Exclusive",India,37
2020-01-01,"AQ Electron 4 3600 Desktop Processor","Atliq Exclusive",India,102
2020-01-01,"AQ Electron 4 3600 Desktop Processor","Atliq Exclusive",India,97
2020-01-01,"AQ MB Elite","Atliq Exclusive",India,10
2020-01-01,"AQ MB Elite","Atliq Exclusive",India,20
2020-01-01,"AQ MB Elite","Atliq Exclusive",India,5
2020-01-01,"AQ MB Elite","Atliq Exclusive",India,14
2020-01-01,"AQ MB Elite","Atliq Exclusive",India,15
2020-01-01,"AQ MB Elite","Atliq Exclusive",India,5
2020-01-01,"AQ MB Elite","Atliq Exclusive",India,5
2020-01-01,"AQ MB Elite","Atliq Exclusive",India,11
2020-01-01,"AQ MB Crossx","Atliq Exclusive",India,29
2020-01-01,"AQ MB Crossx","Atliq Exclusive",India,15
2020-01-01,"AQ MB Crossx","Atliq Exclusive",India,10
2020-01-01,"AQ MB Crossx","Atliq Exclusive",India,33
2020-01-01,"AQ MB Crossx","Atliq Exclusive",India,32
2020-01-01,"AQ MB Crossx","Atliq Exclusive",India,21
2020-01-01,"AQ MB Crossx","Atliq Exclusive",India,32
2020-01-01,"AQ MB Crossx","Atliq Exclusive",India,29
2020-01-01,"AQ MB Crossx 2","Atliq Exclusive",India,24
2020-01-01,"AQ MB Crossx 2","Atliq Exclusive",India,9
2020-01-01,"AQ MB Crossx 2","Atliq Exclusive",India,15
2020-01-01,"AQ MB Crossx 2","Atliq Exclusive",India,30
2020-01-01,"AQ MB Crossx 2","Atliq Exclusive",India,5
2020-01-01,"AQ MB Crossx 2","Atliq Exclusive",India,25
2020-01-01,"AQ MB Crossx 2","Atliq Exclusive",India,12
2020-01-01,"AQ MB Crossx 2","Atliq Exclusive",India,17
2020-01-01,"AQ Master wired x1 Ms","Atliq Exclusive",India,147
2020-01-01,"AQ Master wired x1 Ms","Atliq Exclusive",India,168
2020-01-01,"AQ Master wired x1 Ms","Atliq Exclusive",India,600
2020-01-01,"AQ Master wired x1 Ms","Atliq Exclusive",India,704
2020-01-01,"AQ Master wired x1 Ms","Atliq Exclusive",India,212
2020-01-01,"AQ Master wired x1 Ms","Atliq Exclusive",India,612
2020-01-01,"AQ Master wired x1 Ms","Atliq Exclusive",India,554
2020-01-01,"AQ Master wired x1 Ms","Atliq Exclusive",India,701
2020-01-01,"AQ Master wired x1 Ms","Atliq Exclusive",India,380
2020-01-01,"AQ Master wired x1 Ms","Atliq Exclusive",India,672
2020-01-01,"AQ Master wired x1 Ms","Atliq Exclusive",India,183
2020-01-01,"AQ Master wired x1 Ms","Atliq Exclusive",India,615
2020-01-01,"AQ Master wireless x1 Ms","Atliq Exclusive",India,467
2020-01-01,"AQ Master wireless x1 Ms","Atliq Exclusive",India,625
2020-01-01,"AQ Master wireless x1 Ms","Atliq Exclusive",India,625
2020-01-01,"AQ Master wireless x1 Ms","Atliq Exclusive",India,200
2020-01-01,"AQ Master wireless x1 Ms","Atliq Exclusive",India,520
2020-01-01,"AQ Master wireless x1 Ms","Atliq Exclusive",India,505
2020-01-01,"AQ Master wireless x1 Ms","Atliq Exclusive",India,454
2020-01-01,"AQ Master wireless x1 Ms","Atliq Exclusive",India,187
2020-01-01,"AQ Master wireless x1 Ms","Atliq Exclusive",India,606
2020-01-01,"AQ Master wireless x1 Ms","Atliq Exclusive",India,278
2020-01-01,"AQ Master wireless x1 Ms","Atliq Exclusive",India,497
2020-01-01,"AQ Master wireless x1 Ms","Atliq Exclusive",India,324
2020-01-01,"AQ Gamers Ms","Atliq Exclusive",India,318
2020-01-01,"AQ Gamers Ms","Atliq Exclusive",India,592
2020-01-01,"AQ Gamers Ms","Atliq Exclusive",India,616
2020-01-01,"AQ Gamers Ms","Atliq Exclusive",India,590
2020-01-01,"AQ Gamers Ms","Atliq Exclusive",India,583
2020-01-01,"AQ Gamers Ms","Atliq Exclusive",India,418
2020-01-01,"AQ Gamers Ms","Atliq Exclusive",India,552
2020-01-01,"AQ Gamers Ms","Atliq Exclusive",India,164
2020-01-01,"AQ Gamers Ms","Atliq Exclusive",India,402
2020-01-01,"AQ Gamers Ms","Atliq Exclusive",India,151
2020-01-01,"AQ Gamers Ms","Atliq Exclusive",India,233
2020-01-01,"AQ Gamers Ms","Atliq Exclusive",India,412
2020-01-01,"AQ Lite Ms","Atliq Exclusive",India,124
2020-01-01,"AQ Lite Ms","Atliq Exclusive",India,562
2020-01-01,"AQ Lite Ms","Atliq Exclusive",India,209
2020-01-01,"AQ Lite Ms","Atliq Exclusive",India,160
2020-01-01,"AQ Lite Ms","Atliq Exclusive",India,528
2020-01-01,"AQ Lite Ms","Atliq Exclusive",India,706
2020-01-01,"AQ Lite Ms","Atliq Exclusive",India,573
2020-01-01,"AQ Lite Ms","Atliq Exclusive",India,334
2020-01-01,"AQ Lite Ms","Atliq Exclusive",India,366
2020-01-01,"AQ Lite Ms","Atliq Exclusive",India,196
2020-01-01,"AQ Lite Ms","Atliq Exclusive",India,552
2020-01-01,"AQ Lite Ms","Atliq Exclusive",India,680
2020-01-01,"AQ Master wired x1","Atliq Exclusive",India,323
2020-01-01,"AQ Master wired x1","Atliq Exclusive",India,265
2020-01-01,"AQ Master wired x1","Atliq Exclusive",India,500
2020-01-01,"AQ Master wired x1","Atliq Exclusive",India,245
2020-01-01,"AQ Master wired x1","Atliq Exclusive",India,94
2020-01-01,"AQ Master wired x1","Atliq Exclusive",India,407
2020-01-01,"AQ Master wired x1","Atliq Exclusive",India,498
2020-01-01,"AQ Master wired x1","Atliq Exclusive",India,244
2020-01-01,"AQ Master wired x1","Atliq Exclusive",India,492
2020-01-01,"AQ Master wired x1","Atliq Exclusive",India,204
2020-01-01,"AQ Master wired x1","Atliq Exclusive",India,361
2020-01-01,"AQ Master wired x1","Atliq Exclusive",India,376
2020-01-01,"AQ Master wireless x1","Atliq Exclusive",India,172
2020-01-01,"AQ Master wireless x1","Atliq Exclusive",India,389
2020-01-01,"AQ Master wireless x1","Atliq Exclusive",India,248
2020-01-01,"AQ Master wireless x1","Atliq Exclusive",India,373
2020-01-01,"AQ Master wireless x1","Atliq Exclusive",India,334
2020-01-01,"AQ Master wireless x1","Atliq Exclusive",India,456
2020-01-01,"AQ Master wireless x1","Atliq Exclusive",India,371
2020-01-01,"AQ Master wireless x1","Atliq Exclusive",India,454
2020-01-01,"AQ Master wireless x1","Atliq Exclusive",India,531
2020-01-01,"AQ Master wireless x1","Atliq Exclusive",India,194
2020-01-01,"AQ Master wireless x1","Atliq Exclusive",India,483
2020-01-01,"AQ Master wireless x1","Atliq Exclusive",India,61
2020-01-01,"AQ Gamers ","Atliq Exclusive",India,567
2020-01-01,"AQ Gamers ","Atliq Exclusive",India,531
2020-01-01,"AQ Gamers ","Atliq Exclusive",India,506
2020-01-01,"AQ Gamers ","Atliq Exclusive",India,198
2020-01-01,"AQ Gamers ","Atliq Exclusive",India,149
2020-01-01,"AQ Gamers ","Atliq Exclusive",India,476
2020-01-01,"AQ Gamers ","Atliq Exclusive",India,476
2020-01-01,"AQ Gamers ","Atliq Exclusive",India,372
2020-01-01,"AQ Gamers ","Atliq Exclusive",India,511
2020-01-01,"AQ Gamers ","Atliq Exclusive",India,551
2020-01-01,"AQ Gamers ","Atliq Exclusive",India,556
2020-01-01,"AQ Gamers ","Atliq Exclusive",India,131
2020-01-01,"AQ Lite","Atliq Exclusive",India,372
2020-01-01,"AQ Lite","Atliq Exclusive",India,571
2020-01-01,"AQ Lite","Atliq Exclusive",India,561
2020-01-01,"AQ Lite","Atliq Exclusive",India,558
2020-01-01,"AQ Lite","Atliq Exclusive",India,543
2020-01-01,"AQ Lite","Atliq Exclusive",India,546
2020-01-01,"AQ Lite","Atliq Exclusive",India,241
2020-01-01,"AQ Lite","Atliq Exclusive",India,96
2020-01-01,"AQ Lite","Atliq Exclusive",India,226
2020-01-01,"AQ Lite","Atliq Exclusive",India,160
2020-01-01,"AQ Lite","Atliq Exclusive",India,173
2020-01-01,"AQ Lite","Atliq Exclusive",India,561
2020-01-01,"AQ Maxima","Atliq Exclusive",India,316
2020-01-01,"AQ Maxima","Atliq Exclusive",India,403
2020-01-01,"AQ Maxima","Atliq Exclusive",India,372
2020-01-01,"AQ Maxima","Atliq Exclusive",India,290
2020-01-01,"AQ Maxima","Atliq Exclusive",India,438
2020-01-01,"AQ Maxima","Atliq Exclusive",India,404
2020-01-01,"AQ Maxima","Atliq Exclusive",India,96
2020-01-01,"AQ Maxima","Atliq Exclusive",India,59
2020-01-01,"AQ LION x1","Atliq Exclusive",India,3
2020-01-01,"AQ LION x1","Atliq Exclusive",India,4
2020-01-01,"AQ LION x1","Atliq Exclusive",India,3
2020-01-01,"AQ LION x1","Atliq Exclusive",India,1
2020-01-01,"AQ LION x1","Atliq Exclusive",India,1
2020-01-01,"AQ LION x1","Atliq Exclusive",India,5
2020-01-01,"AQ LION x1","Atliq Exclusive",India,5
2020-01-01,"AQ LION x1","Atliq Exclusive",India,4
2020-01-01,"AQ LION x1","Atliq Exclusive",India,2
2020-01-01,"AQ LION x1","Atliq Exclusive",India,4
2020-01-01,"AQ LION x2","Atliq Exclusive",India,5
2020-01-01,"AQ LION x2","Atliq Exclusive",India,4
2020-01-01,"AQ LION x2","Atliq Exclusive",India,5
2020-01-01,"AQ LION x2","Atliq Exclusive",India,6
2020-01-01,"AQ LION x2","Atliq Exclusive",India,2
2020-01-01,"AQ LION x2","Atliq Exclusive",India,3
2020-01-01,"AQ LION x2","Atliq Exclusive",India,1
2020-01-01,"AQ LION x2","Atliq Exclusive",India,2
2020-01-01,"AQ LION x2","Atliq Exclusive",India,6
2020-01-01,"AQ LION x2","Atliq Exclusive",India,1
2020-01-01,"AQ LION x3","Atliq Exclusive",India,3
2020-01-01,"AQ LION x3","Atliq Exclusive",India,3
2020-01-01,"AQ LION x3","Atliq Exclusive",India,2
2020-01-01,"AQ LION x3","Atliq Exclusive",India,5
2020-01-01,"AQ LION x3","Atliq Exclusive",India,4
2020-01-01,"AQ LION x3","Atliq Exclusive",India,3
2020-01-01,"AQ LION x3","Atliq Exclusive",India,1
2020-01-01,"AQ LION x3","Atliq Exclusive",India,5
2020-01-01,"AQ LION x3","Atliq Exclusive",India,6
2020-01-01,"AQ LION x3","Atliq Exclusive",India,3
2020-01-01,"AQ Mx NB","Atliq Exclusive",India,2
2020-01-01,"AQ Mx NB","Atliq Exclusive",India,1
2020-01-01,"AQ Mx NB","Atliq Exclusive",India,4
2020-01-01,"AQ Mx NB","Atliq Exclusive",India,4
2020-01-01,"AQ Aspiron","Atliq Exclusive",India,12
2020-01-01,"AQ Aspiron","Atliq Exclusive",India,10
2020-01-01,"AQ Aspiron","Atliq Exclusive",India,14
2020-01-01,"AQ Aspiron","Atliq Exclusive",India,5
2020-01-01,"AQ Aspiron","Atliq Exclusive",India,14
2020-01-01,"AQ Aspiron","Atliq Exclusive",India,12
2020-01-01,"AQ Aspiron","Atliq Exclusive",India,9
2020-01-01,"AQ Aspiron","Atliq Exclusive",India,18
2020-01-01,"AQ Aspiron","Atliq Exclusive",India,22
2020-01-01,"AQ Aspiron","Atliq Exclusive",India,20
2020-01-01,"AQ Aspiron","Atliq Exclusive",India,9
2020-01-01,"AQ Aspiron","Atliq Exclusive",India,7
2020-01-01,"AQ Aspiron","Atliq Exclusive",India,22
2020-01-01,"AQ Aspiron","Atliq Exclusive",India,7
2020-01-01,"AQ Digit","Atliq Exclusive",India,5
2020-01-01,"AQ Digit","Atliq Exclusive",India,5
2020-01-01,"AQ Digit","Atliq Exclusive",India,7
2020-01-01,"AQ Digit","Atliq Exclusive",India,20
2020-01-01,"AQ Digit","Atliq Exclusive",India,10
2020-01-01,"AQ Digit","Atliq Exclusive",India,12
2020-01-01,"AQ Digit","Atliq Exclusive",India,17
2020-01-01,"AQ Digit","Atliq Exclusive",India,22
2020-01-01,"AQ Digit","Atliq Exclusive",India,16
2020-01-01,"AQ Digit","Atliq Exclusive",India,19
2020-01-01,"AQ Digit","Atliq Exclusive",India,10
2020-01-01,"AQ Digit","Atliq Exclusive",India,10
2020-01-01,"AQ Digit","Atliq Exclusive",India,6
2020-01-01,"AQ Digit","Atliq Exclusive",India,20
2020-01-01,"AQ Digit","Atliq Exclusive",India,22
2020-01-01,"AQ Digit","Atliq Exclusive",India,11
2020-01-01,"AQ Velocity","Atliq Exclusive",India,12
2020-01-01,"AQ Velocity","Atliq Exclusive",India,7
2020-01-01,"AQ Velocity","Atliq Exclusive",India,21
2020-01-01,"AQ Velocity","Atliq Exclusive",India,12
2020-01-01,"AQ Velocity","Atliq Exclusive",India,20
2020-01-01,"AQ Velocity","Atliq Exclusive",India,14
2020-01-01,"AQ Velocity","Atliq Exclusive",India,11
2020-01-01,"AQ Velocity","Atliq Exclusive",India,21
2020-01-01,"AQ Velocity","Atliq Exclusive",India,7
2020-01-01,"AQ Velocity","Atliq Exclusive",India,19
2020-01-01,"AQ Velocity","Atliq Exclusive",India,15
2020-01-01,"AQ Velocity","Atliq Exclusive",India,16
2020-01-01,"AQ Elite","Atliq Exclusive",India,12
2020-01-01,"AQ Elite","Atliq Exclusive",India,7
2020-01-01,"AQ Elite","Atliq Exclusive",India,14
2020-01-01,"AQ Elite","Atliq Exclusive",India,16
2020-01-01,"AQ Elite","Atliq Exclusive",India,11
2020-01-01,"AQ Elite","Atliq Exclusive",India,15
2020-01-01,"AQ Elite","Atliq Exclusive",India,12
2020-01-01,"AQ Elite","Atliq Exclusive",India,17
2020-01-01,"AQ Elite","Atliq Exclusive",India,7
2020-01-01,"AQ Elite","Atliq Exclusive",India,18
2020-01-01,"AQ Elite","Atliq Exclusive",India,6
2020-01-01,"AQ Elite","Atliq Exclusive",India,17
2020-01-01,"AQ Elite","Atliq Exclusive",India,14
2020-01-01,"AQ Elite","Atliq Exclusive",India,17
2020-01-01,"AQ Elite","Atliq Exclusive",India,10
2020-01-01,"AQ Elite","Atliq Exclusive",India,9
2020-01-01,"AQ Gen X","Atliq Exclusive",India,21
2020-01-01,"AQ Gen X","Atliq Exclusive",India,4
2020-01-01,"AQ Gen X","Atliq Exclusive",India,7
2020-01-01,"AQ Gen X","Atliq Exclusive",India,10
2020-01-01,"AQ Gen X","Atliq Exclusive",India,6
2020-01-01,"AQ Gen X","Atliq Exclusive",India,13
2020-01-01,"AQ Gen X","Atliq Exclusive",India,15
2020-01-01,"AQ Gen X","Atliq Exclusive",India,10
2020-01-01,"AQ BZ 101","Atliq Exclusive",India,15
2020-01-01,"AQ BZ 101","Atliq Exclusive",India,6
2020-01-01,"AQ BZ 101","Atliq Exclusive",India,15
2020-01-01,"AQ BZ 101","Atliq Exclusive",India,11
2020-01-01,"AQ BZ 101","Atliq Exclusive",India,16
2020-01-01,"AQ BZ 101","Atliq Exclusive",India,12
2020-01-01,"AQ BZ 101","Atliq Exclusive",India,10
2020-01-01,"AQ BZ 101","Atliq Exclusive",India,10
2020-01-01,"AQ BZ Compact","Atliq Exclusive",India,4
2020-01-01,"AQ BZ Compact","Atliq Exclusive",India,10
2020-01-01,"AQ BZ Compact","Atliq Exclusive",India,11
2020-01-01,"AQ BZ Compact","Atliq Exclusive",India,12
2020-01-01,"AQ BZ Compact","Atliq Exclusive",India,6
2020-01-01,"AQ BZ Compact","Atliq Exclusive",India,6
2020-01-01,"AQ BZ Compact","Atliq Exclusive",India,5
2020-01-01,"AQ BZ Compact","Atliq Exclusive",India,6
2020-01-01,"AQ BZ Compact","Atliq Exclusive",India,8
2020-01-01,"AQ BZ Compact","Atliq Exclusive",India,9
2020-01-01,"AQ BZ Compact","Atliq Exclusive",India,17
2020-01-01,"AQ BZ Compact","Atliq Exclusive",India,10
2020-01-01,"AQ BZ Compact","Atliq Exclusive",India,4
2020-01-01,"AQ BZ Compact","Atliq Exclusive",India,7
2020-01-01,"AQ BZ Compact","Atliq Exclusive",India,10
2020-01-01,"AQ BZ Compact","Atliq Exclusive",India,12
2020-01-01,"AQ BZ Gen Y","Atliq Exclusive",India,14
2020-01-01,"AQ BZ Gen Y","Atliq Exclusive",India,12
2020-01-01,"AQ BZ Gen Y","Atliq Exclusive",India,14
2020-01-01,"AQ BZ Gen Y","Atliq Exclusive",India,14
2020-01-01,"AQ BZ Gen Y","Atliq Exclusive",India,13
2020-01-01,"AQ BZ Gen Y","Atliq Exclusive",India,16
2020-01-01,"AQ BZ Gen Y","Atliq Exclusive",India,16
2020-01-01,"AQ BZ Gen Y","Atliq Exclusive",India,17
2020-01-01,"AQ BZ Gen Y","Atliq Exclusive",India,12
2020-01-01,"AQ BZ Gen Y","Atliq Exclusive",India,4
2020-01-01,"AQ BZ Gen Y","Atliq Exclusive",India,15
2020-01-01,"AQ BZ Gen Y","Atliq Exclusive",India,7
2020-01-01,"AQ BZ Gen Y","Atliq Exclusive",India,8
2020-01-01,"AQ BZ Gen Y","Atliq Exclusive",India,12
2020-01-01,"AQ BZ Gen Y","Atliq Exclusive",India,16
2020-01-01,"AQ BZ Gen Y","Atliq Exclusive",India,4
2020-01-01,"AQ BZ Gen Z","Atliq Exclusive",India,16
2020-01-01,"AQ BZ Gen Z","Atliq Exclusive",India,16
2020-01-01,"AQ BZ Gen Z","Atliq Exclusive",India,10
2020-01-01,"AQ BZ Gen Z","Atliq Exclusive",India,8
2020-01-01,"AQ BZ Gen Z","Atliq Exclusive",India,15
2020-01-01,"AQ BZ Gen Z","Atliq Exclusive",India,3
2020-01-01,"AQ BZ Gen Z","Atliq Exclusive",India,7
2020-01-01,"AQ BZ Gen Z","Atliq Exclusive",India,14
2020-01-01,"AQ BZ Gen Z","Atliq Exclusive",India,15
2020-01-01,"AQ BZ Gen Z","Atliq Exclusive",India,14
2020-01-01,"AQ BZ Gen Z","Atliq Exclusive",India,8
2020-01-01,"AQ BZ Gen Z","Atliq Exclusive",India,4
2020-01-01,"AQ Gamer 1","Atliq Exclusive",India,1
2020-01-01,"AQ Gamer 1","Atliq Exclusive",India,1
2020-01-01,"AQ Gamer 1","Atliq Exclusive",India,2
2020-01-01,"AQ Gamer 1","Atliq Exclusive",India,2
2020-01-01,"AQ Gamer 1","Atliq Exclusive",India,4
2020-01-01,"AQ Gamer 1","Atliq Exclusive",India,1
2020-01-01,"AQ Gamer 1","Atliq Exclusive",India,2
2020-01-01,"AQ Gamer 1","Atliq Exclusive",India,3
2020-01-01,"AQ Gamer 1","Atliq Exclusive",India,4
2020-01-01,"AQ Gamer 1","Atliq Exclusive",India,4
2020-01-01,"AQ Gamer 1","Atliq Exclusive",India,4
2020-01-01,"AQ Gamer 1","Atliq Exclusive",India,4
2020-01-01,"AQ Gamer 1","Atliq Exclusive",India,4
2020-01-01,"AQ Gamer 1","Atliq Exclusive",India,1
2020-01-01,"AQ Gamer 1","Atliq Exclusive",India,3
2020-01-01,"AQ Gamer 1","Atliq Exclusive",India,2
2020-01-01,"AQ Gamer 2","Atliq Exclusive",India,4
2020-01-01,"AQ Gamer 2","Atliq Exclusive",India,4
2020-01-01,"AQ Gamer 2","Atliq Exclusive",India,2
2020-01-01,"AQ Gamer 2","Atliq Exclusive",India,2
2020-01-01,"AQ Gamer 2","Atliq Exclusive",India,4
2020-01-01,"AQ Gamer 2","Atliq Exclusive",India,4
2020-01-01,"AQ Gamer 2","Atliq Exclusive",India,4
2020-01-01,"AQ Gamer 2","Atliq Exclusive",India,3
2020-01-01,"AQ Gamer 2","Atliq Exclusive",India,4
2020-01-01,"AQ Gamer 2","Atliq Exclusive",India,2
2020-01-01,"AQ Gamer 2","Atliq Exclusive",India,2
2020-01-01,"AQ Gamer 2","Atliq Exclusive",India,2
2020-01-01,"AQ Gamer 2","Atliq Exclusive",India,1
2020-01-01,"AQ Gamer 2","Atliq Exclusive",India,3
2020-01-01,"AQ Gamer 2","Atliq Exclusive",India,4
2020-01-01,"AQ Gamer 2","Atliq Exclusive",India,3
2020-01-01,"AQ Gamer 3","Atliq Exclusive",India,2
2020-01-01,"AQ Gamer 3","Atliq Exclusive",India,2
2020-01-01,"AQ Gamer 3","Atliq Exclusive",India,1
2020-01-01,"AQ Gamer 3","Atliq Exclusive",India,4
2020-01-01,"AQ Gamer 3","Atliq Exclusive",India,2
2020-01-01,"AQ Gamer 3","Atliq Exclusive",India,4
2020-01-01,"AQ Gamer 3","Atliq Exclusive",India,2
2020-01-01,"AQ Gamer 3","Atliq Exclusive",India,2
2020-01-01,"AQ Gamer 3","Atliq Exclusive",India,1
2020-01-01,"AQ Gamer 3","Atliq Exclusive",India,1
2020-01-01,"AQ Gamer 3","Atliq Exclusive",India,2
2020-01-01,"AQ Gamer 3","Atliq Exclusive",India,4
2020-01-01,"AQ Gamer 3","Atliq Exclusive",India,1
2020-01-01,"AQ Gamer 3","Atliq Exclusive",India,2
2020-01-01,"AQ Gamer 3","Atliq Exclusive",India,4
2020-01-01,"AQ Gamer 3","Atliq Exclusive",India,2
2020-01-01,"AQ Smash 1","Atliq Exclusive",India,1
2020-01-01,"AQ Smash 1","Atliq Exclusive",India,3
2020-01-01,"AQ Smash 1","Atliq Exclusive",India,2
2020-01-01,"AQ Smash 1","Atliq Exclusive",India,1
2020-01-01,"AQ Smash 1","Atliq Exclusive",India,3
2020-01-01,"AQ Smash 1","Atliq Exclusive",India,2
2020-01-01,"AQ Smash 1","Atliq Exclusive",India,1
2020-01-01,"AQ Smash 1","Atliq Exclusive",India,3
2020-01-01,"AQ Smash 1","Atliq Exclusive",India,2
2020-01-01,"AQ Smash 1","Atliq Exclusive",India,2
2020-01-01,"AQ Smash 1","Atliq Exclusive",India,2
2020-01-01,"AQ Smash 1","Atliq Exclusive",India,1
2020-01-01,"AQ Smash 1","Atliq Exclusive",India,3
2020-01-01,"AQ Smash 1","Atliq Exclusive",India,3
2020-01-01,"AQ Smash 1","Atliq Exclusive",India,2
2020-01-01,"AQ Smash 1","Atliq Exclusive",India,3
2020-01-01,"AQ Smash 2","Atliq Exclusive",India,2
2020-01-01,"AQ Smash 2","Atliq Exclusive",India,4
2020-01-01,"AQ Home Allin1","Atliq Exclusive",India,1
2020-01-01,"AQ Home Allin1","Atliq Exclusive",India,1
2020-01-01,"AQ Home Allin1","Atliq Exclusive",India,1
2020-01-01,"AQ Home Allin1","Atliq Exclusive",India,1
2020-01-01,"AQ Home Allin1","Atliq Exclusive",India,1
2020-01-01,"AQ Home Allin1","Atliq Exclusive",India,1
2020-01-01,"AQ Home Allin1","Atliq Exclusive",India,1
2020-01-01,"AQ Home Allin1","Atliq Exclusive",India,1
2020-01-01,"AQ Home Allin1","Atliq Exclusive",India,1
2020-01-01,"AQ Home Allin1","Atliq Exclusive",India,1
2020-01-01,"AQ Home Allin1","Atliq Exclusive",India,1
2020-01-01,"AQ Digit SSD","Atliq Exclusive",India,259
2020-01-01,"AQ Digit SSD","Atliq Exclusive",India,768
2020-01-01,"AQ Digit SSD","Atliq Exclusive",India,151
2020-01-01,"AQ Digit SSD","Atliq Exclusive",India,657
2020-01-01,"AQ Digit SSD","Atliq Exclusive",India,721
2020-01-01,"AQ Digit SSD","Atliq Exclusive",India,781
2020-01-01,"AQ Neuer SSD","Atliq Exclusive",India,585
2020-01-01,"AQ Neuer SSD","Atliq Exclusive",India,395
2020-01-01,"AQ Neuer SSD","Atliq Exclusive",India,575
2020-01-01,"AQ Neuer SSD","Atliq Exclusive",India,153
2020-01-01,"AQ Neuer SSD","Atliq Exclusive",India,291
2020-01-01,"AQ Neuer SSD","Atliq Exclusive",India,796
2020-01-01,"AQ Clx1","Atliq Exclusive",India,114
2020-01-01,"AQ Clx1","Atliq Exclusive",India,830
2020-01-01,"AQ Clx1","Atliq Exclusive",India,716
2020-01-01,"AQ Clx1","Atliq Exclusive",India,781
2020-01-01,"AQ Clx1","Atliq Exclusive",India,259
2020-01-01,"AQ Clx1","Atliq Exclusive",India,712
2020-01-01,"AQ Clx2","Atliq Exclusive",India,306
2020-01-01,"AQ Clx2","Atliq Exclusive",India,469
2020-01-01,"AQ Pen Drive 2 IN 1","Atliq Exclusive",India,186
2020-01-01,"AQ Pen Drive 2 IN 1","Atliq Exclusive",India,272
2020-01-01,"AQ Pen Drive DRC","Atliq Exclusive",India,600
2020-01-01,"AQ Pen Drive DRC","Atliq Exclusive",India,1207
2020-01-01,"AQ Wi Power Dx1","Atliq Exclusive",India,390
2020-01-01,"AQ Wi Power Dx1","Atliq Exclusive",India,435
2020-01-01,"AQ Wi Power Dx1","Atliq Exclusive",India,112
2020-01-01,"AQ Wi Power Dx1","Atliq Exclusive",India,668
2020-01-01,"AQ Wi Power Dx1","Atliq Exclusive",India,688
2020-01-01,"AQ Wi Power Dx1","Atliq Exclusive",India,686
2020-01-01,"AQ Wi Power Dx2","Atliq Exclusive",India,771
2020-01-01,"AQ Wi Power Dx2","Atliq Exclusive",India,404
2020-01-01,"AQ Wi Power Dx2","Atliq Exclusive",India,518
2020-01-01,"AQ Wi Power Dx2","Atliq Exclusive",India,203
2020-01-01,"AQ Wi Power Dx2","Atliq Exclusive",India,521
2020-01-01,"AQ Wi Power Dx2","Atliq Exclusive",India,451
2020-02-01,"AQ Dracula HDD – 3.5 Inch SATA 6 Gb/s 5400 RPM 256 MB Cache","Atliq Exclusive",India,27
2020-02-01,"AQ Dracula HDD – 3.5 Inch SATA 6 Gb/s 5400 RPM 256 MB Cache","Atliq Exclusive",India,152
2020-02-01,"AQ Dracula HDD – 3.5 Inch SATA 6 Gb/s 5400 RPM 256 MB Cache","Atliq Exclusive",India,140
2020-02-01,"AQ Dracula HDD – 3.5 Inch SATA 6 Gb/s 5400 RPM 256 MB Cache","Atliq Exclusive",India,96
2020-02-01,"AQ WereWolf NAS Internal Hard Drive HDD – 8.89 cm","Atliq Exclusive",India,169
2020-02-01,"AQ WereWolf NAS Internal Hard Drive HDD – 8.89 cm","Atliq Exclusive",India,145
2020-02-01,"AQ WereWolf NAS Internal Hard Drive HDD – 8.89 cm","Atliq Exclusive",India,106
2020-02-01,"AQ Zion Saga","Atliq Exclusive",India,36
2020-02-01,"AQ Mforce Gen X","Atliq Exclusive",India,26
2020-02-01,"AQ Mforce Gen X","Atliq Exclusive",India,19
2020-02-01,"AQ Mforce Gen X","Atliq Exclusive",India,88
2020-02-01,"AQ Mforce Gen X","Atliq Exclusive",India,31
2020-02-01,"AQ Mforce Gen X","Atliq Exclusive",India,24
2020-02-01,"AQ Mforce Gen X","Atliq Exclusive",India,40
2020-02-01,"AQ Mforce Gen X","Atliq Exclusive",India,28
2020-02-01,"AQ Mforce Gen X","Atliq Exclusive",India,117
2020-02-01,"AQ Mforce Gen Y","Atliq Exclusive",India,52
2020-02-01,"AQ Mforce Gen Y","Atliq Exclusive",India,47
2020-02-01,"AQ Mforce Gen Y","Atliq Exclusive",India,112
2020-02-01,"AQ Mforce Gen Y","Atliq Exclusive",India,106
2020-02-01,"AQ Mforce Gen Y","Atliq Exclusive",India,22
2020-02-01,"AQ Mforce Gen Y","Atliq Exclusive",India,16
2020-02-01,"AQ Mforce Gen Y","Atliq Exclusive",India,21
2020-02-01,"AQ Mforce Gen Y","Atliq Exclusive",India,19
2020-02-01,"AQ Mforce Gen Z","Atliq Exclusive",India,89
2020-02-01,"AQ Mforce Gen Z","Atliq Exclusive",India,82
2020-02-01,"AQ Mforce Gen Z","Atliq Exclusive",India,20
2020-02-01,"AQ Mforce Gen Z","Atliq Exclusive",India,110
2020-02-01,"AQ Mforce Gen Z","Atliq Exclusive",India,23
2020-02-01,"AQ Mforce Gen Z","Atliq Exclusive",India,83
2020-02-01,"AQ Mforce Gen Z","Atliq Exclusive",India,42
2020-02-01,"AQ Mforce Gen Z","Atliq Exclusive",India,36
2020-02-01,"AQ GT 21","Atliq Exclusive",India,91
2020-02-01,"AQ GT 21","Atliq Exclusive",India,57
2020-02-01,"AQ 5000 Series Electron 9 5900X Desktop Processor","Atliq Exclusive",India,101
2020-02-01,"AQ 5000 Series Electron 9 5900X Desktop Processor","Atliq Exclusive",India,65
2020-02-01,"AQ 5000 Series Electron 9 5900X Desktop Processor","Atliq Exclusive",India,92
2020-02-01,"AQ 5000 Series Electron 8 5900X Desktop Processor","Atliq Exclusive",India,13
2020-02-01,"AQ 5000 Series Electron 8 5900X Desktop Processor","Atliq Exclusive",India,31
2020-02-01,"AQ 5000 Series Electron 8 5900X Desktop Processor","Atliq Exclusive",India,55
2020-02-01,"AQ 5000 Series Ultron 8 5900X Desktop Processor","Atliq Exclusive",India,61
2020-02-01,"AQ 5000 Series Ultron 8 5900X Desktop Processor","Atliq Exclusive",India,117
2020-02-01,"AQ 5000 Series Ultron 8 5900X Desktop Processor","Atliq Exclusive",India,43
2020-02-01,"AQ Electron 5 3600 Desktop Processor","Atliq Exclusive",India,69
2020-02-01,"AQ Electron 5 3600 Desktop Processor","Atliq Exclusive",India,105
2020-02-01,"AQ Electron 5 3600 Desktop Processor","Atliq Exclusive",India,69
2020-02-01,"AQ Electron 4 3600 Desktop Processor","Atliq Exclusive",India,73
2020-02-01,"AQ MB Elite","Atliq Exclusive",India,19
2020-02-01,"AQ MB Elite","Atliq Exclusive",India,17
2020-02-01,"AQ MB Elite","Atliq Exclusive",India,29
2020-02-01,"AQ MB Elite","Atliq Exclusive",India,12
2020-02-01,"AQ MB Crossx","Atliq Exclusive",India,32
2020-02-01,"AQ MB Crossx","Atliq Exclusive",India,21
2020-02-01,"AQ MB Crossx","Atliq Exclusive",India,5
2020-02-01,"AQ MB Crossx","Atliq Exclusive",India,35
2020-02-01,"AQ MB Crossx 2","Atliq Exclusive",India,31
2020-02-01,"AQ MB Crossx 2","Atliq Exclusive",India,24
2020-02-01,"AQ MB Crossx 2","Atliq Exclusive",India,17
2020-02-01,"AQ MB Crossx 2","Atliq Exclusive",India,18
2020-02-01,"AQ Master wired x1 Ms","Atliq Exclusive",India,469
2020-02-01,"AQ Master wired x1 Ms","Atliq Exclusive",India,586
2020-02-01,"AQ Master wired x1 Ms","Atliq Exclusive",India,446
2020-02-01,"AQ Master wired x1 Ms","Atliq Exclusive",India,647
2020-02-01,"AQ Master wired x1 Ms","Atliq Exclusive",India,665
2020-02-01,"AQ Master wired x1 Ms","Atliq Exclusive",India,334
2020-02-01,"AQ Master wireless x1 Ms","Atliq Exclusive",India,331
2020-02-01,"AQ Master wireless x1 Ms","Atliq Exclusive",India,374
2020-02-01,"AQ Master wireless x1 Ms","Atliq Exclusive",India,513
2020-02-01,"AQ Master wireless x1 Ms","Atliq Exclusive",India,582
2020-02-01,"AQ Master wireless x1 Ms","Atliq Exclusive",India,621
2020-02-01,"AQ Master wireless x1 Ms","Atliq Exclusive",India,347
2020-02-01,"AQ Gamers Ms","Atliq Exclusive",India,456
2020-02-01,"AQ Gamers Ms","Atliq Exclusive",India,304
2020-02-01,"AQ Gamers Ms","Atliq Exclusive",India,562
2020-02-01,"AQ Gamers Ms","Atliq Exclusive",India,500
2020-02-01,"AQ Gamers Ms","Atliq Exclusive",India,101
2020-02-01,"AQ Gamers Ms","Atliq Exclusive",India,471
2020-02-01,"AQ Lite Ms","Atliq Exclusive",India,445
2020-02-01,"AQ Lite Ms","Atliq Exclusive",India,334
2020-02-01,"AQ Lite Ms","Atliq Exclusive",India,615
2020-02-01,"AQ Lite Ms","Atliq Exclusive",India,148
2020-02-01,"AQ Lite Ms","Atliq Exclusive",India,338
2020-02-01,"AQ Lite Ms","Atliq Exclusive",India,395
2020-02-01,"AQ Master wired x1","Atliq Exclusive",India,558
2020-02-01,"AQ Master wired x1","Atliq Exclusive",India,400
2020-02-01,"AQ Master wired x1","Atliq Exclusive",India,260
2020-02-01,"AQ Master wired x1","Atliq Exclusive",India,85
2020-02-01,"AQ Master wired x1","Atliq Exclusive",India,447
2020-02-01,"AQ Master wired x1","Atliq Exclusive",India,491
2020-02-01,"AQ Master wireless x1","Atliq Exclusive",India,460
2020-02-01,"AQ Master wireless x1","Atliq Exclusive",India,111
2020-02-01,"AQ Master wireless x1","Atliq Exclusive",India,222
2020-02-01,"AQ Master wireless x1","Atliq Exclusive",India,389
2020-02-01,"AQ Master wireless x1","Atliq Exclusive",India,58
2020-02-01,"AQ Master wireless x1","Atliq Exclusive",India,304
2020-02-01,"AQ Gamers ","Atliq Exclusive",India,439
2020-02-01,"AQ Gamers ","Atliq Exclusive",India,563
2020-02-01,"AQ Gamers ","Atliq Exclusive",India,347
2020-02-01,"AQ Gamers ","Atliq Exclusive",India,84
2020-02-01,"AQ Gamers ","Atliq Exclusive",India,158
2020-02-01,"AQ Gamers ","Atliq Exclusive",India,293
2020-02-01,"AQ Lite","Atliq Exclusive",India,331
2020-02-01,"AQ Lite","Atliq Exclusive",India,501
2020-02-01,"AQ Lite","Atliq Exclusive",India,185
2020-02-01,"AQ Lite","Atliq Exclusive",India,538
2020-02-01,"AQ Lite","Atliq Exclusive",India,455
2020-02-01,"AQ Lite","Atliq Exclusive",India,364
2020-02-01,"AQ Maxima","Atliq Exclusive",India,414
2020-02-01,"AQ Maxima","Atliq Exclusive",India,359
2020-02-01,"AQ Maxima","Atliq Exclusive",India,334
2020-02-01,"AQ Maxima","Atliq Exclusive",India,455
2020-02-01,"AQ LION x1","Atliq Exclusive",India,6
2020-02-01,"AQ LION x1","Atliq Exclusive",India,2
2020-02-01,"AQ LION x1","Atliq Exclusive",India,4
2020-02-01,"AQ LION x1","Atliq Exclusive",India,6
2020-02-01,"AQ LION x1","Atliq Exclusive",India,4
2020-02-01,"AQ LION x2","Atliq Exclusive",India,5
2020-02-01,"AQ LION x2","Atliq Exclusive",India,3
2020-02-01,"AQ LION x2","Atliq Exclusive",India,2
2020-02-01,"AQ LION x2","Atliq Exclusive",India,2
2020-02-01,"AQ LION x2","Atliq Exclusive",India,5
2020-02-01,"AQ LION x3","Atliq Exclusive",India,3
2020-02-01,"AQ LION x3","Atliq Exclusive",India,6
2020-02-01,"AQ LION x3","Atliq Exclusive",India,1
2020-02-01,"AQ LION x3","Atliq Exclusive",India,2
2020-02-01,"AQ LION x3","Atliq Exclusive",India,5
2020-02-01,"AQ Mx NB","Atliq Exclusive",India,2
2020-02-01,"AQ Mx NB","Atliq Exclusive",India,5
2020-02-01,"AQ Aspiron","Atliq Exclusive",India,16
2020-02-01,"AQ Aspiron","Atliq Exclusive",India,17
2020-02-01,"AQ Aspiron","Atliq Exclusive",India,4
2020-02-01,"AQ Aspiron","Atliq Exclusive",India,17
2020-02-01,"AQ Aspiron","Atliq Exclusive",India,9
2020-02-01,"AQ Aspiron","Atliq Exclusive",India,12
2020-02-01,"AQ Aspiron","Atliq Exclusive",India,21
2020-02-01,"AQ Digit","Atliq Exclusive",India,18
2020-02-01,"AQ Digit","Atliq Exclusive",India,18
2020-02-01,"AQ Digit","Atliq Exclusive",India,8
2020-02-01,"AQ Digit","Atliq Exclusive",India,19
2020-02-01,"AQ Digit","Atliq Exclusive",India,15
2020-02-01,"AQ Digit","Atliq Exclusive",India,5
2020-02-01,"AQ Digit","Atliq Exclusive",India,10
2020-02-01,"AQ Digit","Atliq Exclusive",India,8
2020-02-01,"AQ Velocity","Atliq Exclusive",India,9
2020-02-01,"AQ Velocity","Atliq Exclusive",India,11
2020-02-01,"AQ Velocity","Atliq Exclusive",India,15
2020-02-01,"AQ Velocity","Atliq Exclusive",India,10
2020-02-01,"AQ Velocity","Atliq Exclusive",India,19
2020-02-01,"AQ Velocity","Atliq Exclusive",India,22
2020-02-01,"AQ Elite","Atliq Exclusive",India,17
2020-02-01,"AQ Elite","Atliq Exclusive",India,16
2020-02-01,"AQ Elite","Atliq Exclusive",India,6
2020-02-01,"AQ Elite","Atliq Exclusive",India,13
2020-02-01,"AQ Elite","Atliq Exclusive",India,14
2020-02-01,"AQ Elite","Atliq Exclusive",India,4
2020-02-01,"AQ Elite","Atliq Exclusive",India,8
2020-02-01,"AQ Elite","Atliq Exclusive",India,14
2020-02-01,"AQ Gen X","Atliq Exclusive",India,14
2020-02-01,"AQ Gen X","Atliq Exclusive",India,5
2020-02-01,"AQ Gen X","Atliq Exclusive",India,11
2020-02-01,"AQ Gen X","Atliq Exclusive",India,12
2020-02-01,"AQ BZ 101","Atliq Exclusive",India,5
2020-02-01,"AQ BZ 101","Atliq Exclusive",India,10
2020-02-01,"AQ BZ 101","Atliq Exclusive",India,9
2020-02-01,"AQ BZ 101","Atliq Exclusive",India,15
2020-02-01,"AQ BZ Compact","Atliq Exclusive",India,4
2020-02-01,"AQ BZ Compact","Atliq Exclusive",India,4
2020-02-01,"AQ BZ Compact","Atliq Exclusive",India,11
2020-02-01,"AQ BZ Compact","Atliq Exclusive",India,13
2020-02-01,"AQ BZ Compact","Atliq Exclusive",India,8
2020-02-01,"AQ BZ Compact","Atliq Exclusive",India,5
2020-02-01,"AQ BZ Compact","Atliq Exclusive",India,17
2020-02-01,"AQ BZ Compact","Atliq Exclusive",India,7
2020-02-01,"AQ BZ Gen Y","Atliq Exclusive",India,7
2020-02-01,"AQ BZ Gen Y","Atliq Exclusive",India,9
2020-02-01,"AQ BZ Gen Y","Atliq Exclusive",India,12
2020-02-01,"AQ BZ Gen Y","Atliq Exclusive",India,13
2020-02-01,"AQ BZ Gen Y","Atliq Exclusive",India,12
2020-02-01,"AQ BZ Gen Y","Atliq Exclusive",India,6
2020-02-01,"AQ BZ Gen Y","Atliq Exclusive",India,5
2020-02-01,"AQ BZ Gen Y","Atliq Exclusive",India,16
2020-02-01,"AQ BZ Gen Z","Atliq Exclusive",India,12
2020-02-01,"AQ BZ Gen Z","Atliq Exclusive",India,14
2020-02-01,"AQ BZ Gen Z","Atliq Exclusive",India,7
2020-02-01,"AQ BZ Gen Z","Atliq Exclusive",India,11
2020-02-01,"AQ BZ Gen Z","Atliq Exclusive",India,15
2020-02-01,"AQ BZ Gen Z","Atliq Exclusive",India,12
2020-02-01,"AQ Gamer 1","Atliq Exclusive",India,1
2020-02-01,"AQ Gamer 1","Atliq Exclusive",India,4
2020-02-01,"AQ Gamer 1","Atliq Exclusive",India,4
2020-02-01,"AQ Gamer 1","Atliq Exclusive",India,2
2020-02-01,"AQ Gamer 1","Atliq Exclusive",India,4
2020-02-01,"AQ Gamer 1","Atliq Exclusive",India,2
2020-02-01,"AQ Gamer 1","Atliq Exclusive",India,1
2020-02-01,"AQ Gamer 1","Atliq Exclusive",India,3
2020-02-01,"AQ Gamer 2","Atliq Exclusive",India,1
2020-02-01,"AQ Gamer 2","Atliq Exclusive",India,3
2020-02-01,"AQ Gamer 2","Atliq Exclusive",India,4
2020-02-01,"AQ Gamer 2","Atliq Exclusive",India,4
2020-02-01,"AQ Gamer 2","Atliq Exclusive",India,3
2020-02-01,"AQ Gamer 2","Atliq Exclusive",India,3
2020-02-01,"AQ Gamer 2","Atliq Exclusive",India,3
2020-02-01,"AQ Gamer 2","Atliq Exclusive",India,1
2020-02-01,"AQ Gamer 3","Atliq Exclusive",India,4
2020-02-01,"AQ Gamer 3","Atliq Exclusive",India,4
2020-02-01,"AQ Gamer 3","Atliq Exclusive",India,1
2020-02-01,"AQ Gamer 3","Atliq Exclusive",India,1
2020-02-01,"AQ Gamer 3","Atliq Exclusive",India,3
2020-02-01,"AQ Gamer 3","Atliq Exclusive",India,2
2020-02-01,"AQ Gamer 3","Atliq Exclusive",India,4
2020-02-01,"AQ Gamer 3","Atliq Exclusive",India,1
2020-02-01,"AQ Smash 1","Atliq Exclusive",India,3
2020-02-01,"AQ Smash 1","Atliq Exclusive",India,3
2020-02-01,"AQ Smash 1","Atliq Exclusive",India,3
2020-02-01,"AQ Smash 1","Atliq Exclusive",India,2
2020-02-01,"AQ Smash 1","Atliq Exclusive",India,1
2020-02-01,"AQ Smash 1","Atliq Exclusive",India,2
2020-02-01,"AQ Smash 1","Atliq Exclusive",India,4
2020-02-01,"AQ Smash 1","Atliq Exclusive",India,4
2020-02-01,"AQ Smash 2","Atliq Exclusive",India,3
2020-02-01,"AQ Home Allin1","Atliq Exclusive",India,1
2020-02-01,"AQ Home Allin1","Atliq Exclusive",India,1
2020-02-01,"AQ Home Allin1","Atliq Exclusive",India,1
2020-02-01,"AQ Home Allin1","Atliq Exclusive",India,1
2020-02-01,"AQ Home Allin1","Atliq Exclusive",India,1
2020-02-01,"AQ Home Allin1","Atliq Exclusive",India,1
2020-02-01,"AQ Home Allin1","Atliq Exclusive",India,1
2020-02-01,"AQ Digit SSD","Atliq Exclusive",India,291
2020-02-01,"AQ Digit SSD","Atliq Exclusive",India,818
2020-02-01,"AQ Digit SSD","Atliq Exclusive",India,339
2020-02-01,"AQ Neuer SSD","Atliq Exclusive",India,541
2020-02-01,"AQ Neuer SSD","Atliq Exclusive",India,155
2020-02-01,"AQ Neuer SSD","Atliq Exclusive",India,578
2020-02-01,"AQ Clx1","Atliq Exclusive",India,620
2020-02-01,"AQ Clx1","Atliq Exclusive",India,549
2020-02-01,"AQ Clx1","Atliq Exclusive",India,489
2020-02-01,"AQ Clx2","Atliq Exclusive",India,496
2020-02-01,"AQ Pen Drive 2 IN 1","Atliq Exclusive",India,980
2020-02-01,"AQ Pen Drive DRC","Atliq Exclusive",India,484
2020-02-01,"AQ Wi Power Dx1","Atliq Exclusive",India,270
2020-02-01,"AQ Wi Power Dx1","Atliq Exclusive",India,323
2020-02-01,"AQ Wi Power Dx1","Atliq Exclusive",India,129
2020-02-01,"AQ Wi Power Dx2","Atliq Exclusive",India,441
2020-02-01,"AQ Wi Power Dx2","Atliq Exclusive",India,131
2020-02-01,"AQ Wi Power Dx2","Atliq Exclusive",India,98
2020-03-01,"AQ Dracula HDD – 3.5 Inch SATA 6 Gb/s 5400 RPM 256 MB Cache","Atliq Exclusive",India,3
2020-03-01,"AQ Dracula HDD – 3.5 Inch SATA 6 Gb/s 5400 RPM 256 MB Cache","Atliq Exclusive",India,2
2020-03-01,"AQ Dracula HDD – 3.5 Inch SATA 6 Gb/s 5400 RPM 256 MB Cache","Atliq Exclusive",India,3
2020-03-01,"AQ Dracula HDD – 3.5 Inch SATA 6 Gb/s 5400 RPM 256 MB Cache","Atliq Exclusive",India,5
2020-03-01,"AQ Dracula HDD – 3.5 Inch SATA 6 Gb/s 5400 RPM 256 MB Cache","Atliq Exclusive",India,6
2020-03-01,"AQ Dracula HDD – 3.5 Inch SATA 6 Gb/s 5400 RPM 256 MB Cache","Atliq Exclusive",India,7
2020-03-01,"AQ Dracula HDD – 3.5 Inch SATA 6 Gb/s 5400 RPM 256 MB Cache","Atliq Exclusive",India,12
2020-03-01,"AQ Dracula HDD – 3.5 Inch SATA 6 Gb/s 5400 RPM 256 MB Cache","Atliq Exclusive",India,7
2020-03-01,"AQ WereWolf NAS Internal Hard Drive HDD – 8.89 cm","Atliq Exclusive",India,4
2020-03-01,"AQ WereWolf NAS Internal Hard Drive HDD – 8.89 cm","Atliq Exclusive",India,9
2020-03-01,"AQ WereWolf NAS Internal Hard Drive HDD – 8.89 cm","Atliq Exclusive",India,10
2020-03-01,"AQ WereWolf NAS Internal Hard Drive HDD – 8.89 cm","Atliq Exclusive",India,6
2020-03-01,"AQ WereWolf NAS Internal Hard Drive HDD – 8.89 cm","Atliq Exclusive",India,5
2020-03-01,"AQ WereWolf NAS Internal Hard Drive HDD – 8.89 cm","Atliq Exclusive",India,15
2020-03-01,"AQ Zion Saga","Atliq Exclusive",India,14
2020-03-01,"AQ Zion Saga","Atliq Exclusive",India,10
2020-03-01,"AQ Mforce Gen X","Atliq Exclusive",India,7
2020-03-01,"AQ Mforce Gen X","Atliq Exclusive",India,2
2020-03-01,"AQ Mforce Gen X","Atliq Exclusive",India,3
2020-03-01,"AQ Mforce Gen X","Atliq Exclusive",India,7
2020-03-01,"AQ Mforce Gen X","Atliq Exclusive",India,10
2020-03-01,"AQ Mforce Gen X","Atliq Exclusive",India,7
2020-03-01,"AQ Mforce Gen X","Atliq Exclusive",India,8
2020-03-01,"AQ Mforce Gen X","Atliq Exclusive",India,2
2020-03-01,"AQ Mforce Gen X","Atliq Exclusive",India,3
2020-03-01,"AQ Mforce Gen X","Atliq Exclusive",India,3
2020-03-01,"AQ Mforce Gen X","Atliq Exclusive",India,9
2020-03-01,"AQ Mforce Gen X","Atliq Exclusive",India,6
2020-03-01,"AQ Mforce Gen X","Atliq Exclusive",India,6
2020-03-01,"AQ Mforce Gen X","Atliq Exclusive",India,4
2020-03-01,"AQ Mforce Gen X","Atliq Exclusive",India,2
2020-03-01,"AQ Mforce Gen X","Atliq Exclusive",India,7
2020-03-01,"AQ Mforce Gen Y","Atliq Exclusive",India,3
2020-03-01,"AQ Mforce Gen Y","Atliq Exclusive",India,2
2020-03-01,"AQ Mforce Gen Y","Atliq Exclusive",India,7
2020-03-01,"AQ Mforce Gen Y","Atliq Exclusive",India,10
2020-03-01,"AQ Mforce Gen Y","Atliq Exclusive",India,7
2020-03-01,"AQ Mforce Gen Y","Atliq Exclusive",India,6
2020-03-01,"AQ Mforce Gen Y","Atliq Exclusive",India,3
2020-03-01,"AQ Mforce Gen Y","Atliq Exclusive",India,2
2020-03-01,"AQ Mforce Gen Y","Atliq Exclusive",India,3
2020-03-01,"AQ Mforce Gen Y","Atliq Exclusive",India,5
2020-03-01,"AQ Mforce Gen Y","Atliq Exclusive",India,10
2020-03-01,"AQ Mforce Gen Y","Atliq Exclusive",India,1
2020-03-01,"AQ Mforce Gen Y","Atliq Exclusive",India,2
2020-03-01,"AQ Mforce Gen Y","Atliq Exclusive",India,5
2020-03-01,"AQ Mforce Gen Y","Atliq Exclusive",India,10
2020-03-01,"AQ Mforce Gen Y","Atliq Exclusive",India,8
2020-03-01,"AQ Mforce Gen Z","Atliq Exclusive",India,9
2020-03-01,"AQ Mforce Gen Z","Atliq Exclusive",India,6
2020-03-01,"AQ Mforce Gen Z","Atliq Exclusive",India,5
2020-03-01,"AQ Mforce Gen Z","Atliq Exclusive",India,12
2020-03-01,"AQ Mforce Gen Z","Atliq Exclusive",India,2
2020-03-01,"AQ Mforce Gen Z","Atliq Exclusive",India,3
2020-03-01,"AQ Mforce Gen Z","Atliq Exclusive",India,11
2020-03-01,"AQ Mforce Gen Z","Atliq Exclusive",India,12
2020-03-01,"AQ Mforce Gen Z","Atliq Exclusive",India,11
2020-03-01,"AQ Mforce Gen Z","Atliq Exclusive",India,11
2020-03-01,"AQ Mforce Gen Z","Atliq Exclusive",India,4
2020-03-01,"AQ Mforce Gen Z","Atliq Exclusive",India,2
2020-03-01,"AQ Mforce Gen Z","Atliq Exclusive",India,12
2020-03-01,"AQ Mforce Gen Z","Atliq Exclusive",India,5
2020-03-01,"AQ Mforce Gen Z","Atliq Exclusive",India,6
2020-03-01,"AQ Mforce Gen Z","Atliq Exclusive",India,8
2020-03-01,"AQ GT 21","Atliq Exclusive",India,8
2020-03-01,"AQ GT 21","Atliq Exclusive",India,12
2020-03-01,"AQ GT 21","Atliq Exclusive",India,12
2020-03-01,"AQ GT 21","Atliq Exclusive",India,8
2020-03-01,"AQ 5000 Series Electron 9 5900X Desktop Processor","Atliq Exclusive",India,4
2020-03-01,"AQ 5000 Series Electron 9 5900X Desktop Processor","Atliq Exclusive",India,4
2020-03-01,"AQ 5000 Series Electron 9 5900X Desktop Processor","Atliq Exclusive",India,8
2020-03-01,"AQ 5000 Series Electron 9 5900X Desktop Processor","Atliq Exclusive",India,4
2020-03-01,"AQ 5000 Series Electron 9 5900X Desktop Processor","Atliq Exclusive",India,3
2020-03-01,"AQ 5000 Series Electron 9 5900X Desktop Processor","Atliq Exclusive",India,9
2020-03-01,"AQ 5000 Series Electron 8 5900X Desktop Processor","Atliq Exclusive",India,8
2020-03-01,"AQ 5000 Series Electron 8 5900X Desktop Processor","Atliq Exclusive",India,6
2020-03-01,"AQ 5000 Series Electron 8 5900X Desktop Processor","Atliq Exclusive",India,4
2020-03-01,"AQ 5000 Series Electron 8 5900X Desktop Processor","Atliq Exclusive",India,5
2020-03-01,"AQ 5000 Series Electron 8 5900X Desktop Processor","Atliq Exclusive",India,10
2020-03-01,"AQ 5000 Series Electron 8 5900X Desktop Processor","Atliq Exclusive",India,6
2020-03-01,"AQ 5000 Series Ultron 8 5900X Desktop Processor","Atliq Exclusive",India,8
2020-03-01,"AQ 5000 Series Ultron 8 5900X Desktop Processor","Atliq Exclusive",India,9
2020-03-01,"AQ 5000 Series Ultron 8 5900X Desktop Processor","Atliq Exclusive",India,12
2020-03-01,"AQ 5000 Series Ultron 8 5900X Desktop Processor","Atliq Exclusive",India,2
2020-03-01,"AQ 5000 Series Ultron 8 5900X Desktop Processor","Atliq Exclusive",India,7
2020-03-01,"AQ 5000 Series Ultron 8 5900X Desktop Processor","Atliq Exclusive",India,2
2020-03-01,"AQ Electron 5 3600 Desktop Processor","Atliq Exclusive",India,2
2020-03-01,"AQ Electron 5 3600 Desktop Processor","Atliq Exclusive",India,8
2020-03-01,"AQ Electron 5 3600 Desktop Processor","Atliq Exclusive",India,10
2020-03-01,"AQ Electron 5 3600 Desktop Processor","Atliq Exclusive",India,3
2020-03-01,"AQ Electron 5 3600 Desktop Processor","Atliq Exclusive",India,5
2020-03-01,"AQ Electron 5 3600 Desktop Processor","Atliq Exclusive",India,11
2020-03-01,"AQ Electron 4 3600 Desktop Processor","Atliq Exclusive",India,2
2020-03-01,"AQ Electron 4 3600 Desktop Processor","Atliq Exclusive",India,3
2020-03-01,"AQ MB Elite","Atliq Exclusive",India,1
2020-03-01,"AQ MB Elite","Atliq Exclusive",India,1
2020-03-01,"AQ MB Elite","Atliq Exclusive",India,2
2020-03-01,"AQ MB Elite","Atliq Exclusive",India,1
2020-03-01,"AQ MB Elite","Atliq Exclusive",India,2
2020-03-01,"AQ MB Elite","Atliq Exclusive",India,1
2020-03-01,"AQ MB Elite","Atliq Exclusive",India,1
2020-03-01,"AQ MB Elite","Atliq Exclusive",India,3
2020-03-01,"AQ MB Crossx","Atliq Exclusive",India,1
2020-03-01,"AQ MB Crossx","Atliq Exclusive",India,2
2020-03-01,"AQ MB Crossx","Atliq Exclusive",India,1
2020-03-01,"AQ MB Crossx","Atliq Exclusive",India,3
2020-03-01,"AQ MB Crossx","Atliq Exclusive",India,3
2020-03-01,"AQ MB Crossx","Atliq Exclusive",India,3
2020-03-01,"AQ MB Crossx","Atliq Exclusive",India,3
2020-03-01,"AQ MB Crossx","Atliq Exclusive",India,2
2020-03-01,"AQ MB Crossx 2","Atliq Exclusive",India,2
2020-03-01,"AQ MB Crossx 2","Atliq Exclusive",India,2
2020-03-01,"AQ MB Crossx 2","Atliq Exclusive",India,2
2020-03-01,"AQ MB Crossx 2","Atliq Exclusive",India,1
2020-03-01,"AQ MB Crossx 2","Atliq Exclusive",India,3
2020-03-01,"AQ MB Crossx 2","Atliq Exclusive",India,1
2020-03-01,"AQ MB Crossx 2","Atliq Exclusive",India,2
2020-03-01,"AQ MB Crossx 2","Atliq Exclusive",India,2
2020-03-01,"AQ Master wired x1 Ms","Atliq Exclusive",India,57
2020-03-01,"AQ Master wired x1 Ms","Atliq Exclusive",India,25
2020-03-01,"AQ Master wired x1 Ms","Atliq Exclusive",India,22
2020-03-01,"AQ Master wired x1 Ms","Atliq Exclusive",India,63
2020-03-01,"AQ Master wired x1 Ms","Atliq Exclusive",India,46
2020-03-01,"AQ Master wired x1 Ms","Atliq Exclusive",India,34
2020-03-01,"AQ Master wired x1 Ms","Atliq Exclusive",India,54
2020-03-01,"AQ Master wired x1 Ms","Atliq Exclusive",India,41
2020-03-01,"AQ Master wired x1 Ms","Atliq Exclusive",India,8
2020-03-01,"AQ Master wired x1 Ms","Atliq Exclusive",India,64
2020-03-01,"AQ Master wired x1 Ms","Atliq Exclusive",India,30
2020-03-01,"AQ Master wired x1 Ms","Atliq Exclusive",India,48
2020-03-01,"AQ Master wireless x1 Ms","Atliq Exclusive",India,43
2020-03-01,"AQ Master wireless x1 Ms","Atliq Exclusive",India,18
2020-03-01,"AQ Master wireless x1 Ms","Atliq Exclusive",India,64
2020-03-01,"AQ Master wireless x1 Ms","Atliq Exclusive",India,55
2020-03-01,"AQ Master wireless x1 Ms","Atliq Exclusive",India,22
2020-03-01,"AQ Master wireless x1 Ms","Atliq Exclusive",India,33
2020-03-01,"AQ Master wireless x1 Ms","Atliq Exclusive",India,72
2020-03-01,"AQ Master wireless x1 Ms","Atliq Exclusive",India,33
2020-03-01,"AQ Master wireless x1 Ms","Atliq Exclusive",India,39
2020-03-01,"AQ Master wireless x1 Ms","Atliq Exclusive",India,17
2020-03-01,"AQ Master wireless x1 Ms","Atliq Exclusive",India,66
2020-03-01,"AQ Master wireless x1 Ms","Atliq Exclusive",India,40
2020-03-01,"AQ Gamers Ms","Atliq Exclusive",India,22
2020-03-01,"AQ Gamers Ms","Atliq Exclusive",India,67
2020-03-01,"AQ Gamers Ms","Atliq Exclusive",India,57
2020-03-01,"AQ Gamers Ms","Atliq Exclusive",India,42
2020-03-01,"AQ Gamers Ms","Atliq Exclusive",India,13
2020-03-01,"AQ Gamers Ms","Atliq Exclusive",India,55
2020-03-01,"AQ Gamers Ms","Atliq Exclusive",India,27
2020-03-01,"AQ Gamers Ms","Atliq Exclusive",India,14
2020-03-01,"AQ Gamers Ms","Atliq Exclusive",India,49
2020-03-01,"AQ Gamers Ms","Atliq Exclusive",India,54
2020-03-01,"AQ Gamers Ms","Atliq Exclusive",India,10
2020-03-01,"AQ Gamers Ms","Atliq Exclusive",India,43
2020-03-01,"AQ Lite Ms","Atliq Exclusive",India,44
2020-03-01,"AQ Lite Ms","Atliq Exclusive",India,61
2020-03-01,"AQ Lite Ms","Atliq Exclusive",India,53
2020-03-01,"AQ Lite Ms","Atliq Exclusive",India,21
2020-03-01,"AQ Lite Ms","Atliq Exclusive",India,49
2020-03-01,"AQ Lite Ms","Atliq Exclusive",India,39
2020-03-01,"AQ Lite Ms","Atliq Exclusive",India,33
2020-03-01,"AQ Lite Ms","Atliq Exclusive",India,17
2020-03-01,"AQ Lite Ms","Atliq Exclusive",India,14
2020-03-01,"AQ Lite Ms","Atliq Exclusive",India,59
2020-03-01,"AQ Lite Ms","Atliq Exclusive",India,51
2020-03-01,"AQ Lite Ms","Atliq Exclusive",India,15
2020-03-01,"AQ Master wired x1","Atliq Exclusive",India,52
2020-03-01,"AQ Master wired x1","Atliq Exclusive",India,30
2020-03-01,"AQ Master wired x1","Atliq Exclusive",India,56
2020-03-01,"AQ Master wired x1","Atliq Exclusive",India,38
2020-03-01,"AQ Master wired x1","Atliq Exclusive",India,38
2020-03-01,"AQ Master wired x1","Atliq Exclusive",India,36
2020-03-01,"AQ Master wired x1","Atliq Exclusive",India,27
2020-03-01,"AQ Master wired x1","Atliq Exclusive",India,10
2020-03-01,"AQ Master wired x1","Atliq Exclusive",India,10
2020-03-01,"AQ Master wired x1","Atliq Exclusive",India,22
2020-03-01,"AQ Master wired x1","Atliq Exclusive",India,29
2020-03-01,"AQ Master wired x1","Atliq Exclusive",India,8
2020-03-01,"AQ Master wireless x1","Atliq Exclusive",India,15
2020-03-01,"AQ Master wireless x1","Atliq Exclusive",India,29
2020-03-01,"AQ Master wireless x1","Atliq Exclusive",India,53
2020-03-01,"AQ Master wireless x1","Atliq Exclusive",India,39
2020-03-01,"AQ Master wireless x1","Atliq Exclusive",India,35
2020-03-01,"AQ Master wireless x1","Atliq Exclusive",India,21
2020-03-01,"AQ Master wireless x1","Atliq Exclusive",India,10
2020-03-01,"AQ Master wireless x1","Atliq Exclusive",India,38
2020-03-01,"AQ Master wireless x1","Atliq Exclusive",India,50
2020-03-01,"AQ Master wireless x1","Atliq Exclusive",India,27
2020-03-01,"AQ Master wireless x1","Atliq Exclusive",India,44
2020-03-01,"AQ Master wireless x1","Atliq Exclusive",India,42
2020-03-01,"AQ Gamers ","Atliq Exclusive",India,40
2020-03-01,"AQ Gamers ","Atliq Exclusive",India,35
2020-03-01,"AQ Gamers ","Atliq Exclusive",India,18
2020-03-01,"AQ Gamers ","Atliq Exclusive",India,34
2020-03-01,"AQ Gamers ","Atliq Exclusive",India,27
2020-03-01,"AQ Gamers ","Atliq Exclusive",India,25
2020-03-01,"AQ Gamers ","Atliq Exclusive",India,7
2020-03-01,"AQ Gamers ","Atliq Exclusive",India,10
2020-03-01,"AQ Gamers ","Atliq Exclusive",India,16
2020-03-01,"AQ Gamers ","Atliq Exclusive",India,12
2020-03-01,"AQ Gamers ","Atliq Exclusive",India,34
2020-03-01,"AQ Gamers ","Atliq Exclusive",India,41
2020-03-01,"AQ Lite","Atliq Exclusive",India,16
2020-03-01,"AQ Lite","Atliq Exclusive",India,45
2020-03-01,"AQ Lite","Atliq Exclusive",India,32
2020-03-01,"AQ Lite","Atliq Exclusive",India,35
2020-03-01,"AQ Lite","Atliq Exclusive",India,55
2020-03-01,"AQ Lite","Atliq Exclusive",India,56
2020-03-01,"AQ Lite","Atliq Exclusive",India,53
2020-03-01,"AQ Lite","Atliq Exclusive",India,15
2020-03-01,"AQ Lite","Atliq Exclusive",India,11
2020-03-01,"AQ Lite","Atliq Exclusive",India,46
2020-03-01,"AQ Lite","Atliq Exclusive",India,22
2020-03-01,"AQ Lite","Atliq Exclusive",India,23
2020-03-01,"AQ Maxima","Atliq Exclusive",India,23
2020-03-01,"AQ Maxima","Atliq Exclusive",India,23
2020-03-01,"AQ Maxima","Atliq Exclusive",India,31
2020-03-01,"AQ Maxima","Atliq Exclusive",India,42
2020-03-01,"AQ Maxima","Atliq Exclusive",India,24
2020-03-01,"AQ Maxima","Atliq Exclusive",India,12
2020-03-01,"AQ Maxima","Atliq Exclusive",India,24
2020-03-01,"AQ Maxima","Atliq Exclusive",India,8
2020-03-01,"AQ LION x2","Atliq Exclusive",India,1
2020-03-01,"AQ LION x3","Atliq Exclusive",India,1
2020-03-01,"AQ LION x3","Atliq Exclusive",India,1
2020-03-01,"AQ LION x3","Atliq Exclusive",India,1
2020-03-01,"AQ Aspiron","Atliq Exclusive",India,2
2020-03-01,"AQ Aspiron","Atliq Exclusive",India,1
2020-03-01,"AQ Aspiron","Atliq Exclusive",India,1
2020-03-01,"AQ Aspiron","Atliq Exclusive",India,2
2020-03-01,"AQ Aspiron","Atliq Exclusive",India,1
2020-03-01,"AQ Aspiron","Atliq Exclusive",India,2
2020-03-01,"AQ Aspiron","Atliq Exclusive",India,2
2020-03-01,"AQ Aspiron","Atliq Exclusive",India,2
2020-03-01,"AQ Aspiron","Atliq Exclusive",India,1
2020-03-01,"AQ Aspiron","Atliq Exclusive",India,2
2020-03-01,"AQ Aspiron","Atliq Exclusive",India,1
2020-03-01,"AQ Aspiron","Atliq Exclusive",India,2
2020-03-01,"AQ Aspiron","Atliq Exclusive",India,1
2020-03-01,"AQ Digit","Atliq Exclusive",India,2
2020-03-01,"AQ Digit","Atliq Exclusive",India,1
2020-03-01,"AQ Digit","Atliq Exclusive",India,1
2020-03-01,"AQ Digit","Atliq Exclusive",India,1
2020-03-01,"AQ Digit","Atliq Exclusive",India,1
2020-03-01,"AQ Digit","Atliq Exclusive",India,1
2020-03-01,"AQ Digit","Atliq Exclusive",India,2
2020-03-01,"AQ Digit","Atliq Exclusive",India,1
2020-03-01,"AQ Digit","Atliq Exclusive",India,1
2020-03-01,"AQ Digit","Atliq Exclusive",India,2
2020-03-01,"AQ Digit","Atliq Exclusive",India,2
2020-03-01,"AQ Digit","Atliq Exclusive",India,1
2020-03-01,"AQ Digit","Atliq Exclusive",India,2
2020-03-01,"AQ Digit","Atliq Exclusive",India,2
2020-03-01,"AQ Velocity","Atliq Exclusive",India,2
2020-03-01,"AQ Velocity","Atliq Exclusive",India,1
2020-03-01,"AQ Velocity","Atliq Exclusive",India,2
2020-03-01,"AQ Velocity","Atliq Exclusive",India,2
2020-03-01,"AQ Velocity","Atliq Exclusive",India,1
2020-03-01,"AQ Velocity","Atliq Exclusive",India,1
2020-03-01,"AQ Velocity","Atliq Exclusive",India,2
2020-03-01,"AQ Velocity","Atliq Exclusive",India,1
2020-03-01,"AQ Velocity","Atliq Exclusive",India,2
2020-03-01,"AQ Velocity","Atliq Exclusive",India,1
2020-03-01,"AQ Elite","Atliq Exclusive",India,2
2020-03-01,"AQ Elite","Atliq Exclusive",India,2
2020-03-01,"AQ Elite","Atliq Exclusive",India,1
2020-03-01,"AQ Elite","Atliq Exclusive",India,1
2020-03-01,"AQ Elite","Atliq Exclusive",India,2
2020-03-01,"AQ Elite","Atliq Exclusive",India,1
2020-03-01,"AQ Elite","Atliq Exclusive",India,1
2020-03-01,"AQ Elite","Atliq Exclusive",India,2
2020-03-01,"AQ Elite","Atliq Exclusive",India,1
2020-03-01,"AQ Elite","Atliq Exclusive",India,2
2020-03-01,"AQ Elite","Atliq Exclusive",India,2
2020-03-01,"AQ Elite","Atliq Exclusive",India,1
2020-03-01,"AQ Elite","Atliq Exclusive",India,2
2020-03-01,"AQ Elite","Atliq Exclusive",India,1
2020-03-01,"AQ Elite","Atliq Exclusive",India,2
2020-03-01,"AQ Gen X","Atliq Exclusive",India,1
2020-03-01,"AQ Gen X","Atliq Exclusive",India,1
2020-03-01,"AQ Gen X","Atliq Exclusive",India,1
2020-03-01,"AQ Gen X","Atliq Exclusive",India,2
2020-03-01,"AQ Gen X","Atliq Exclusive",India,1
2020-03-01,"AQ Gen X","Atliq Exclusive",India,1
2020-03-01,"AQ Gen X","Atliq Exclusive",India,2
2020-03-01,"AQ BZ 101","Atliq Exclusive",India,1
2020-03-01,"AQ BZ 101","Atliq Exclusive",India,1
2020-03-01,"AQ BZ 101","Atliq Exclusive",India,1
2020-03-01,"AQ BZ 101","Atliq Exclusive",India,2
2020-03-01,"AQ BZ 101","Atliq Exclusive",India,1
2020-03-01,"AQ BZ 101","Atliq Exclusive",India,2
2020-03-01,"AQ BZ Compact","Atliq Exclusive",India,2
2020-03-01,"AQ BZ Compact","Atliq Exclusive",India,1
2020-03-01,"AQ BZ Compact","Atliq Exclusive",India,1
2020-03-01,"AQ BZ Compact","Atliq Exclusive",India,1
2020-03-01,"AQ BZ Compact","Atliq Exclusive",India,1
2020-03-01,"AQ BZ Compact","Atliq Exclusive",India,1
2020-03-01,"AQ BZ Compact","Atliq Exclusive",India,1
2020-03-01,"AQ BZ Compact","Atliq Exclusive",India,1
2020-03-01,"AQ BZ Compact","Atliq Exclusive",India,1
2020-03-01,"AQ BZ Compact","Atliq Exclusive",India,1
2020-03-01,"AQ BZ Gen Y","Atliq Exclusive",India,2
2020-03-01,"AQ BZ Gen Y","Atliq Exclusive",India,1
2020-03-01,"AQ BZ Gen Y","Atliq Exclusive",India,1
2020-03-01,"AQ BZ Gen Y","Atliq Exclusive",India,1
2020-03-01,"AQ BZ Gen Y","Atliq Exclusive",India,1
2020-03-01,"AQ BZ Gen Y","Atliq Exclusive",India,2
2020-03-01,"AQ BZ Gen Y","Atliq Exclusive",India,2
2020-03-01,"AQ BZ Gen Y","Atliq Exclusive",India,1
2020-03-01,"AQ BZ Gen Y","Atliq Exclusive",India,1
2020-03-01,"AQ BZ Gen Y","Atliq Exclusive",India,1
2020-03-01,"AQ BZ Gen Y","Atliq Exclusive",India,2
2020-03-01,"AQ BZ Gen Y","Atliq Exclusive",India,1
2020-03-01,"AQ BZ Gen Z","Atliq Exclusive",India,2
2020-03-01,"AQ BZ Gen Z","Atliq Exclusive",India,1
2020-03-01,"AQ BZ Gen Z","Atliq Exclusive",India,1
2020-03-01,"AQ BZ Gen Z","Atliq Exclusive",India,1
2020-03-01,"AQ BZ Gen Z","Atliq Exclusive",India,1
2020-03-01,"AQ BZ Gen Z","Atliq Exclusive",India,1
2020-03-01,"AQ BZ Gen Z","Atliq Exclusive",India,1
2020-03-01,"AQ BZ Gen Z","Atliq Exclusive",India,1
2020-03-01,"AQ BZ Gen Z","Atliq Exclusive",India,1
2020-03-01,"AQ Digit SSD","Atliq Exclusive",India,21
2020-03-01,"AQ Digit SSD","Atliq Exclusive",India,13
2020-03-01,"AQ Digit SSD","Atliq Exclusive",India,58
2020-03-01,"AQ Digit SSD","Atliq Exclusive",India,58
2020-03-01,"AQ Digit SSD","Atliq Exclusive",India,25
2020-03-01,"AQ Digit SSD","Atliq Exclusive",India,10
2020-03-01,"AQ Neuer SSD","Atliq Exclusive",India,30
2020-03-01,"AQ Neuer SSD","Atliq Exclusive",India,25
2020-03-01,"AQ Neuer SSD","Atliq Exclusive",India,42
2020-03-01,"AQ Neuer SSD","Atliq Exclusive",India,42
2020-03-01,"AQ Neuer SSD","Atliq Exclusive",India,14
2020-03-01,"AQ Neuer SSD","Atliq Exclusive",India,14
2020-03-01,"AQ Clx1","Atliq Exclusive",India,66
2020-03-01,"AQ Clx1","Atliq Exclusive",India,32
2020-03-01,"AQ Clx1","Atliq Exclusive",India,66
2020-03-01,"AQ Clx1","Atliq Exclusive",India,38
2020-03-01,"AQ Clx1","Atliq Exclusive",India,81
2020-03-01,"AQ Clx1","Atliq Exclusive",India,40
2020-03-01,"AQ Clx2","Atliq Exclusive",India,59
2020-03-01,"AQ Clx2","Atliq Exclusive",India,51
2020-03-01,"AQ Pen Drive 2 IN 1","Atliq Exclusive",India,27
2020-03-01,"AQ Pen Drive 2 IN 1","Atliq Exclusive",India,84
2020-03-01,"AQ Pen Drive DRC","Atliq Exclusive",India,77
2020-03-01,"AQ Pen Drive DRC","Atliq Exclusive",India,41
2020-03-01,"AQ Wi Power Dx1","Atliq Exclusive",India,27
2020-03-01,"AQ Wi Power Dx1","Atliq Exclusive",India,53
2020-03-01,"AQ Wi Power Dx1","Atliq Exclusive",India,46
2020-03-01,"AQ Wi Power Dx1","Atliq Exclusive",India,48
2020-03-01,"AQ Wi Power Dx1","Atliq Exclusive",India,59
2020-03-01,"AQ Wi Power Dx1","Atliq Exclusive",India,77
2020-03-01,"AQ Wi Power Dx2","Atliq Exclusive",India,42
2020-03-01,"AQ Wi Power Dx2","Atliq Exclusive",India,28
2020-03-01,"AQ Wi Power Dx2","Atliq Exclusive",India,47
2020-03-01,"AQ Wi Power Dx2","Atliq Exclusive",India,75
2020-03-01,"AQ Wi Power Dx2","Atliq Exclusive",India,75
2020-03-01,"AQ Wi Power Dx2","Atliq Exclusive",India,56
2020-04-01,"AQ Dracula HDD – 3.5 Inch SATA 6 Gb/s 5400 RPM 256 MB Cache","Atliq Exclusive",India,16
2020-04-01,"AQ Dracula HDD – 3.5 Inch SATA 6 Gb/s 5400 RPM 256 MB Cache","Atliq Exclusive",India,5
2020-04-01,"AQ Dracula HDD – 3.5 Inch SATA 6 Gb/s 5400 RPM 256 MB Cache","Atliq Exclusive",India,18
2020-04-01,"AQ Dracula HDD – 3.5 Inch SATA 6 Gb/s 5400 RPM 256 MB Cache","Atliq Exclusive",India,22
2020-04-01,"AQ WereWolf NAS Internal Hard Drive HDD – 8.89 cm","Atliq Exclusive",India,15
2020-04-01,"AQ WereWolf NAS Internal Hard Drive HDD – 8.89 cm","Atliq Exclusive",India,11
2020-04-01,"AQ WereWolf NAS Internal Hard Drive HDD – 8.89 cm","Atliq Exclusive",India,12
2020-04-01,"AQ Zion Saga","Atliq Exclusive",India,19
2020-04-01,"AQ Mforce Gen X","Atliq Exclusive",India,13
2020-04-01,"AQ Mforce Gen X","Atliq Exclusive",India,14
2020-04-01,"AQ Mforce Gen X","Atliq Exclusive",India,12
2020-04-01,"AQ Mforce Gen X","Atliq Exclusive",India,4
2020-04-01,"AQ Mforce Gen X","Atliq Exclusive",India,10
2020-04-01,"AQ Mforce Gen X","Atliq Exclusive",India,18
2020-04-01,"AQ Mforce Gen X","Atliq Exclusive",India,2
2020-04-01,"AQ Mforce Gen X","Atliq Exclusive",India,15
2020-04-01,"AQ Mforce Gen Y","Atliq Exclusive",India,14
2020-04-01,"AQ Mforce Gen Y","Atliq Exclusive",India,16
2020-04-01,"AQ Mforce Gen Y","Atliq Exclusive",India,5
2020-04-01,"AQ Mforce Gen Y","Atliq Exclusive",India,11
2020-04-01,"AQ Mforce Gen Y","Atliq Exclusive",India,13
2020-04-01,"AQ Mforce Gen Y","Atliq Exclusive",India,6
2020-04-01,"AQ Mforce Gen Y","Atliq Exclusive",India,5
2020-04-01,"AQ Mforce Gen Y","Atliq Exclusive",India,17
2020-04-01,"AQ Mforce Gen Z","Atliq Exclusive",India,5
2020-04-01,"AQ Mforce Gen Z","Atliq Exclusive",India,15
2020-04-01,"AQ Mforce Gen Z","Atliq Exclusive",India,8
2020-04-01,"AQ Mforce Gen Z","Atliq Exclusive",India,12
2020-04-01,"AQ Mforce Gen Z","Atliq Exclusive",India,3
2020-04-01,"AQ Mforce Gen Z","Atliq Exclusive",India,17
2020-04-01,"AQ Mforce Gen Z","Atliq Exclusive",India,17
2020-04-01,"AQ Mforce Gen Z","Atliq Exclusive",India,4
2020-04-01,"AQ GT 21","Atliq Exclusive",India,6
2020-04-01,"AQ GT 21","Atliq Exclusive",India,4
2020-04-01,"AQ 5000 Series Electron 9 5900X Desktop Processor","Atliq Exclusive",India,4
2020-04-01,"AQ 5000 Series Electron 9 5900X Desktop Processor","Atliq Exclusive",India,8
2020-04-01,"AQ 5000 Series Electron 9 5900X Desktop Processor","Atliq Exclusive",India,6
2020-04-01,"AQ 5000 Series Electron 8 5900X Desktop Processor","Atliq Exclusive",India,7
2020-04-01,"AQ 5000 Series Electron 8 5900X Desktop Processor","Atliq Exclusive",India,3
2020-04-01,"AQ 5000 Series Electron 8 5900X Desktop Processor","Atliq Exclusive",India,18
2020-04-01,"AQ 5000 Series Ultron 8 5900X Desktop Processor","Atliq Exclusive",India,8
2020-04-01,"AQ 5000 Series Ultron 8 5900X Desktop Processor","Atliq Exclusive",India,16
2020-04-01,"AQ 5000 Series Ultron 8 5900X Desktop Processor","Atliq Exclusive",India,7
2020-04-01,"AQ Electron 5 3600 Desktop Processor","Atliq Exclusive",India,16
2020-04-01,"AQ Electron 5 3600 Desktop Processor","Atliq Exclusive",India,14
2020-04-01,"AQ Electron 5 3600 Desktop Processor","Atliq Exclusive",India,11
2020-04-01,"AQ Electron 4 3600 Desktop Processor","Atliq Exclusive",India,14
2020-04-01,"AQ MB Elite","Atliq Exclusive",India,4
2020-04-01,"AQ MB Elite","Atliq Exclusive",India,1
2020-04-01,"AQ MB Elite","Atliq Exclusive",India,3
2020-04-01,"AQ MB Elite","Atliq Exclusive",India,3
2020-04-01,"AQ MB Crossx","Atliq Exclusive",India,3
2020-04-01,"AQ MB Crossx","Atliq Exclusive",India,1
2020-04-01,"AQ MB Crossx","Atliq Exclusive",India,2
2020-04-01,"AQ MB Crossx","Atliq Exclusive",India,5
2020-04-01,"AQ MB Crossx 2","Atliq Exclusive",India,2
2020-04-01,"AQ MB Crossx 2","Atliq Exclusive",India,3
2020-04-01,"AQ MB Crossx 2","Atliq Exclusive",India,5
2020-04-01,"AQ MB Crossx 2","Atliq Exclusive",India,4
2020-04-01,"AQ Master wired x1 Ms","Atliq Exclusive",India,26
2020-04-01,"AQ Master wired x1 Ms","Atliq Exclusive",India,73
2020-04-01,"AQ Master wired x1 Ms","Atliq Exclusive",India,34
2020-04-01,"AQ Master wired x1 Ms","Atliq Exclusive",India,42
2020-04-01,"AQ Master wired x1 Ms","Atliq Exclusive",India,48
2020-04-01,"AQ Master wired x1 Ms","Atliq Exclusive",India,115
2020-04-01,"AQ Master wireless x1 Ms","Atliq Exclusive",India,18
2020-04-01,"AQ Master wireless x1 Ms","Atliq Exclusive",India,103
2020-04-01,"AQ Master wireless x1 Ms","Atliq Exclusive",India,33
2020-04-01,"AQ Master wireless x1 Ms","Atliq Exclusive",India,14
2020-04-01,"AQ Master wireless x1 Ms","Atliq Exclusive",India,39
2020-04-01,"AQ Master wireless x1 Ms","Atliq Exclusive",India,84
2020-04-01,"AQ Gamers Ms","Atliq Exclusive",India,67
2020-04-01,"AQ Gamers Ms","Atliq Exclusive",India,48
2020-04-01,"AQ Gamers Ms","Atliq Exclusive",India,94
2020-04-01,"AQ Gamers Ms","Atliq Exclusive",India,68
2020-04-01,"AQ Gamers Ms","Atliq Exclusive",India,78
2020-04-01,"AQ Gamers Ms","Atliq Exclusive",India,47
2020-04-01,"AQ Lite Ms","Atliq Exclusive",India,25
2020-04-01,"AQ Lite Ms","Atliq Exclusive",India,97
2020-04-01,"AQ Lite Ms","Atliq Exclusive",India,44
2020-04-01,"AQ Lite Ms","Atliq Exclusive",India,56
2020-04-01,"AQ Lite Ms","Atliq Exclusive",India,86
2020-04-01,"AQ Lite Ms","Atliq Exclusive",India,58
2020-04-01,"AQ Master wired x1","Atliq Exclusive",India,12
2020-04-01,"AQ Master wired x1","Atliq Exclusive",India,24
2020-04-01,"AQ Master wired x1","Atliq Exclusive",India,55
2020-04-01,"AQ Master wired x1","Atliq Exclusive",India,88
2020-04-01,"AQ Master wired x1","Atliq Exclusive",India,52
2020-04-01,"AQ Master wired x1","Atliq Exclusive",India,18
2020-04-01,"AQ Master wireless x1","Atliq Exclusive",India,87
2020-04-01,"AQ Master wireless x1","Atliq Exclusive",India,78
2020-04-01,"AQ Master wireless x1","Atliq Exclusive",India,42
2020-04-01,"AQ Master wireless x1","Atliq Exclusive",India,69
2020-04-01,"AQ Master wireless x1","Atliq Exclusive",India,37
2020-04-01,"AQ Master wireless x1","Atliq Exclusive",India,84
2020-04-01,"AQ Gamers ","Atliq Exclusive",India,24
2020-04-01,"AQ Gamers ","Atliq Exclusive",India,85
2020-04-01,"AQ Gamers ","Atliq Exclusive",India,75
2020-04-01,"AQ Gamers ","Atliq Exclusive",India,87
2020-04-01,"AQ Gamers ","Atliq Exclusive",India,14
2020-04-01,"AQ Gamers ","Atliq Exclusive",India,10
2020-04-01,"AQ Lite","Atliq Exclusive",India,77
2020-04-01,"AQ Lite","Atliq Exclusive",India,36
2020-04-01,"AQ Lite","Atliq Exclusive",India,17
2020-04-01,"AQ Lite","Atliq Exclusive",India,92
2020-04-01,"AQ Lite","Atliq Exclusive",India,66
2020-04-01,"AQ Lite","Atliq Exclusive",India,24
2020-04-01,"AQ Maxima","Atliq Exclusive",India,69
2020-04-01,"AQ Maxima","Atliq Exclusive",India,71
2020-04-01,"AQ Maxima","Atliq Exclusive",India,44
2020-04-01,"AQ Maxima","Atliq Exclusive",India,48
2020-04-01,"AQ LION x1","Atliq Exclusive",India,1
2020-04-01,"AQ LION x1","Atliq Exclusive",India,1
2020-04-01,"AQ LION x1","Atliq Exclusive",India,1
2020-04-01,"AQ LION x1","Atliq Exclusive",India,1
2020-04-01,"AQ LION x2","Atliq Exclusive",India,1
2020-04-01,"AQ LION x2","Atliq Exclusive",India,1
2020-04-01,"AQ LION x2","Atliq Exclusive",India,1
2020-04-01,"AQ LION x2","Atliq Exclusive",India,1
2020-04-01,"AQ LION x2","Atliq Exclusive",India,1
2020-04-01,"AQ LION x3","Atliq Exclusive",India,1
2020-04-01,"AQ LION x3","Atliq Exclusive",India,1
2020-04-01,"AQ LION x3","Atliq Exclusive",India,1
2020-04-01,"AQ Mx NB","Atliq Exclusive",India,1
2020-04-01,"AQ Aspiron","Atliq Exclusive",India,2
2020-04-01,"AQ Aspiron","Atliq Exclusive",India,2
2020-04-01,"AQ Aspiron","Atliq Exclusive",India,1
2020-04-01,"AQ Aspiron","Atliq Exclusive",India,2
2020-04-01,"AQ Aspiron","Atliq Exclusive",India,1
2020-04-01,"AQ Aspiron","Atliq Exclusive",India,3
2020-04-01,"AQ Aspiron","Atliq Exclusive",India,1
2020-04-01,"AQ Digit","Atliq Exclusive",India,2
2020-04-01,"AQ Digit","Atliq Exclusive",India,2
2020-04-01,"AQ Digit","Atliq Exclusive",India,3
2020-04-01,"AQ Digit","Atliq Exclusive",India,3
2020-04-01,"AQ Digit","Atliq Exclusive",India,2
2020-04-01,"AQ Digit","Atliq Exclusive",India,2
2020-04-01,"AQ Digit","Atliq Exclusive",India,1
2020-04-01,"AQ Digit","Atliq Exclusive",India,1
2020-04-01,"AQ Velocity","Atliq Exclusive",India,1
2020-04-01,"AQ Velocity","Atliq Exclusive",India,1
2020-04-01,"AQ Velocity","Atliq Exclusive",India,1
2020-04-01,"AQ Velocity","Atliq Exclusive",India,2
2020-04-01,"AQ Velocity","Atliq Exclusive",India,2
2020-04-01,"AQ Velocity","Atliq Exclusive",India,1
2020-04-01,"AQ Elite","Atliq Exclusive",India,3
2020-04-01,"AQ Elite","Atliq Exclusive",India,3
2020-04-01,"AQ Elite","Atliq Exclusive",India,1
2020-04-01,"AQ Elite","Atliq Exclusive",India,2
2020-04-01,"AQ Elite","Atliq Exclusive",India,3
2020-04-01,"AQ Elite","Atliq Exclusive",India,4
2020-04-01,"AQ Elite","Atliq Exclusive",India,1
2020-04-01,"AQ Elite","Atliq Exclusive",India,1
2020-04-01,"AQ Gen X","Atliq Exclusive",India,1
2020-04-01,"AQ Gen X","Atliq Exclusive",India,4
2020-04-01,"AQ Gen X","Atliq Exclusive",India,1
2020-04-01,"AQ Gen X","Atliq Exclusive",India,2
2020-04-01,"AQ BZ 101","Atliq Exclusive",India,1
2020-04-01,"AQ BZ 101","Atliq Exclusive",India,1
2020-04-01,"AQ BZ 101","Atliq Exclusive",India,1
2020-04-01,"AQ BZ 101","Atliq Exclusive",India,1
2020-04-01,"AQ BZ Compact","Atliq Exclusive",India,2
2020-04-01,"AQ BZ Compact","Atliq Exclusive",India,3
2020-04-01,"AQ BZ Compact","Atliq Exclusive",India,3
2020-04-01,"AQ BZ Compact","Atliq Exclusive",India,1
2020-04-01,"AQ BZ Compact","Atliq Exclusive",India,3
2020-04-01,"AQ BZ Compact","Atliq Exclusive",India,1
2020-04-01,"AQ BZ Compact","Atliq Exclusive",India,2
2020-04-01,"AQ BZ Compact","Atliq Exclusive",India,2
2020-04-01,"AQ BZ Gen Y","Atliq Exclusive",India,3
2020-04-01,"AQ BZ Gen Y","Atliq Exclusive",India,1
2020-04-01,"AQ BZ Gen Y","Atliq Exclusive",India,2
2020-04-01,"AQ BZ Gen Y","Atliq Exclusive",India,2
2020-04-01,"AQ BZ Gen Y","Atliq Exclusive",India,2
2020-04-01,"AQ BZ Gen Y","Atliq Exclusive",India,2
2020-04-01,"AQ BZ Gen Y","Atliq Exclusive",India,1
2020-04-01,"AQ BZ Gen Z","Atliq Exclusive",India,2
2020-04-01,"AQ BZ Gen Z","Atliq Exclusive",India,2
2020-04-01,"AQ BZ Gen Z","Atliq Exclusive",India,1
2020-04-01,"AQ BZ Gen Z","Atliq Exclusive",India,2
2020-04-01,"AQ BZ Gen Z","Atliq Exclusive",India,2
2020-04-01,"AQ BZ Gen Z","Atliq Exclusive",India,1
2020-04-01,"AQ Gamer 1","Atliq Exclusive",India,1
2020-04-01,"AQ Gamer 1","Atliq Exclusive",India,1
2020-04-01,"AQ Gamer 2","Atliq Exclusive",India,1
2020-04-01,"AQ Gamer 2","Atliq Exclusive",India,1
2020-04-01,"AQ Gamer 3","Atliq Exclusive",India,1
2020-04-01,"AQ Gamer 3","Atliq Exclusive",India,1
2020-04-01,"AQ Smash 1","Atliq Exclusive",India,1
2020-04-01,"AQ Smash 1","Atliq Exclusive",India,1
2020-04-01,"AQ Digit SSD","Atliq Exclusive",India,102
2020-04-01,"AQ Digit SSD","Atliq Exclusive",India,125
2020-04-01,"AQ Digit SSD","Atliq Exclusive",India,50
2020-04-01,"AQ Neuer SSD","Atliq Exclusive",India,105
2020-04-01,"AQ Neuer SSD","Atliq Exclusive",India,27
2020-04-01,"AQ Neuer SSD","Atliq Exclusive",India,35
2020-04-01,"AQ Clx1","Atliq Exclusive",India,74
2020-04-01,"AQ Clx1","Atliq Exclusive",India,61
2020-04-01,"AQ Clx1","Atliq Exclusive",India,15
2020-04-01,"AQ Clx2","Atliq Exclusive",India,23
2020-04-01,"AQ Pen Drive 2 IN 1","Atliq Exclusive",India,123
2020-04-01,"AQ Pen Drive DRC","Atliq Exclusive",India,127
2020-04-01,"AQ Wi Power Dx1","Atliq Exclusive",India,69
2020-04-01,"AQ Wi Power Dx1","Atliq Exclusive",India,79
2020-04-01,"AQ Wi Power Dx1","Atliq Exclusive",India,124
2020-04-01,"AQ Wi Power Dx2","Atliq Exclusive",India,112
2020-04-01,"AQ Wi Power Dx2","Atliq Exclusive",India,105
2020-04-01,"AQ Wi Power Dx2","Atliq Exclusive",India,41
2020-05-01,"AQ Dracula HDD – 3.5 Inch SATA 6 Gb/s 5400 RPM 256 MB Cache","Atliq Exclusive",India,4
2020-05-01,"AQ Dracula HDD – 3.5 Inch SATA 6 Gb/s 5400 RPM 256 MB Cache","Atliq Exclusive",India,6
2020-05-01,"AQ Dracula HDD – 3.5 Inch SATA 6 Gb/s 5400 RPM 256 MB Cache","Atliq Exclusive",India,16
2020-05-01,"AQ Dracula HDD – 3.5 Inch SATA 6 Gb/s 5400 RPM 256 MB Cache","Atliq Exclusive",India,29
2020-05-01,"AQ Dracula HDD – 3.5 Inch SATA 6 Gb/s 5400 RPM 256 MB Cache","Atliq Exclusive",India,28
2020-05-01,"AQ Dracula HDD – 3.5 Inch SATA 6 Gb/s 5400 RPM 256 MB Cache","Atliq Exclusive",India,25
2020-05-01,"AQ Dracula HDD – 3.5 Inch SATA 6 Gb/s 5400 RPM 256 MB Cache","Atliq Exclusive",India,11
2020-05-01,"AQ Dracula HDD – 3.5 Inch SATA 6 Gb/s 5400 RPM 256 MB Cache","Atliq Exclusive",India,21
2020-05-01,"AQ WereWolf NAS Internal Hard Drive HDD – 8.89 cm","Atliq Exclusive",India,4
2020-05-01,"AQ WereWolf NAS Internal Hard Drive HDD – 8.89 cm","Atliq Exclusive",India,24
2020-05-01,"AQ WereWolf NAS Internal Hard Drive HDD – 8.89 cm","Atliq Exclusive",India,28
2020-05-01,"AQ WereWolf NAS Internal Hard Drive HDD – 8.89 cm","Atliq Exclusive",India,15
2020-05-01,"AQ WereWolf NAS Internal Hard Drive HDD – 8.89 cm","Atliq Exclusive",India,16
2020-05-01,"AQ WereWolf NAS Internal Hard Drive HDD – 8.89 cm","Atliq Exclusive",India,21
2020-05-01,"AQ Zion Saga","Atliq Exclusive",India,26
2020-05-01,"AQ Zion Saga","Atliq Exclusive",India,18
2020-05-01,"AQ Mforce Gen X","Atliq Exclusive",India,6
2020-05-01,"AQ Mforce Gen X","Atliq Exclusive",India,6
2020-05-01,"AQ Mforce Gen X","Atliq Exclusive",India,11
2020-05-01,"AQ Mforce Gen X","Atliq Exclusive",India,5
2020-05-01,"AQ Mforce Gen X","Atliq Exclusive",India,7
2020-05-01,"AQ Mforce Gen X","Atliq Exclusive",India,7
2020-05-01,"AQ Mforce Gen X","Atliq Exclusive",India,15
2020-05-01,"AQ Mforce Gen X","Atliq Exclusive",India,21
2020-05-01,"AQ Mforce Gen X","Atliq Exclusive",India,14
2020-05-01,"AQ Mforce Gen X","Atliq Exclusive",India,13
2020-05-01,"AQ Mforce Gen X","Atliq Exclusive",India,13
2020-05-01,"AQ Mforce Gen X","Atliq Exclusive",India,21
2020-05-01,"AQ Mforce Gen X","Atliq Exclusive",India,17
2020-05-01,"AQ Mforce Gen X","Atliq Exclusive",India,16
2020-05-01,"AQ Mforce Gen X","Atliq Exclusive",India,4
2020-05-01,"AQ Mforce Gen X","Atliq Exclusive",India,3
2020-05-01,"AQ Mforce Gen Y","Atliq Exclusive",India,11
2020-05-01,"AQ Mforce Gen Y","Atliq Exclusive",India,3
2020-05-01,"AQ Mforce Gen Y","Atliq Exclusive",India,18
2020-05-01,"AQ Mforce Gen Y","Atliq Exclusive",India,3
2020-05-01,"AQ Mforce Gen Y","Atliq Exclusive",India,16
2020-05-01,"AQ Mforce Gen Y","Atliq Exclusive",India,9
2020-05-01,"AQ Mforce Gen Y","Atliq Exclusive",India,21
2020-05-01,"AQ Mforce Gen Y","Atliq Exclusive",India,18
2020-05-01,"AQ Mforce Gen Y","Atliq Exclusive",India,15
2020-05-01,"AQ Mforce Gen Y","Atliq Exclusive",India,8
2020-05-01,"AQ Mforce Gen Y","Atliq Exclusive",India,21
2020-05-01,"AQ Mforce Gen Y","Atliq Exclusive",India,19
2020-05-01,"AQ Mforce Gen Y","Atliq Exclusive",India,13
2020-05-01,"AQ Mforce Gen Y","Atliq Exclusive",India,8
2020-05-01,"AQ Mforce Gen Y","Atliq Exclusive",India,18
2020-05-01,"AQ Mforce Gen Y","Atliq Exclusive",India,12
2020-05-01,"AQ Mforce Gen Z","Atliq Exclusive",India,3
2020-05-01,"AQ Mforce Gen Z","Atliq Exclusive",India,3
2020-05-01,"AQ Mforce Gen Z","Atliq Exclusive",India,3
2020-05-01,"AQ Mforce Gen Z","Atliq Exclusive",India,17
2020-05-01,"AQ Mforce Gen Z","Atliq Exclusive",India,13
2020-05-01,"AQ Mforce Gen Z","Atliq Exclusive",India,19
2020-05-01,"AQ Mforce Gen Z","Atliq Exclusive",India,21
2020-05-01,"AQ Mforce Gen Z","Atliq Exclusive",India,6
2020-05-01,"AQ Mforce Gen Z","Atliq Exclusive",India,8
2020-05-01,"AQ Mforce Gen Z","Atliq Exclusive",India,14
2020-05-01,"AQ Mforce Gen Z","Atliq Exclusive",India,7
2020-05-01,"AQ Mforce Gen Z","Atliq Exclusive",India,7
2020-05-01,"AQ Mforce Gen Z","Atliq Exclusive",India,22
2020-05-01,"AQ Mforce Gen Z","Atliq Exclusive",India,9
2020-05-01,"AQ Mforce Gen Z","Atliq Exclusive",India,21
2020-05-01,"AQ Mforce Gen Z","Atliq Exclusive",India,15
2020-05-01,"AQ GT 21","Atliq Exclusive",India,6
2020-05-01,"AQ GT 21","Atliq Exclusive",India,4
2020-05-01,"AQ GT 21","Atliq Exclusive",India,19
2020-05-01,"AQ GT 21","Atliq Exclusive",India,5
2020-05-01,"AQ 5000 Series Electron 9 5900X Desktop Processor","Atliq Exclusive",India,12
2020-05-01,"AQ 5000 Series Electron 9 5900X Desktop Processor","Atliq Exclusive",India,17
2020-05-01,"AQ 5000 Series Electron 9 5900X Desktop Processor","Atliq Exclusive",India,7
2020-05-01,"AQ 5000 Series Electron 9 5900X Desktop Processor","Atliq Exclusive",India,12
2020-05-01,"AQ 5000 Series Electron 9 5900X Desktop Processor","Atliq Exclusive",India,3
2020-05-01,"AQ 5000 Series Electron 9 5900X Desktop Processor","Atliq Exclusive",India,13
2020-05-01,"AQ 5000 Series Electron 8 5900X Desktop Processor","Atliq Exclusive",India,3
2020-05-01,"AQ 5000 Series Electron 8 5900X Desktop Processor","Atliq Exclusive",India,10
2020-05-01,"AQ 5000 Series Electron 8 5900X Desktop Processor","Atliq Exclusive",India,16
2020-05-01,"AQ 5000 Series Electron 8 5900X Desktop Processor","Atliq Exclusive",India,12
2020-05-01,"AQ 5000 Series Electron 8 5900X Desktop Processor","Atliq Exclusive",India,9
2020-05-01,"AQ 5000 Series Electron 8 5900X Desktop Processor","Atliq Exclusive",India,11
2020-05-01,"AQ 5000 Series Ultron 8 5900X Desktop Processor","Atliq Exclusive",India,7
2020-05-01,"AQ 5000 Series Ultron 8 5900X Desktop Processor","Atliq Exclusive",India,13
2020-05-01,"AQ 5000 Series Ultron 8 5900X Desktop Processor","Atliq Exclusive",India,12
2020-05-01,"AQ 5000 Series Ultron 8 5900X Desktop Processor","Atliq Exclusive",India,10
2020-05-01,"AQ 5000 Series Ultron 8 5900X Desktop Processor","Atliq Exclusive",India,9
2020-05-01,"AQ 5000 Series Ultron 8 5900X Desktop Processor","Atliq Exclusive",India,14
2020-05-01,"AQ Electron 5 3600 Desktop Processor","Atliq Exclusive",India,14
2020-05-01,"AQ Electron 5 3600 Desktop Processor","Atliq Exclusive",India,5
2020-05-01,"AQ Electron 5 3600 Desktop Processor","Atliq Exclusive",India,10
2020-05-01,"AQ Electron 5 3600 Desktop Processor","Atliq Exclusive",India,3
2020-05-01,"AQ Electron 5 3600 Desktop Processor","Atliq Exclusive",India,18
2020-05-01,"AQ Electron 5 3600 Desktop Processor","Atliq Exclusive",India,5
2020-05-01,"AQ Electron 4 3600 Desktop Processor","Atliq Exclusive",India,7
2020-05-01,"AQ Electron 4 3600 Desktop Processor","Atliq Exclusive",India,7
2020-05-01,"AQ MB Elite","Atliq Exclusive",India,1
2020-05-01,"AQ MB Elite","Atliq Exclusive",India,6
2020-05-01,"AQ MB Elite","Atliq Exclusive",India,1
2020-05-01,"AQ MB Elite","Atliq Exclusive",India,6
2020-05-01,"AQ MB Elite","Atliq Exclusive",India,6
2020-05-01,"AQ MB Elite","Atliq Exclusive",India,1
2020-05-01,"AQ MB Elite","Atliq Exclusive",India,3
2020-05-01,"AQ MB Elite","Atliq Exclusive",India,4
2020-05-01,"AQ MB Crossx","Atliq Exclusive",India,1
2020-05-01,"AQ MB Crossx","Atliq Exclusive",India,2
2020-05-01,"AQ MB Crossx","Atliq Exclusive",India,4
2020-05-01,"AQ MB Crossx","Atliq Exclusive",India,6
2020-05-01,"AQ MB Crossx","Atliq Exclusive",India,1
2020-05-01,"AQ MB Crossx","Atliq Exclusive",India,1
2020-05-01,"AQ MB Crossx","Atliq Exclusive",India,1
2020-05-01,"AQ MB Crossx","Atliq Exclusive",India,3
2020-05-01,"AQ MB Crossx 2","Atliq Exclusive",India,1
2020-05-01,"AQ MB Crossx 2","Atliq Exclusive",India,1
2020-05-01,"AQ MB Crossx 2","Atliq Exclusive",India,2
2020-05-01,"AQ MB Crossx 2","Atliq Exclusive",India,3
2020-05-01,"AQ MB Crossx 2","Atliq Exclusive",India,6
2020-05-01,"AQ MB Crossx 2","Atliq Exclusive",India,2
2020-05-01,"AQ MB Crossx 2","Atliq Exclusive",India,4
2020-05-01,"AQ MB Crossx 2","Atliq Exclusive",India,1
2020-05-01,"AQ Master wired x1 Ms","Atliq Exclusive",India,122
2020-05-01,"AQ Master wired x1 Ms","Atliq Exclusive",India,24
2020-05-01,"AQ Master wired x1 Ms","Atliq Exclusive",India,40
2020-05-01,"AQ Master wired x1 Ms","Atliq Exclusive",India,32
2020-05-01,"AQ Master wired x1 Ms","Atliq Exclusive",India,30
2020-05-01,"AQ Master wired x1 Ms","Atliq Exclusive",India,96
2020-05-01,"AQ Master wired x1 Ms","Atliq Exclusive",India,70
2020-05-01,"AQ Master wired x1 Ms","Atliq Exclusive",India,26
2020-05-01,"AQ Master wired x1 Ms","Atliq Exclusive",India,89
2020-05-01,"AQ Master wired x1 Ms","Atliq Exclusive",India,126
2020-05-01,"AQ Master wired x1 Ms","Atliq Exclusive",India,65
2020-05-01,"AQ Master wired x1 Ms","Atliq Exclusive",India,55
2020-05-01,"AQ Master wireless x1 Ms","Atliq Exclusive",India,33
2020-05-01,"AQ Master wireless x1 Ms","Atliq Exclusive",India,123
2020-05-01,"AQ Master wireless x1 Ms","Atliq Exclusive",India,56
2020-05-01,"AQ Master wireless x1 Ms","Atliq Exclusive",India,70
2020-05-01,"AQ Master wireless x1 Ms","Atliq Exclusive",India,45
2020-05-01,"AQ Master wireless x1 Ms","Atliq Exclusive",India,33
2020-05-01,"AQ Master wireless x1 Ms","Atliq Exclusive",India,51
2020-05-01,"AQ Master wireless x1 Ms","Atliq Exclusive",India,18
2020-05-01,"AQ Master wireless x1 Ms","Atliq Exclusive",India,89
2020-05-01,"AQ Master wireless x1 Ms","Atliq Exclusive",India,95
2020-05-01,"AQ Master wireless x1 Ms","Atliq Exclusive",India,69
2020-05-01,"AQ Master wireless x1 Ms","Atliq Exclusive",India,124
2020-05-01,"AQ Gamers Ms","Atliq Exclusive",India,37
2020-05-01,"AQ Gamers Ms","Atliq Exclusive",India,40
2020-05-01,"AQ Gamers Ms","Atliq Exclusive",India,127
2020-05-01,"AQ Gamers Ms","Atliq Exclusive",India,97
2020-05-01,"AQ Gamers Ms","Atliq Exclusive",India,78
2020-05-01,"AQ Gamers Ms","Atliq Exclusive",India,26
2020-05-01,"AQ Gamers Ms","Atliq Exclusive",India,95
2020-05-01,"AQ Gamers Ms","Atliq Exclusive",India,25
2020-05-01,"AQ Gamers Ms","Atliq Exclusive",India,110
2020-05-01,"AQ Gamers Ms","Atliq Exclusive",India,31
2020-05-01,"AQ Gamers Ms","Atliq Exclusive",India,110
2020-05-01,"AQ Gamers Ms","Atliq Exclusive",India,47
2020-05-01,"AQ Lite Ms","Atliq Exclusive",India,47
2020-05-01,"AQ Lite Ms","Atliq Exclusive",India,13
2020-05-01,"AQ Lite Ms","Atliq Exclusive",India,21
2020-05-01,"AQ Lite Ms","Atliq Exclusive",India,55
2020-05-01,"AQ Lite Ms","Atliq Exclusive",India,104
2020-05-01,"AQ Lite Ms","Atliq Exclusive",India,105
2020-05-01,"AQ Lite Ms","Atliq Exclusive",India,98
2020-05-01,"AQ Lite Ms","Atliq Exclusive",India,80
2020-05-01,"AQ Lite Ms","Atliq Exclusive",India,85
2020-05-01,"AQ Lite Ms","Atliq Exclusive",India,68
2020-05-01,"AQ Lite Ms","Atliq Exclusive",India,56
2020-05-01,"AQ Lite Ms","Atliq Exclusive",India,120
2020-05-01,"AQ Master wired x1","Atliq Exclusive",India,17
2020-05-01,"AQ Master wired x1","Atliq Exclusive",India,15
2020-05-01,"AQ Master wired x1","Atliq Exclusive",India,17
2020-05-01,"AQ Master wired x1","Atliq Exclusive",India,88
2020-05-01,"AQ Master wired x1","Atliq Exclusive",India,85
2020-05-01,"AQ Master wired x1","Atliq Exclusive",India,99
2020-05-01,"AQ Master wired x1","Atliq Exclusive",India,13
2020-05-01,"AQ Master wired x1","Atliq Exclusive",India,101
2020-05-01,"AQ Master wired x1","Atliq Exclusive",India,74
2020-05-01,"AQ Master wired x1","Atliq Exclusive",India,72
2020-05-01,"AQ Master wired x1","Atliq Exclusive",India,23
2020-05-01,"AQ Master wired x1","Atliq Exclusive",India,38
2020-05-01,"AQ Master wireless x1","Atliq Exclusive",India,83
2020-05-01,"AQ Master wireless x1","Atliq Exclusive",India,47
2020-05-01,"AQ Master wireless x1","Atliq Exclusive",India,71
2020-05-01,"AQ Master wireless x1","Atliq Exclusive",India,27
2020-05-01,"AQ Master wireless x1","Atliq Exclusive",India,41
2020-05-01,"AQ Master wireless x1","Atliq Exclusive",India,20
2020-05-01,"AQ Master wireless x1","Atliq Exclusive",India,85
2020-05-01,"AQ Master wireless x1","Atliq Exclusive",India,26
2020-05-01,"AQ Master wireless x1","Atliq Exclusive",India,91
2020-05-01,"AQ Master wireless x1","Atliq Exclusive",India,103
2020-05-01,"AQ Master wireless x1","Atliq Exclusive",India,66
2020-05-01,"AQ Master wireless x1","Atliq Exclusive",India,16
2020-05-01,"AQ Gamers ","Atliq Exclusive",India,50
2020-05-01,"AQ Gamers ","Atliq Exclusive",India,78
2020-05-01,"AQ Gamers ","Atliq Exclusive",India,73
2020-05-01,"AQ Gamers ","Atliq Exclusive",India,19
2020-05-01,"AQ Gamers ","Atliq Exclusive",India,60
2020-05-01,"AQ Gamers ","Atliq Exclusive",India,44
2020-05-01,"AQ Gamers ","Atliq Exclusive",India,19
2020-05-01,"AQ Gamers ","Atliq Exclusive",India,54
2020-05-01,"AQ Gamers ","Atliq Exclusive",India,98
2020-05-01,"AQ Gamers ","Atliq Exclusive",India,85
2020-05-01,"AQ Gamers ","Atliq Exclusive",India,27
2020-05-01,"AQ Gamers ","Atliq Exclusive",India,34
2020-05-01,"AQ Lite","Atliq Exclusive",India,71
2020-05-01,"AQ Lite","Atliq Exclusive",India,80
2020-05-01,"AQ Lite","Atliq Exclusive",India,83
2020-05-01,"AQ Lite","Atliq Exclusive",India,19
2020-05-01,"AQ Lite","Atliq Exclusive",India,23
2020-05-01,"AQ Lite","Atliq Exclusive",India,81
2020-05-01,"AQ Lite","Atliq Exclusive",India,80
2020-05-01,"AQ Lite","Atliq Exclusive",India,42
2020-05-01,"AQ Lite","Atliq Exclusive",India,97
2020-05-01,"AQ Lite","Atliq Exclusive",India,96
2020-05-01,"AQ Lite","Atliq Exclusive",India,82
2020-05-01,"AQ Lite","Atliq Exclusive",India,45
2020-05-01,"AQ Maxima","Atliq Exclusive",India,93
2020-05-01,"AQ Maxima","Atliq Exclusive",India,89
2020-05-01,"AQ Maxima","Atliq Exclusive",India,55
2020-05-01,"AQ Maxima","Atliq Exclusive",India,104
2020-05-01,"AQ Maxima","Atliq Exclusive",India,58
2020-05-01,"AQ Maxima","Atliq Exclusive",India,93
2020-05-01,"AQ Maxima","Atliq Exclusive",India,26
2020-05-01,"AQ Maxima","Atliq Exclusive",India,34
2020-05-01,"AQ LION x1","Atliq Exclusive",India,1
2020-05-01,"AQ LION x1","Atliq Exclusive",India,1
2020-05-01,"AQ LION x1","Atliq Exclusive",India,1
2020-05-01,"AQ LION x1","Atliq Exclusive",India,1
2020-05-01,"AQ LION x1","Atliq Exclusive",India,1
2020-05-01,"AQ LION x1","Atliq Exclusive",India,1
2020-05-01,"AQ LION x2","Atliq Exclusive",India,1
2020-05-01,"AQ LION x2","Atliq Exclusive",India,1
2020-05-01,"AQ LION x2","Atliq Exclusive",India,1
2020-05-01,"AQ LION x2","Atliq Exclusive",India,1
2020-05-01,"AQ LION x2","Atliq Exclusive",India,1
2020-05-01,"AQ LION x2","Atliq Exclusive",India,1
2020-05-01,"AQ LION x2","Atliq Exclusive",India,1
2020-05-01,"AQ LION x2","Atliq Exclusive",India,1
2020-05-01,"AQ LION x3","Atliq Exclusive",India,1
2020-05-01,"AQ LION x3","Atliq Exclusive",India,1
2020-05-01,"AQ LION x3","Atliq Exclusive",India,1
2020-05-01,"AQ LION x3","Atliq Exclusive",India,1
2020-05-01,"AQ LION x3","Atliq Exclusive",India,1
2020-05-01,"AQ LION x3","Atliq Exclusive",India,1
2020-05-01,"AQ Mx NB","Atliq Exclusive",India,1
2020-05-01,"AQ Mx NB","Atliq Exclusive",India,1
2020-05-01,"AQ Aspiron","Atliq Exclusive",India,2
2020-05-01,"AQ Aspiron","Atliq Exclusive",India,2
2020-05-01,"AQ Aspiron","Atliq Exclusive",India,3
2020-05-01,"AQ Aspiron","Atliq Exclusive",India,3
2020-05-01,"AQ Aspiron","Atliq Exclusive",India,2
2020-05-01,"AQ Aspiron","Atliq Exclusive",India,3
2020-05-01,"AQ Aspiron","Atliq Exclusive",India,3
2020-05-01,"AQ Aspiron","Atliq Exclusive",India,1
2020-05-01,"AQ Aspiron","Atliq Exclusive",India,3
2020-05-01,"AQ Aspiron","Atliq Exclusive",India,4
2020-05-01,"AQ Aspiron","Atliq Exclusive",India,4
2020-05-01,"AQ Aspiron","Atliq Exclusive",India,2
2020-05-01,"AQ Aspiron","Atliq Exclusive",India,2
2020-05-01,"AQ Aspiron","Atliq Exclusive",India,1
2020-05-01,"AQ Digit","Atliq Exclusive",India,2
2020-05-01,"AQ Digit","Atliq Exclusive",India,4
2020-05-01,"AQ Digit","Atliq Exclusive",India,3
2020-05-01,"AQ Digit","Atliq Exclusive",India,2
2020-05-01,"AQ Digit","Atliq Exclusive",India,1
2020-05-01,"AQ Digit","Atliq Exclusive",India,1
2020-05-01,"AQ Digit","Atliq Exclusive",India,2
2020-05-01,"AQ Digit","Atliq Exclusive",India,1
2020-05-01,"AQ Digit","Atliq Exclusive",India,4
2020-05-01,"AQ Digit","Atliq Exclusive",India,1
2020-05-01,"AQ Digit","Atliq Exclusive",India,3
2020-05-01,"AQ Digit","Atliq Exclusive",India,3
2020-05-01,"AQ Digit","Atliq Exclusive",India,2
2020-05-01,"AQ Digit","Atliq Exclusive",India,2
2020-05-01,"AQ Digit","Atliq Exclusive",India,2
2020-05-01,"AQ Digit","Atliq Exclusive",India,2
2020-05-01,"AQ Velocity","Atliq Exclusive",India,2
2020-05-01,"AQ Velocity","Atliq Exclusive",India,1
2020-05-01,"AQ Velocity","Atliq Exclusive",India,2
2020-05-01,"AQ Velocity","Atliq Exclusive",India,1
2020-05-01,"AQ Velocity","Atliq Exclusive",India,4
2020-05-01,"AQ Velocity","Atliq Exclusive",India,1
2020-05-01,"AQ Velocity","Atliq Exclusive",India,4
2020-05-01,"AQ Velocity","Atliq Exclusive",India,1
2020-05-01,"AQ Velocity","Atliq Exclusive",India,1
2020-05-01,"AQ Velocity","Atliq Exclusive",India,4
2020-05-01,"AQ Velocity","Atliq Exclusive",India,2
2020-05-01,"AQ Velocity","Atliq Exclusive",India,4
2020-05-01,"AQ Elite","Atliq Exclusive",India,1
2020-05-01,"AQ Elite","Atliq Exclusive",India,2
2020-05-01,"AQ Elite","Atliq Exclusive",India,3
2020-05-01,"AQ Elite","Atliq Exclusive",India,2
2020-05-01,"AQ Elite","Atliq Exclusive",India,1
2020-05-01,"AQ Elite","Atliq Exclusive",India,3
2020-05-01,"AQ Elite","Atliq Exclusive",India,3
2020-05-01,"AQ Elite","Atliq Exclusive",India,3
2020-05-01,"AQ Elite","Atliq Exclusive",India,2
2020-05-01,"AQ Elite","Atliq Exclusive",India,4
2020-05-01,"AQ Elite","Atliq Exclusive",India,1
2020-05-01,"AQ Elite","Atliq Exclusive",India,1
2020-05-01,"AQ Elite","Atliq Exclusive",India,4
2020-05-01,"AQ Elite","Atliq Exclusive",India,2
2020-05-01,"AQ Elite","Atliq Exclusive",India,1
2020-05-01,"AQ Elite","Atliq Exclusive",India,3
2020-05-01,"AQ Gen X","Atliq Exclusive",India,3
2020-05-01,"AQ Gen X","Atliq Exclusive",India,1
2020-05-01,"AQ Gen X","Atliq Exclusive",India,2
2020-05-01,"AQ Gen X","Atliq Exclusive",India,3
2020-05-01,"AQ Gen X","Atliq Exclusive",India,1
2020-05-01,"AQ Gen X","Atliq Exclusive",India,2
2020-05-01,"AQ Gen X","Atliq Exclusive",India,3
2020-05-01,"AQ Gen X","Atliq Exclusive",India,1
2020-05-01,"AQ BZ 101","Atliq Exclusive",India,3
2020-05-01,"AQ BZ 101","Atliq Exclusive",India,3
2020-05-01,"AQ BZ 101","Atliq Exclusive",India,2
2020-05-01,"AQ BZ 101","Atliq Exclusive",India,1
2020-05-01,"AQ BZ 101","Atliq Exclusive",India,2
2020-05-01,"AQ BZ 101","Atliq Exclusive",India,1
2020-05-01,"AQ BZ 101","Atliq Exclusive",India,1
2020-05-01,"AQ BZ 101","Atliq Exclusive",India,1
2020-05-01,"AQ BZ Compact","Atliq Exclusive",India,1
2020-05-01,"AQ BZ Compact","Atliq Exclusive",India,2
2020-05-01,"AQ BZ Compact","Atliq Exclusive",India,2
2020-05-01,"AQ BZ Compact","Atliq Exclusive",India,2
2020-05-01,"AQ BZ Compact","Atliq Exclusive",India,1
2020-05-01,"AQ BZ Compact","Atliq Exclusive",India,3
2020-05-01,"AQ BZ Compact","Atliq Exclusive",India,2
2020-05-01,"AQ BZ Compact","Atliq Exclusive",India,1
2020-05-01,"AQ BZ Compact","Atliq Exclusive",India,1
2020-05-01,"AQ BZ Compact","Atliq Exclusive",India,1
2020-05-01,"AQ BZ Compact","Atliq Exclusive",India,2
2020-05-01,"AQ BZ Compact","Atliq Exclusive",India,1
2020-05-01,"AQ BZ Compact","Atliq Exclusive",India,3
2020-05-01,"AQ BZ Compact","Atliq Exclusive",India,3
2020-05-01,"AQ BZ Compact","Atliq Exclusive",India,2
2020-05-01,"AQ BZ Compact","Atliq Exclusive",India,1
2020-05-01,"AQ BZ Gen Y","Atliq Exclusive",India,1
2020-05-01,"AQ BZ Gen Y","Atliq Exclusive",India,3
2020-05-01,"AQ BZ Gen Y","Atliq Exclusive",India,1
2020-05-01,"AQ BZ Gen Y","Atliq Exclusive",India,1
2020-05-01,"AQ BZ Gen Y","Atliq Exclusive",India,2
2020-05-01,"AQ BZ Gen Y","Atliq Exclusive",India,2
2020-05-01,"AQ BZ Gen Y","Atliq Exclusive",India,1
2020-05-01,"AQ BZ Gen Y","Atliq Exclusive",India,2
2020-05-01,"AQ BZ Gen Y","Atliq Exclusive",India,2
2020-05-01,"AQ BZ Gen Y","Atliq Exclusive",India,2
2020-05-01,"AQ BZ Gen Y","Atliq Exclusive",India,2
2020-05-01,"AQ BZ Gen Y","Atliq Exclusive",India,1
2020-05-01,"AQ BZ Gen Y","Atliq Exclusive",India,3
2020-05-01,"AQ BZ Gen Y","Atliq Exclusive",India,3
2020-05-01,"AQ BZ Gen Y","Atliq Exclusive",India,1
2020-05-01,"AQ BZ Gen Y","Atliq Exclusive",India,2
2020-05-01,"AQ BZ Gen Z","Atliq Exclusive",India,1
2020-05-01,"AQ BZ Gen Z","Atliq Exclusive",India,2
2020-05-01,"AQ BZ Gen Z","Atliq Exclusive",India,3
2020-05-01,"AQ BZ Gen Z","Atliq Exclusive",India,3
2020-05-01,"AQ BZ Gen Z","Atliq Exclusive",India,3
2020-05-01,"AQ BZ Gen Z","Atliq Exclusive",India,1
2020-05-01,"AQ BZ Gen Z","Atliq Exclusive",India,3
2020-05-01,"AQ BZ Gen Z","Atliq Exclusive",India,2
2020-05-01,"AQ BZ Gen Z","Atliq Exclusive",India,2
2020-05-01,"AQ BZ Gen Z","Atliq Exclusive",India,3
2020-05-01,"AQ BZ Gen Z","Atliq Exclusive",India,1
2020-05-01,"AQ BZ Gen Z","Atliq Exclusive",India,1
2020-05-01,"AQ Gamer 1","Atliq Exclusive",India,1
2020-05-01,"AQ Gamer 1","Atliq Exclusive",India,1
2020-05-01,"AQ Gamer 1","Atliq Exclusive",India,1
2020-05-01,"AQ Gamer 1","Atliq Exclusive",India,1
2020-05-01,"AQ Gamer 1","Atliq Exclusive",India,1
2020-05-01,"AQ Gamer 1","Atliq Exclusive",India,1
2020-05-01,"AQ Gamer 1","Atliq Exclusive",India,1
2020-05-01,"AQ Gamer 2","Atliq Exclusive",India,1
2020-05-01,"AQ Gamer 2","Atliq Exclusive",India,1
2020-05-01,"AQ Gamer 2","Atliq Exclusive",India,1
2020-05-01,"AQ Gamer 2","Atliq Exclusive",India,1
2020-05-01,"AQ Gamer 2","Atliq Exclusive",India,1
2020-05-01,"AQ Gamer 2","Atliq Exclusive",India,1
2020-05-01,"AQ Gamer 2","Atliq Exclusive",India,1
2020-05-01,"AQ Gamer 2","Atliq Exclusive",India,1
2020-05-01,"AQ Gamer 2","Atliq Exclusive",India,1
2020-05-01,"AQ Gamer 2","Atliq Exclusive",India,1
2020-05-01,"AQ Gamer 2","Atliq Exclusive",India,1
2020-05-01,"AQ Gamer 3","Atliq Exclusive",India,1
2020-05-01,"AQ Gamer 3","Atliq Exclusive",India,1
2020-05-01,"AQ Gamer 3","Atliq Exclusive",India,1
2020-05-01,"AQ Gamer 3","Atliq Exclusive",India,1
2020-05-01,"AQ Gamer 3","Atliq Exclusive",India,1
2020-05-01,"AQ Gamer 3","Atliq Exclusive",India,1
2020-05-01,"AQ Smash 1","Atliq Exclusive",India,1
2020-05-01,"AQ Smash 1","Atliq Exclusive",India,1
2020-05-01,"AQ Smash 1","Atliq Exclusive",India,1
2020-05-01,"AQ Smash 1","Atliq Exclusive",India,1
2020-05-01,"AQ Smash 1","Atliq Exclusive",India,1
2020-05-01,"AQ Smash 1","Atliq Exclusive",India,1
2020-05-01,"AQ Digit SSD","Atliq Exclusive",India,130
2020-05-01,"AQ Digit SSD","Atliq Exclusive",India,91
2020-05-01,"AQ Digit SSD","Atliq Exclusive",India,80
2020-05-01,"AQ Digit SSD","Atliq Exclusive",India,115
2020-05-01,"AQ Digit SSD","Atliq Exclusive",India,43
2020-05-01,"AQ Digit SSD","Atliq Exclusive",India,83
2020-05-01,"AQ Neuer SSD","Atliq Exclusive",India,40
2020-05-01,"AQ Neuer SSD","Atliq Exclusive",India,91
2020-05-01,"AQ Neuer SSD","Atliq Exclusive",India,42
2020-05-01,"AQ Neuer SSD","Atliq Exclusive",India,123
2020-05-01,"AQ Neuer SSD","Atliq Exclusive",India,149
2020-05-01,"AQ Neuer SSD","Atliq Exclusive",India,71
2020-05-01,"AQ Clx1","Atliq Exclusive",India,83
2020-05-01,"AQ Clx1","Atliq Exclusive",India,67
2020-05-01,"AQ Clx1","Atliq Exclusive",India,72
2020-05-01,"AQ Clx1","Atliq Exclusive",India,37
2020-05-01,"AQ Clx1","Atliq Exclusive",India,143
2020-05-01,"AQ Clx1","Atliq Exclusive",India,119
2020-05-01,"AQ Clx2","Atliq Exclusive",India,103
2020-05-01,"AQ Clx2","Atliq Exclusive",India,85
2020-05-01,"AQ Pen Drive 2 IN 1","Atliq Exclusive",India,131
2020-05-01,"AQ Pen Drive 2 IN 1","Atliq Exclusive",India,40
2020-05-01,"AQ Pen Drive DRC","Atliq Exclusive",India,152
2020-05-01,"AQ Pen Drive DRC","Atliq Exclusive",India,170
2020-05-01,"AQ Wi Power Dx1","Atliq Exclusive",India,55
2020-05-01,"AQ Wi Power Dx1","Atliq Exclusive",India,126
2020-05-01,"AQ Wi Power Dx1","Atliq Exclusive",India,50
2020-05-01,"AQ Wi Power Dx1","Atliq Exclusive",India,37
2020-05-01,"AQ Wi Power Dx1","Atliq Exclusive",India,34
2020-05-01,"AQ Wi Power Dx1","Atliq Exclusive",India,45
2020-05-01,"AQ Wi Power Dx2","Atliq Exclusive",India,95
2020-05-01,"AQ Wi Power Dx2","Atliq Exclusive",India,104
2020-05-01,"AQ Wi Power Dx2","Atliq Exclusive",India,22
2020-05-01,"AQ Wi Power Dx2","Atliq Exclusive",India,23
2020-05-01,"AQ Wi Power Dx2","Atliq Exclusive",India,127
2020-05-01,"AQ Wi Power Dx2","Atliq Exclusive",India,102
2020-06-01,"AQ Dracula HDD – 3.5 Inch SATA 6 Gb/s 5400 RPM 256 MB Cache","Atliq Exclusive",India,27
2020-06-01,"AQ Dracula HDD – 3.5 Inch SATA 6 Gb/s 5400 RPM 256 MB Cache","Atliq Exclusive",India,9
2020-06-01,"AQ Dracula HDD – 3.5 Inch SATA 6 Gb/s 5400 RPM 256 MB Cache","Atliq Exclusive",India,26
2020-06-01,"AQ Dracula HDD – 3.5 Inch SATA 6 Gb/s 5400 RPM 256 MB Cache","Atliq Exclusive",India,68
2020-06-01,"AQ WereWolf NAS Internal Hard Drive HDD – 8.89 cm","Atliq Exclusive",India,23
2020-06-01,"AQ WereWolf NAS Internal Hard Drive HDD – 8.89 cm","Atliq Exclusive",India,10
2020-06-01,"AQ WereWolf NAS Internal Hard Drive HDD – 8.89 cm","Atliq Exclusive",India,39
2020-06-01,"AQ Zion Saga","Atliq Exclusive",India,21
2020-06-01,"AQ Mforce Gen X","Atliq Exclusive",India,34
2020-06-01,"AQ Mforce Gen X","Atliq Exclusive",India,54
2020-06-01,"AQ Mforce Gen X","Atliq Exclusive",India,51
2020-06-01,"AQ Mforce Gen X","Atliq Exclusive",India,17
2020-06-01,"AQ Mforce Gen X","Atliq Exclusive",India,27
2020-06-01,"AQ Mforce Gen X","Atliq Exclusive",India,47
2020-06-01,"AQ Mforce Gen X","Atliq Exclusive",India,17
2020-06-01,"AQ Mforce Gen X","Atliq Exclusive",India,38
2020-06-01,"AQ Mforce Gen Y","Atliq Exclusive",India,22
2020-06-01,"AQ Mforce Gen Y","Atliq Exclusive",India,43
2020-06-01,"AQ Mforce Gen Y","Atliq Exclusive",India,45
2020-06-01,"AQ Mforce Gen Y","Atliq Exclusive",India,6
2020-06-01,"AQ Mforce Gen Y","Atliq Exclusive",India,39
2020-06-01,"AQ Mforce Gen Y","Atliq Exclusive",India,16
2020-06-01,"AQ Mforce Gen Y","Atliq Exclusive",India,21
2020-06-01,"AQ Mforce Gen Y","Atliq Exclusive",India,41
2020-06-01,"AQ Mforce Gen Z","Atliq Exclusive",India,12
2020-06-01,"AQ Mforce Gen Z","Atliq Exclusive",India,11
2020-06-01,"AQ Mforce Gen Z","Atliq Exclusive",India,42
2020-06-01,"AQ Mforce Gen Z","Atliq Exclusive",India,37
2020-06-01,"AQ Mforce Gen Z","Atliq Exclusive",India,24
2020-06-01,"AQ Mforce Gen Z","Atliq Exclusive",India,20
2020-06-01,"AQ Mforce Gen Z","Atliq Exclusive",India,34
2020-06-01,"AQ Mforce Gen Z","Atliq Exclusive",India,27
2020-06-01,"AQ GT 21","Atliq Exclusive",India,29
2020-06-01,"AQ GT 21","Atliq Exclusive",India,13
2020-06-01,"AQ 5000 Series Electron 9 5900X Desktop Processor","Atliq Exclusive",India,30
2020-06-01,"AQ 5000 Series Electron 9 5900X Desktop Processor","Atliq Exclusive",India,36
2020-06-01,"AQ 5000 Series Electron 9 5900X Desktop Processor","Atliq Exclusive",India,32
2020-06-01,"AQ 5000 Series Electron 8 5900X Desktop Processor","Atliq Exclusive",India,42
2020-06-01,"AQ 5000 Series Electron 8 5900X Desktop Processor","Atliq Exclusive",India,41
2020-06-01,"AQ 5000 Series Electron 8 5900X Desktop Processor","Atliq Exclusive",India,15
2020-06-01,"AQ 5000 Series Ultron 8 5900X Desktop Processor","Atliq Exclusive",India,9
2020-06-01,"AQ 5000 Series Ultron 8 5900X Desktop Processor","Atliq Exclusive",India,32
2020-06-01,"AQ 5000 Series Ultron 8 5900X Desktop Processor","Atliq Exclusive",India,10
2020-06-01,"AQ Electron 5 3600 Desktop Processor","Atliq Exclusive",India,44
2020-06-01,"AQ Electron 5 3600 Desktop Processor","Atliq Exclusive",India,50
2020-06-01,"AQ Electron 5 3600 Desktop Processor","Atliq Exclusive",India,39
2020-06-01,"AQ Electron 4 3600 Desktop Processor","Atliq Exclusive",India,17
2020-06-01,"AQ MB Elite","Atliq Exclusive",India,6
2020-06-01,"AQ MB Elite","Atliq Exclusive",India,8
2020-06-01,"AQ MB Elite","Atliq Exclusive",India,9
2020-06-01,"AQ MB Elite","Atliq Exclusive",India,14
2020-06-01,"AQ MB Crossx","Atliq Exclusive",India,11
2020-06-01,"AQ MB Crossx","Atliq Exclusive",India,12
2020-06-01,"AQ MB Crossx","Atliq Exclusive",India,2
2020-06-01,"AQ MB Crossx","Atliq Exclusive",India,9
2020-06-01,"AQ MB Crossx 2","Atliq Exclusive",India,5
2020-06-01,"AQ MB Crossx 2","Atliq Exclusive",India,10
2020-06-01,"AQ MB Crossx 2","Atliq Exclusive",India,4
2020-06-01,"AQ MB Crossx 2","Atliq Exclusive",India,13
2020-06-01,"AQ Master wired x1 Ms","Atliq Exclusive",India,153
2020-06-01,"AQ Master wired x1 Ms","Atliq Exclusive",India,68
2020-06-01,"AQ Master wired x1 Ms","Atliq Exclusive",India,69
2020-06-01,"AQ Master wired x1 Ms","Atliq Exclusive",India,138
2020-06-01,"AQ Master wired x1 Ms","Atliq Exclusive",India,132
2020-06-01,"AQ Master wired x1 Ms","Atliq Exclusive",India,66
2020-06-01,"AQ Master wireless x1 Ms","Atliq Exclusive",India,293
2020-06-01,"AQ Master wireless x1 Ms","Atliq Exclusive",India,255
2020-06-01,"AQ Master wireless x1 Ms","Atliq Exclusive",India,143
2020-06-01,"AQ Master wireless x1 Ms","Atliq Exclusive",India,290
2020-06-01,"AQ Master wireless x1 Ms","Atliq Exclusive",India,41
2020-06-01,"AQ Master wireless x1 Ms","Atliq Exclusive",India,240
2020-06-01,"AQ Gamers Ms","Atliq Exclusive",India,171
2020-06-01,"AQ Gamers Ms","Atliq Exclusive",India,161
2020-06-01,"AQ Gamers Ms","Atliq Exclusive",India,192
2020-06-01,"AQ Gamers Ms","Atliq Exclusive",India,112
2020-06-01,"AQ Gamers Ms","Atliq Exclusive",India,184
2020-06-01,"AQ Gamers Ms","Atliq Exclusive",India,235
2020-06-01,"AQ Lite Ms","Atliq Exclusive",India,41
2020-06-01,"AQ Lite Ms","Atliq Exclusive",India,246
2020-06-01,"AQ Lite Ms","Atliq Exclusive",India,231
2020-06-01,"AQ Lite Ms","Atliq Exclusive",India,237
2020-06-01,"AQ Lite Ms","Atliq Exclusive",India,186
2020-06-01,"AQ Lite Ms","Atliq Exclusive",India,49
2020-06-01,"AQ Master wired x1","Atliq Exclusive",India,229
2020-06-01,"AQ Master wired x1","Atliq Exclusive",India,170
2020-06-01,"AQ Master wired x1","Atliq Exclusive",India,186
2020-06-01,"AQ Master wired x1","Atliq Exclusive",India,144
2020-06-01,"AQ Master wired x1","Atliq Exclusive",India,201
2020-06-01,"AQ Master wired x1","Atliq Exclusive",India,72
2020-06-01,"AQ Master wireless x1","Atliq Exclusive",India,221
2020-06-01,"AQ Master wireless x1","Atliq Exclusive",India,43
2020-06-01,"AQ Master wireless x1","Atliq Exclusive",India,58
2020-06-01,"AQ Master wireless x1","Atliq Exclusive",India,81
2020-06-01,"AQ Master wireless x1","Atliq Exclusive",India,163
2020-06-01,"AQ Master wireless x1","Atliq Exclusive",India,250
2020-06-01,"AQ Gamers ","Atliq Exclusive",India,200
2020-06-01,"AQ Gamers ","Atliq Exclusive",India,140
2020-06-01,"AQ Gamers ","Atliq Exclusive",India,135
2020-06-01,"AQ Gamers ","Atliq Exclusive",India,150
2020-06-01,"AQ Gamers ","Atliq Exclusive",India,242
2020-06-01,"AQ Gamers ","Atliq Exclusive",India,178
2020-06-01,"AQ Lite","Atliq Exclusive",India,195
2020-06-01,"AQ Lite","Atliq Exclusive",India,95
2020-06-01,"AQ Lite","Atliq Exclusive",India,76
2020-06-01,"AQ Lite","Atliq Exclusive",India,104
2020-06-01,"AQ Lite","Atliq Exclusive",India,198
2020-06-01,"AQ Lite","Atliq Exclusive",India,220
2020-06-01,"AQ Maxima","Atliq Exclusive",India,60
2020-06-01,"AQ Maxima","Atliq Exclusive",India,122
2020-06-01,"AQ Maxima","Atliq Exclusive",India,61
2020-06-01,"AQ Maxima","Atliq Exclusive",India,40
2020-06-01,"AQ LION x1","Atliq Exclusive",India,1
2020-06-01,"AQ LION x1","Atliq Exclusive",India,1
2020-06-01,"AQ LION x1","Atliq Exclusive",India,3
2020-06-01,"AQ LION x2","Atliq Exclusive",India,1
2020-06-01,"AQ LION x2","Atliq Exclusive",India,2
2020-06-01,"AQ LION x2","Atliq Exclusive",India,1
2020-06-01,"AQ LION x3","Atliq Exclusive",India,1
2020-06-01,"AQ LION x3","Atliq Exclusive",India,1
2020-06-01,"AQ LION x3","Atliq Exclusive",India,1
2020-06-01,"AQ Mx NB","Atliq Exclusive",India,1
2020-06-01,"AQ Mx NB","Atliq Exclusive",India,2
2020-06-01,"AQ Aspiron","Atliq Exclusive",India,6
2020-06-01,"AQ Aspiron","Atliq Exclusive",India,8
2020-06-01,"AQ Aspiron","Atliq Exclusive",India,5
2020-06-01,"AQ Aspiron","Atliq Exclusive",India,4
2020-06-01,"AQ Aspiron","Atliq Exclusive",India,10
2020-06-01,"AQ Aspiron","Atliq Exclusive",India,5
2020-06-01,"AQ Aspiron","Atliq Exclusive",India,5
2020-06-01,"AQ Digit","Atliq Exclusive",India,9
2020-06-01,"AQ Digit","Atliq Exclusive",India,9
2020-06-01,"AQ Digit","Atliq Exclusive",India,6
2020-06-01,"AQ Digit","Atliq Exclusive",India,8
2020-06-01,"AQ Digit","Atliq Exclusive",India,3
2020-06-01,"AQ Digit","Atliq Exclusive",India,10
2020-06-01,"AQ Digit","Atliq Exclusive",India,6
2020-06-01,"AQ Digit","Atliq Exclusive",India,6
2020-06-01,"AQ Velocity","Atliq Exclusive",India,8
2020-06-01,"AQ Velocity","Atliq Exclusive",India,5
2020-06-01,"AQ Velocity","Atliq Exclusive",India,8
2020-06-01,"AQ Velocity","Atliq Exclusive",India,5
2020-06-01,"AQ Velocity","Atliq Exclusive",India,5
2020-06-01,"AQ Velocity","Atliq Exclusive",India,7
2020-06-01,"AQ Elite","Atliq Exclusive",India,2
2020-06-01,"AQ Elite","Atliq Exclusive",India,7
2020-06-01,"AQ Elite","Atliq Exclusive",India,5
2020-06-01,"AQ Elite","Atliq Exclusive",India,9
2020-06-01,"AQ Elite","Atliq Exclusive",India,7
2020-06-01,"AQ Elite","Atliq Exclusive",India,4
2020-06-01,"AQ Elite","Atliq Exclusive",India,3
2020-06-01,"AQ Elite","Atliq Exclusive",India,6
2020-06-01,"AQ Gen X","Atliq Exclusive",India,8
2020-06-01,"AQ Gen X","Atliq Exclusive",India,5
2020-06-01,"AQ Gen X","Atliq Exclusive",India,5
2020-06-01,"AQ Gen X","Atliq Exclusive",India,4
2020-06-01,"AQ BZ 101","Atliq Exclusive",India,2
2020-06-01,"AQ BZ 101","Atliq Exclusive",India,7
2020-06-01,"AQ BZ 101","Atliq Exclusive",India,7
2020-06-01,"AQ BZ 101","Atliq Exclusive",India,5
2020-06-01,"AQ BZ Compact","Atliq Exclusive",India,1
2020-06-01,"AQ BZ Compact","Atliq Exclusive",India,4
2020-06-01,"AQ BZ Compact","Atliq Exclusive",India,8
2020-06-01,"AQ BZ Compact","Atliq Exclusive",India,3
2020-06-01,"AQ BZ Compact","Atliq Exclusive",India,1
2020-06-01,"AQ BZ Compact","Atliq Exclusive",India,2
2020-06-01,"AQ BZ Compact","Atliq Exclusive",India,7
2020-06-01,"AQ BZ Compact","Atliq Exclusive",India,2
2020-06-01,"AQ BZ Gen Y","Atliq Exclusive",India,2
2020-06-01,"AQ BZ Gen Y","Atliq Exclusive",India,7
2020-06-01,"AQ BZ Gen Y","Atliq Exclusive",India,1
2020-06-01,"AQ BZ Gen Y","Atliq Exclusive",India,4
2020-06-01,"AQ BZ Gen Y","Atliq Exclusive",India,2
2020-06-01,"AQ BZ Gen Y","Atliq Exclusive",India,6
2020-06-01,"AQ BZ Gen Y","Atliq Exclusive",India,7
2020-06-01,"AQ BZ Gen Y","Atliq Exclusive",India,3
2020-06-01,"AQ BZ Gen Z","Atliq Exclusive",India,5
2020-06-01,"AQ BZ Gen Z","Atliq Exclusive",India,7
2020-06-01,"AQ BZ Gen Z","Atliq Exclusive",India,1
2020-06-01,"AQ BZ Gen Z","Atliq Exclusive",India,5
2020-06-01,"AQ BZ Gen Z","Atliq Exclusive",India,7
2020-06-01,"AQ BZ Gen Z","Atliq Exclusive",India,3
2020-06-01,"AQ Gamer 1","Atliq Exclusive",India,1
2020-06-01,"AQ Gamer 1","Atliq Exclusive",India,2
2020-06-01,"AQ Gamer 1","Atliq Exclusive",India,1
2020-06-01,"AQ Gamer 1","Atliq Exclusive",India,1
2020-06-01,"AQ Gamer 1","Atliq Exclusive",India,2
2020-06-01,"AQ Gamer 2","Atliq Exclusive",India,1
2020-06-01,"AQ Gamer 2","Atliq Exclusive",India,1
2020-06-01,"AQ Gamer 2","Atliq Exclusive",India,1
2020-06-01,"AQ Gamer 2","Atliq Exclusive",India,1
2020-06-01,"AQ Gamer 2","Atliq Exclusive",India,1
2020-06-01,"AQ Gamer 2","Atliq Exclusive",India,1
2020-06-01,"AQ Gamer 3","Atliq Exclusive",India,1
2020-06-01,"AQ Gamer 3","Atliq Exclusive",India,1
2020-06-01,"AQ Gamer 3","Atliq Exclusive",India,1
2020-06-01,"AQ Gamer 3","Atliq Exclusive",India,1
2020-06-01,"AQ Gamer 3","Atliq Exclusive",India,2
2020-06-01,"AQ Smash 1","Atliq Exclusive",India,1
2020-06-01,"AQ Smash 1","Atliq Exclusive",India,2
2020-06-01,"AQ Smash 1","Atliq Exclusive",India,2
2020-06-01,"AQ Smash 1","Atliq Exclusive",India,1
2020-06-01,"AQ Smash 1","Atliq Exclusive",India,1
2020-06-01,"AQ Smash 1","Atliq Exclusive",India,2
2020-06-01,"AQ Smash 2","Atliq Exclusive",India,1
2020-06-01,"AQ Digit SSD","Atliq Exclusive",India,47
2020-06-01,"AQ Digit SSD","Atliq Exclusive",India,139
2020-06-01,"AQ Digit SSD","Atliq Exclusive",India,254
2020-06-01,"AQ Neuer SSD","Atliq Exclusive",India,247
2020-06-01,"AQ Neuer SSD","Atliq Exclusive",India,365
2020-06-01,"AQ Neuer SSD","Atliq Exclusive",India,60
2020-06-01,"AQ Clx1","Atliq Exclusive",India,284
2020-06-01,"AQ Clx1","Atliq Exclusive",India,328
2020-06-01,"AQ Clx1","Atliq Exclusive",India,96
2020-06-01,"AQ Clx2","Atliq Exclusive",India,365
2020-06-01,"AQ Pen Drive 2 IN 1","Atliq Exclusive",India,63
2020-06-01,"AQ Pen Drive DRC","Atliq Exclusive",India,138
2020-06-01,"AQ Wi Power Dx1","Atliq Exclusive",India,289
2020-06-01,"AQ Wi Power Dx1","Atliq Exclusive",India,213
2020-06-01,"AQ Wi Power Dx1","Atliq Exclusive",India,342
2020-06-01,"AQ Wi Power Dx2","Atliq Exclusive",India,350
2020-06-01,"AQ Wi Power Dx2","Atliq Exclusive",India,269
2020-06-01,"AQ Wi Power Dx2","Atliq Exclusive",India,307
2020-07-01,"AQ Dracula HDD – 3.5 Inch SATA 6 Gb/s 5400 RPM 256 MB Cache","Atliq Exclusive",India,74
2020-07-01,"AQ Dracula HDD – 3.5 Inch SATA 6 Gb/s 5400 RPM 256 MB Cache","Atliq Exclusive",India,64
2020-07-01,"AQ Dracula HDD – 3.5 Inch SATA 6 Gb/s 5400 RPM 256 MB Cache","Atliq Exclusive",India,48
2020-07-01,"AQ Dracula HDD – 3.5 Inch SATA 6 Gb/s 5400 RPM 256 MB Cache","Atliq Exclusive",India,86
2020-07-01,"AQ Dracula HDD – 3.5 Inch SATA 6 Gb/s 5400 RPM 256 MB Cache","Atliq Exclusive",India,93
2020-07-01,"AQ Dracula HDD – 3.5 Inch SATA 6 Gb/s 5400 RPM 256 MB Cache","Atliq Exclusive",India,61
2020-07-01,"AQ Dracula HDD – 3.5 Inch SATA 6 Gb/s 5400 RPM 256 MB Cache","Atliq Exclusive",India,24
2020-07-01,"AQ Dracula HDD – 3.5 Inch SATA 6 Gb/s 5400 RPM 256 MB Cache","Atliq Exclusive",India,94
2020-07-01,"AQ WereWolf NAS Internal Hard Drive HDD – 8.89 cm","Atliq Exclusive",India,90
2020-07-01,"AQ WereWolf NAS Internal Hard Drive HDD – 8.89 cm","Atliq Exclusive",India,59
2020-07-01,"AQ WereWolf NAS Internal Hard Drive HDD – 8.89 cm","Atliq Exclusive",India,69
2020-07-01,"AQ WereWolf NAS Internal Hard Drive HDD – 8.89 cm","Atliq Exclusive",India,55
2020-07-01,"AQ WereWolf NAS Internal Hard Drive HDD – 8.89 cm","Atliq Exclusive",India,23
2020-07-01,"AQ WereWolf NAS Internal Hard Drive HDD – 8.89 cm","Atliq Exclusive",India,32
2020-07-01,"AQ Zion Saga","Atliq Exclusive",India,15
2020-07-01,"AQ Zion Saga","Atliq Exclusive",India,68
2020-07-01,"AQ Mforce Gen X","Atliq Exclusive",India,30
2020-07-01,"AQ Mforce Gen X","Atliq Exclusive",India,20
2020-07-01,"AQ Mforce Gen X","Atliq Exclusive",India,40
2020-07-01,"AQ Mforce Gen X","Atliq Exclusive",India,36
2020-07-01,"AQ Mforce Gen X","Atliq Exclusive",India,52
2020-07-01,"AQ Mforce Gen X","Atliq Exclusive",India,41
2020-07-01,"AQ Mforce Gen X","Atliq Exclusive",India,36
2020-07-01,"AQ Mforce Gen X","Atliq Exclusive",India,66
2020-07-01,"AQ Mforce Gen X","Atliq Exclusive",India,44
2020-07-01,"AQ Mforce Gen X","Atliq Exclusive",India,49
2020-07-01,"AQ Mforce Gen X","Atliq Exclusive",India,39
2020-07-01,"AQ Mforce Gen X","Atliq Exclusive",India,45
2020-07-01,"AQ Mforce Gen X","Atliq Exclusive",India,46
2020-07-01,"AQ Mforce Gen X","Atliq Exclusive",India,60
2020-07-01,"AQ Mforce Gen X","Atliq Exclusive",India,69
2020-07-01,"AQ Mforce Gen X","Atliq Exclusive",India,20
2020-07-01,"AQ Mforce Gen Y","Atliq Exclusive",India,36
2020-07-01,"AQ Mforce Gen Y","Atliq Exclusive",India,62
2020-07-01,"AQ Mforce Gen Y","Atliq Exclusive",India,18
2020-07-01,"AQ Mforce Gen Y","Atliq Exclusive",India,8
2020-07-01,"AQ Mforce Gen Y","Atliq Exclusive",India,51
2020-07-01,"AQ Mforce Gen Y","Atliq Exclusive",India,67
2020-07-01,"AQ Mforce Gen Y","Atliq Exclusive",India,7
2020-07-01,"AQ Mforce Gen Y","Atliq Exclusive",India,35
2020-07-01,"AQ Mforce Gen Y","Atliq Exclusive",India,14
2020-07-01,"AQ Mforce Gen Y","Atliq Exclusive",India,29
2020-07-01,"AQ Mforce Gen Y","Atliq Exclusive",India,12
2020-07-01,"AQ Mforce Gen Y","Atliq Exclusive",India,29
2020-07-01,"AQ Mforce Gen Y","Atliq Exclusive",India,22
2020-07-01,"AQ Mforce Gen Y","Atliq Exclusive",India,12
2020-07-01,"AQ Mforce Gen Y","Atliq Exclusive",India,70
2020-07-01,"AQ Mforce Gen Y","Atliq Exclusive",India,39
2020-07-01,"AQ Mforce Gen Z","Atliq Exclusive",India,51
2020-07-01,"AQ Mforce Gen Z","Atliq Exclusive",India,53
2020-07-01,"AQ Mforce Gen Z","Atliq Exclusive",India,50
2020-07-01,"AQ Mforce Gen Z","Atliq Exclusive",India,55
2020-07-01,"AQ Mforce Gen Z","Atliq Exclusive",India,12
2020-07-01,"AQ Mforce Gen Z","Atliq Exclusive",India,54
2020-07-01,"AQ Mforce Gen Z","Atliq Exclusive",India,17
2020-07-01,"AQ Mforce Gen Z","Atliq Exclusive",India,14
2020-07-01,"AQ Mforce Gen Z","Atliq Exclusive",India,31
2020-07-01,"AQ Mforce Gen Z","Atliq Exclusive",India,62
2020-07-01,"AQ Mforce Gen Z","Atliq Exclusive",India,9
2020-07-01,"AQ Mforce Gen Z","Atliq Exclusive",India,28
2020-07-01,"AQ Mforce Gen Z","Atliq Exclusive",India,30
2020-07-01,"AQ Mforce Gen Z","Atliq Exclusive",India,27
2020-07-01,"AQ Mforce Gen Z","Atliq Exclusive",India,51
2020-07-01,"AQ Mforce Gen Z","Atliq Exclusive",India,67
2020-07-01,"AQ GT 21","Atliq Exclusive",India,23
2020-07-01,"AQ GT 21","Atliq Exclusive",India,68
2020-07-01,"AQ GT 21","Atliq Exclusive",India,60
2020-07-01,"AQ GT 21","Atliq Exclusive",India,53
2020-07-01,"AQ 5000 Series Electron 9 5900X Desktop Processor","Atliq Exclusive",India,34
2020-07-01,"AQ 5000 Series Electron 9 5900X Desktop Processor","Atliq Exclusive",India,65
2020-07-01,"AQ 5000 Series Electron 9 5900X Desktop Processor","Atliq Exclusive",India,43
2020-07-01,"AQ 5000 Series Electron 9 5900X Desktop Processor","Atliq Exclusive",India,20
2020-07-01,"AQ 5000 Series Electron 9 5900X Desktop Processor","Atliq Exclusive",India,8
2020-07-01,"AQ 5000 Series Electron 9 5900X Desktop Processor","Atliq Exclusive",India,25
2020-07-01,"AQ 5000 Series Electron 8 5900X Desktop Processor","Atliq Exclusive",India,42
2020-07-01,"AQ 5000 Series Electron 8 5900X Desktop Processor","Atliq Exclusive",India,13
2020-07-01,"AQ 5000 Series Electron 8 5900X Desktop Processor","Atliq Exclusive",India,45
2020-07-01,"AQ 5000 Series Electron 8 5900X Desktop Processor","Atliq Exclusive",India,15
2020-07-01,"AQ 5000 Series Electron 8 5900X Desktop Processor","Atliq Exclusive",India,20
2020-07-01,"AQ 5000 Series Electron 8 5900X Desktop Processor","Atliq Exclusive",India,53
2020-07-01,"AQ 5000 Series Ultron 8 5900X Desktop Processor","Atliq Exclusive",India,64
2020-07-01,"AQ 5000 Series Ultron 8 5900X Desktop Processor","Atliq Exclusive",India,15
2020-07-01,"AQ 5000 Series Ultron 8 5900X Desktop Processor","Atliq Exclusive",India,62
2020-07-01,"AQ 5000 Series Ultron 8 5900X Desktop Processor","Atliq Exclusive",India,52
2020-07-01,"AQ 5000 Series Ultron 8 5900X Desktop Processor","Atliq Exclusive",India,60
2020-07-01,"AQ 5000 Series Ultron 8 5900X Desktop Processor","Atliq Exclusive",India,40
2020-07-01,"AQ Electron 5 3600 Desktop Processor","Atliq Exclusive",India,31
2020-07-01,"AQ Electron 5 3600 Desktop Processor","Atliq Exclusive",India,60
2020-07-01,"AQ Electron 5 3600 Desktop Processor","Atliq Exclusive",India,64
2020-07-01,"AQ Electron 5 3600 Desktop Processor","Atliq Exclusive",India,40
2020-07-01,"AQ Electron 5 3600 Desktop Processor","Atliq Exclusive",India,22
2020-07-01,"AQ Electron 5 3600 Desktop Processor","Atliq Exclusive",India,8
2020-07-01,"AQ Electron 4 3600 Desktop Processor","Atliq Exclusive",India,53
2020-07-01,"AQ Electron 4 3600 Desktop Processor","Atliq Exclusive",India,67
2020-07-01,"AQ MB Elite","Atliq Exclusive",India,19
2020-07-01,"AQ MB Elite","Atliq Exclusive",India,13
2020-07-01,"AQ MB Elite","Atliq Exclusive",India,5
2020-07-01,"AQ MB Elite","Atliq Exclusive",India,17
2020-07-01,"AQ MB Elite","Atliq Exclusive",India,6
2020-07-01,"AQ MB Elite","Atliq Exclusive",India,16
2020-07-01,"AQ MB Elite","Atliq Exclusive",India,15
2020-07-01,"AQ MB Elite","Atliq Exclusive",India,10
2020-07-01,"AQ MB Crossx","Atliq Exclusive",India,3
2020-07-01,"AQ MB Crossx","Atliq Exclusive",India,12
2020-07-01,"AQ MB Crossx","Atliq Exclusive",India,9
2020-07-01,"AQ MB Crossx","Atliq Exclusive",India,6
2020-07-01,"AQ MB Crossx","Atliq Exclusive",India,19
2020-07-01,"AQ MB Crossx","Atliq Exclusive",India,13
2020-07-01,"AQ MB Crossx","Atliq Exclusive",India,12
2020-07-01,"AQ MB Crossx","Atliq Exclusive",India,10
2020-07-01,"AQ MB Crossx 2","Atliq Exclusive",India,12
2020-07-01,"AQ MB Crossx 2","Atliq Exclusive",India,12
2020-07-01,"AQ MB Crossx 2","Atliq Exclusive",India,20
2020-07-01,"AQ MB Crossx 2","Atliq Exclusive",India,12
2020-07-01,"AQ MB Crossx 2","Atliq Exclusive",India,2
2020-07-01,"AQ MB Crossx 2","Atliq Exclusive",India,20
2020-07-01,"AQ MB Crossx 2","Atliq Exclusive",India,13
2020-07-01,"AQ MB Crossx 2","Atliq Exclusive",India,18
2020-07-01,"AQ Master wired x1 Ms","Atliq Exclusive",India,57
2020-07-01,"AQ Master wired x1 Ms","Atliq Exclusive",India,249
2020-07-01,"AQ Master wired x1 Ms","Atliq Exclusive",India,198
2020-07-01,"AQ Master wired x1 Ms","Atliq Exclusive",India,299
2020-07-01,"AQ Master wired x1 Ms","Atliq Exclusive",India,192
2020-07-01,"AQ Master wired x1 Ms","Atliq Exclusive",India,403
2020-07-01,"AQ Master wired x1 Ms","Atliq Exclusive",India,390
2020-07-01,"AQ Master wired x1 Ms","Atliq Exclusive",India,385
2020-07-01,"AQ Master wired x1 Ms","Atliq Exclusive",India,319
2020-07-01,"AQ Master wired x1 Ms","Atliq Exclusive",India,73
2020-07-01,"AQ Master wired x1 Ms","Atliq Exclusive",India,249
2020-07-01,"AQ Master wired x1 Ms","Atliq Exclusive",India,346
2020-07-01,"AQ Master wireless x1 Ms","Atliq Exclusive",India,48
2020-07-01,"AQ Master wireless x1 Ms","Atliq Exclusive",India,52
2020-07-01,"AQ Master wireless x1 Ms","Atliq Exclusive",India,136
2020-07-01,"AQ Master wireless x1 Ms","Atliq Exclusive",India,296
2020-07-01,"AQ Master wireless x1 Ms","Atliq Exclusive",India,307
2020-07-01,"AQ Master wireless x1 Ms","Atliq Exclusive",India,283
2020-07-01,"AQ Master wireless x1 Ms","Atliq Exclusive",India,76
2020-07-01,"AQ Master wireless x1 Ms","Atliq Exclusive",India,292
2020-07-01,"AQ Master wireless x1 Ms","Atliq Exclusive",India,385
2020-07-01,"AQ Master wireless x1 Ms","Atliq Exclusive",India,166
2020-07-01,"AQ Master wireless x1 Ms","Atliq Exclusive",India,66
2020-07-01,"AQ Master wireless x1 Ms","Atliq Exclusive",India,208
2020-07-01,"AQ Gamers Ms","Atliq Exclusive",India,66
2020-07-01,"AQ Gamers Ms","Atliq Exclusive",India,169
2020-07-01,"AQ Gamers Ms","Atliq Exclusive",India,205
2020-07-01,"AQ Gamers Ms","Atliq Exclusive",India,290
2020-07-01,"AQ Gamers Ms","Atliq Exclusive",India,192
2020-07-01,"AQ Gamers Ms","Atliq Exclusive",India,383
2020-07-01,"AQ Gamers Ms","Atliq Exclusive",India,372
2020-07-01,"AQ Gamers Ms","Atliq Exclusive",India,88
2020-07-01,"AQ Gamers Ms","Atliq Exclusive",India,335
2020-07-01,"AQ Gamers Ms","Atliq Exclusive",India,229
2020-07-01,"AQ Gamers Ms","Atliq Exclusive",India,155
2020-07-01,"AQ Gamers Ms","Atliq Exclusive",India,253
2020-07-01,"AQ Lite Ms","Atliq Exclusive",India,201
2020-07-01,"AQ Lite Ms","Atliq Exclusive",India,66
2020-07-01,"AQ Lite Ms","Atliq Exclusive",India,162
2020-07-01,"AQ Lite Ms","Atliq Exclusive",India,229
2020-07-01,"AQ Lite Ms","Atliq Exclusive",India,53
2020-07-01,"AQ Lite Ms","Atliq Exclusive",India,110
2020-07-01,"AQ Lite Ms","Atliq Exclusive",India,153
2020-07-01,"AQ Lite Ms","Atliq Exclusive",India,309
2020-07-01,"AQ Lite Ms","Atliq Exclusive",India,167
2020-07-01,"AQ Lite Ms","Atliq Exclusive",India,233
2020-07-01,"AQ Lite Ms","Atliq Exclusive",India,385
2020-07-01,"AQ Lite Ms","Atliq Exclusive",India,214
2020-07-01,"AQ Master wired x1","Atliq Exclusive",India,78
2020-07-01,"AQ Master wired x1","Atliq Exclusive",India,186
2020-07-01,"AQ Master wired x1","Atliq Exclusive",India,214
2020-07-01,"AQ Master wired x1","Atliq Exclusive",India,306
2020-07-01,"AQ Master wired x1","Atliq Exclusive",India,242
2020-07-01,"AQ Master wired x1","Atliq Exclusive",India,218
2020-07-01,"AQ Master wired x1","Atliq Exclusive",India,105
2020-07-01,"AQ Master wired x1","Atliq Exclusive",India,163
2020-07-01,"AQ Master wired x1","Atliq Exclusive",India,318
2020-07-01,"AQ Master wired x1","Atliq Exclusive",India,170
2020-07-01,"AQ Master wired x1","Atliq Exclusive",India,219
2020-07-01,"AQ Master wired x1","Atliq Exclusive",India,68
2020-07-01,"AQ Master wireless x1","Atliq Exclusive",India,108
2020-07-01,"AQ Master wireless x1","Atliq Exclusive",India,316
2020-07-01,"AQ Master wireless x1","Atliq Exclusive",India,236
2020-07-01,"AQ Master wireless x1","Atliq Exclusive",India,310
2020-07-01,"AQ Master wireless x1","Atliq Exclusive",India,293
2020-07-01,"AQ Master wireless x1","Atliq Exclusive",India,64
2020-07-01,"AQ Master wireless x1","Atliq Exclusive",India,77
2020-07-01,"AQ Master wireless x1","Atliq Exclusive",India,54
2020-07-01,"AQ Master wireless x1","Atliq Exclusive",India,129
2020-07-01,"AQ Master wireless x1","Atliq Exclusive",India,236
2020-07-01,"AQ Master wireless x1","Atliq Exclusive",India,51
2020-07-01,"AQ Master wireless x1","Atliq Exclusive",India,80
2020-07-01,"AQ Gamers ","Atliq Exclusive",India,118
2020-07-01,"AQ Gamers ","Atliq Exclusive",India,228
2020-07-01,"AQ Gamers ","Atliq Exclusive",India,244
2020-07-01,"AQ Gamers ","Atliq Exclusive",India,282
2020-07-01,"AQ Gamers ","Atliq Exclusive",India,182
2020-07-01,"AQ Gamers ","Atliq Exclusive",India,244
2020-07-01,"AQ Gamers ","Atliq Exclusive",India,217
2020-07-01,"AQ Gamers ","Atliq Exclusive",India,156
2020-07-01,"AQ Gamers ","Atliq Exclusive",India,267
2020-07-01,"AQ Gamers ","Atliq Exclusive",India,185
2020-07-01,"AQ Gamers ","Atliq Exclusive",India,52
2020-07-01,"AQ Gamers ","Atliq Exclusive",India,274
2020-07-01,"AQ Lite","Atliq Exclusive",India,104
2020-07-01,"AQ Lite","Atliq Exclusive",India,179
2020-07-01,"AQ Lite","Atliq Exclusive",India,134
2020-07-01,"AQ Lite","Atliq Exclusive",India,197
2020-07-01,"AQ Lite","Atliq Exclusive",India,83
2020-07-01,"AQ Lite","Atliq Exclusive",India,106
2020-07-01,"AQ Lite","Atliq Exclusive",India,130
2020-07-01,"AQ Lite","Atliq Exclusive",India,213
2020-07-01,"AQ Lite","Atliq Exclusive",India,120
2020-07-01,"AQ Lite","Atliq Exclusive",India,185
2020-07-01,"AQ Lite","Atliq Exclusive",India,35
2020-07-01,"AQ Lite","Atliq Exclusive",India,224
2020-07-01,"AQ Maxima","Atliq Exclusive",India,161
2020-07-01,"AQ Maxima","Atliq Exclusive",India,228
2020-07-01,"AQ Maxima","Atliq Exclusive",India,94
2020-07-01,"AQ Maxima","Atliq Exclusive",India,165
2020-07-01,"AQ Maxima","Atliq Exclusive",India,110
2020-07-01,"AQ Maxima","Atliq Exclusive",India,140
2020-07-01,"AQ Maxima","Atliq Exclusive",India,104
2020-07-01,"AQ Maxima","Atliq Exclusive",India,259
2020-07-01,"AQ LION x1","Atliq Exclusive",India,1
2020-07-01,"AQ LION x1","Atliq Exclusive",India,2
2020-07-01,"AQ LION x1","Atliq Exclusive",India,2
2020-07-01,"AQ LION x1","Atliq Exclusive",India,2
2020-07-01,"AQ LION x1","Atliq Exclusive",India,1
2020-07-01,"AQ LION x1","Atliq Exclusive",India,2
2020-07-01,"AQ LION x1","Atliq Exclusive",India,3
2020-07-01,"AQ LION x1","Atliq Exclusive",India,2
2020-07-01,"AQ LION x1","Atliq Exclusive",India,3
2020-07-01,"AQ LION x1","Atliq Exclusive",India,1
2020-07-01,"AQ LION x2","Atliq Exclusive",India,1
2020-07-01,"AQ LION x2","Atliq Exclusive",India,2
2020-07-01,"AQ LION x2","Atliq Exclusive",India,1
2020-07-01,"AQ LION x2","Atliq Exclusive",India,3
2020-07-01,"AQ LION x2","Atliq Exclusive",India,3
2020-07-01,"AQ LION x2","Atliq Exclusive",India,2
2020-07-01,"AQ LION x2","Atliq Exclusive",India,2
2020-07-01,"AQ LION x2","Atliq Exclusive",India,2
2020-07-01,"AQ LION x2","Atliq Exclusive",India,1
2020-07-01,"AQ LION x2","Atliq Exclusive",India,3
2020-07-01,"AQ LION x3","Atliq Exclusive",India,1
2020-07-01,"AQ LION x3","Atliq Exclusive",India,3
2020-07-01,"AQ LION x3","Atliq Exclusive",India,1
2020-07-01,"AQ LION x3","Atliq Exclusive",India,3
2020-07-01,"AQ LION x3","Atliq Exclusive",India,2
2020-07-01,"AQ LION x3","Atliq Exclusive",India,1
2020-07-01,"AQ LION x3","Atliq Exclusive",India,1
2020-07-01,"AQ LION x3","Atliq Exclusive",India,3
2020-07-01,"AQ LION x3","Atliq Exclusive",India,3
2020-07-01,"AQ LION x3","Atliq Exclusive",India,3
2020-07-01,"AQ Mx NB","Atliq Exclusive",India,3
2020-07-01,"AQ Mx NB","Atliq Exclusive",India,3
2020-07-01,"AQ Mx NB","Atliq Exclusive",India,2
2020-07-01,"AQ Mx NB","Atliq Exclusive",India,3
2020-07-01,"AQ Aspiron","Atliq Exclusive",India,8
2020-07-01,"AQ Aspiron","Atliq Exclusive",India,10
2020-07-01,"AQ Aspiron","Atliq Exclusive",India,6
2020-07-01,"AQ Aspiron","Atliq Exclusive",India,7
2020-07-01,"AQ Aspiron","Atliq Exclusive",India,8
2020-07-01,"AQ Aspiron","Atliq Exclusive",India,3
2020-07-01,"AQ Aspiron","Atliq Exclusive",India,11
2020-07-01,"AQ Aspiron","Atliq Exclusive",India,10
2020-07-01,"AQ Aspiron","Atliq Exclusive",India,7
2020-07-01,"AQ Aspiron","Atliq Exclusive",India,4
2020-07-01,"AQ Aspiron","Atliq Exclusive",India,11
2020-07-01,"AQ Aspiron","Atliq Exclusive",India,6
2020-07-01,"AQ Aspiron","Atliq Exclusive",India,12
2020-07-01,"AQ Aspiron","Atliq Exclusive",India,11
2020-07-01,"AQ Digit","Atliq Exclusive",India,3
2020-07-01,"AQ Digit","Atliq Exclusive",India,2
2020-07-01,"AQ Digit","Atliq Exclusive",India,11
2020-07-01,"AQ Digit","Atliq Exclusive",India,11
2020-07-01,"AQ Digit","Atliq Exclusive",India,5
2020-07-01,"AQ Digit","Atliq Exclusive",India,2
2020-07-01,"AQ Digit","Atliq Exclusive",India,4
2020-07-01,"AQ Digit","Atliq Exclusive",India,6
2020-07-01,"AQ Digit","Atliq Exclusive",India,7
2020-07-01,"AQ Digit","Atliq Exclusive",India,2
2020-07-01,"AQ Digit","Atliq Exclusive",India,8
2020-07-01,"AQ Digit","Atliq Exclusive",India,6
2020-07-01,"AQ Digit","Atliq Exclusive",India,12
2020-07-01,"AQ Digit","Atliq Exclusive",India,5
2020-07-01,"AQ Digit","Atliq Exclusive",India,4
2020-07-01,"AQ Digit","Atliq Exclusive",India,11
2020-07-01,"AQ Velocity","Atliq Exclusive",India,11
2020-07-01,"AQ Velocity","Atliq Exclusive",India,6
2020-07-01,"AQ Velocity","Atliq Exclusive",India,11
2020-07-01,"AQ Velocity","Atliq Exclusive",India,10
2020-07-01,"AQ Velocity","Atliq Exclusive",India,2
2020-07-01,"AQ Velocity","Atliq Exclusive",India,12
2020-07-01,"AQ Velocity","Atliq Exclusive",India,6
2020-07-01,"AQ Velocity","Atliq Exclusive",India,7
2020-07-01,"AQ Velocity","Atliq Exclusive",India,2
2020-07-01,"AQ Velocity","Atliq Exclusive",India,9
2020-07-01,"AQ Velocity","Atliq Exclusive",India,2
2020-07-01,"AQ Velocity","Atliq Exclusive",India,6
2020-07-01,"AQ Elite","Atliq Exclusive",India,10
2020-07-01,"AQ Elite","Atliq Exclusive",India,5
2020-07-01,"AQ Elite","Atliq Exclusive",India,11
2020-07-01,"AQ Elite","Atliq Exclusive",India,10
2020-07-01,"AQ Elite","Atliq Exclusive",India,4
2020-07-01,"AQ Elite","Atliq Exclusive",India,5
2020-07-01,"AQ Elite","Atliq Exclusive",India,2
2020-07-01,"AQ Elite","Atliq Exclusive",India,3
2020-07-01,"AQ Elite","Atliq Exclusive",India,3
2020-07-01,"AQ Elite","Atliq Exclusive",India,6
2020-07-01,"AQ Elite","Atliq Exclusive",India,6
2020-07-01,"AQ Elite","Atliq Exclusive",India,5
2020-07-01,"AQ Elite","Atliq Exclusive",India,2
2020-07-01,"AQ Elite","Atliq Exclusive",India,6
2020-07-01,"AQ Elite","Atliq Exclusive",India,3
2020-07-01,"AQ Elite","Atliq Exclusive",India,12
2020-07-01,"AQ Gen X","Atliq Exclusive",India,2
2020-07-01,"AQ Gen X","Atliq Exclusive",India,7
2020-07-01,"AQ Gen X","Atliq Exclusive",India,11
2020-07-01,"AQ Gen X","Atliq Exclusive",India,2
2020-07-01,"AQ Gen X","Atliq Exclusive",India,5
2020-07-01,"AQ Gen X","Atliq Exclusive",India,6
2020-07-01,"AQ Gen X","Atliq Exclusive",India,7
2020-07-01,"AQ Gen X","Atliq Exclusive",India,9
2020-07-01,"AQ BZ 101","Atliq Exclusive",India,6
2020-07-01,"AQ BZ 101","Atliq Exclusive",India,2
2020-07-01,"AQ BZ 101","Atliq Exclusive",India,7
2020-07-01,"AQ BZ 101","Atliq Exclusive",India,3
2020-07-01,"AQ BZ 101","Atliq Exclusive",India,3
2020-07-01,"AQ BZ 101","Atliq Exclusive",India,5
2020-07-01,"AQ BZ 101","Atliq Exclusive",India,6
2020-07-01,"AQ BZ 101","Atliq Exclusive",India,6
2020-07-01,"AQ BZ Compact","Atliq Exclusive",India,5
2020-07-01,"AQ BZ Compact","Atliq Exclusive",India,6
2020-07-01,"AQ BZ Compact","Atliq Exclusive",India,2
2020-07-01,"AQ BZ Compact","Atliq Exclusive",India,9
2020-07-01,"AQ BZ Compact","Atliq Exclusive",India,7
2020-07-01,"AQ BZ Compact","Atliq Exclusive",India,5
2020-07-01,"AQ BZ Compact","Atliq Exclusive",India,10
2020-07-01,"AQ BZ Compact","Atliq Exclusive",India,3
2020-07-01,"AQ BZ Compact","Atliq Exclusive",India,9
2020-07-01,"AQ BZ Compact","Atliq Exclusive",India,3
2020-07-01,"AQ BZ Compact","Atliq Exclusive",India,2
2020-07-01,"AQ BZ Compact","Atliq Exclusive",India,7
2020-07-01,"AQ BZ Compact","Atliq Exclusive",India,8
2020-07-01,"AQ BZ Compact","Atliq Exclusive",India,6
2020-07-01,"AQ BZ Compact","Atliq Exclusive",India,3
2020-07-01,"AQ BZ Compact","Atliq Exclusive",India,5
2020-07-01,"AQ BZ Gen Y","Atliq Exclusive",India,8
2020-07-01,"AQ BZ Gen Y","Atliq Exclusive",India,4
2020-07-01,"AQ BZ Gen Y","Atliq Exclusive",India,4
2020-07-01,"AQ BZ Gen Y","Atliq Exclusive",India,2
2020-07-01,"AQ BZ Gen Y","Atliq Exclusive",India,5
2020-07-01,"AQ BZ Gen Y","Atliq Exclusive",India,6
2020-07-01,"AQ BZ Gen Y","Atliq Exclusive",India,7
2020-07-01,"AQ BZ Gen Y","Atliq Exclusive",India,7
2020-07-01,"AQ BZ Gen Y","Atliq Exclusive",India,10
2020-07-01,"AQ BZ Gen Y","Atliq Exclusive",India,6
2020-07-01,"AQ BZ Gen Y","Atliq Exclusive",India,6
2020-07-01,"AQ BZ Gen Y","Atliq Exclusive",India,4
2020-07-01,"AQ BZ Gen Y","Atliq Exclusive",India,2
2020-07-01,"AQ BZ Gen Y","Atliq Exclusive",India,2
2020-07-01,"AQ BZ Gen Y","Atliq Exclusive",India,10
2020-07-01,"AQ BZ Gen Y","Atliq Exclusive",India,6
2020-07-01,"AQ BZ Gen Z","Atliq Exclusive",India,4
2020-07-01,"AQ BZ Gen Z","Atliq Exclusive",India,2
2020-07-01,"AQ BZ Gen Z","Atliq Exclusive",India,8
2020-07-01,"AQ BZ Gen Z","Atliq Exclusive",India,4
2020-07-01,"AQ BZ Gen Z","Atliq Exclusive",India,7
2020-07-01,"AQ BZ Gen Z","Atliq Exclusive",India,10
2020-07-01,"AQ BZ Gen Z","Atliq Exclusive",India,5
2020-07-01,"AQ BZ Gen Z","Atliq Exclusive",India,10
2020-07-01,"AQ BZ Gen Z","Atliq Exclusive",India,2
2020-07-01,"AQ BZ Gen Z","Atliq Exclusive",India,3
2020-07-01,"AQ BZ Gen Z","Atliq Exclusive",India,7
2020-07-01,"AQ BZ Gen Z","Atliq Exclusive",India,8
2020-07-01,"AQ Gamer 1","Atliq Exclusive",India,2
2020-07-01,"AQ Gamer 1","Atliq Exclusive",India,2
2020-07-01,"AQ Gamer 1","Atliq Exclusive",India,1
2020-07-01,"AQ Gamer 1","Atliq Exclusive",India,1
2020-07-01,"AQ Gamer 1","Atliq Exclusive",India,1
2020-07-01,"AQ Gamer 1","Atliq Exclusive",India,2
2020-07-01,"AQ Gamer 1","Atliq Exclusive",India,1
2020-07-01,"AQ Gamer 1","Atliq Exclusive",India,1
2020-07-01,"AQ Gamer 1","Atliq Exclusive",India,1
2020-07-01,"AQ Gamer 1","Atliq Exclusive",India,1
2020-07-01,"AQ Gamer 1","Atliq Exclusive",India,1
2020-07-01,"AQ Gamer 1","Atliq Exclusive",India,2
2020-07-01,"AQ Gamer 1","Atliq Exclusive",India,2
2020-07-01,"AQ Gamer 1","Atliq Exclusive",India,1
2020-07-01,"AQ Gamer 1","Atliq Exclusive",India,2
2020-07-01,"AQ Gamer 1","Atliq Exclusive",India,1
2020-07-01,"AQ Gamer 2","Atliq Exclusive",India,1
2020-07-01,"AQ Gamer 2","Atliq Exclusive",India,1
2020-07-01,"AQ Gamer 2","Atliq Exclusive",India,2
2020-07-01,"AQ Gamer 2","Atliq Exclusive",India,2
2020-07-01,"AQ Gamer 2","Atliq Exclusive",India,1
2020-07-01,"AQ Gamer 2","Atliq Exclusive",India,2
2020-07-01,"AQ Gamer 2","Atliq Exclusive",India,1
2020-07-01,"AQ Gamer 2","Atliq Exclusive",India,2
2020-07-01,"AQ Gamer 2","Atliq Exclusive",India,2
2020-07-01,"AQ Gamer 2","Atliq Exclusive",India,1
2020-07-01,"AQ Gamer 2","Atliq Exclusive",India,2
2020-07-01,"AQ Gamer 2","Atliq Exclusive",India,2
2020-07-01,"AQ Gamer 2","Atliq Exclusive",India,2
2020-07-01,"AQ Gamer 2","Atliq Exclusive",India,2
2020-07-01,"AQ Gamer 2","Atliq Exclusive",India,1
2020-07-01,"AQ Gamer 2","Atliq Exclusive",India,2
2020-07-01,"AQ Gamer 3","Atliq Exclusive",India,2
2020-07-01,"AQ Gamer 3","Atliq Exclusive",India,1
2020-07-01,"AQ Gamer 3","Atliq Exclusive",India,1
2020-07-01,"AQ Gamer 3","Atliq Exclusive",India,1
2020-07-01,"AQ Gamer 3","Atliq Exclusive",India,2
2020-07-01,"AQ Gamer 3","Atliq Exclusive",India,1
2020-07-01,"AQ Gamer 3","Atliq Exclusive",India,2
2020-07-01,"AQ Gamer 3","Atliq Exclusive",India,1
2020-07-01,"AQ Gamer 3","Atliq Exclusive",India,1
2020-07-01,"AQ Gamer 3","Atliq Exclusive",India,2
2020-07-01,"AQ Gamer 3","Atliq Exclusive",India,1
2020-07-01,"AQ Gamer 3","Atliq Exclusive",India,2
2020-07-01,"AQ Gamer 3","Atliq Exclusive",India,2
2020-07-01,"AQ Gamer 3","Atliq Exclusive",India,1
2020-07-01,"AQ Gamer 3","Atliq Exclusive",India,2
2020-07-01,"AQ Gamer 3","Atliq Exclusive",India,2
2020-07-01,"AQ Smash 1","Atliq Exclusive",India,2
2020-07-01,"AQ Smash 1","Atliq Exclusive",India,2
2020-07-01,"AQ Smash 1","Atliq Exclusive",India,2
2020-07-01,"AQ Smash 1","Atliq Exclusive",India,2
2020-07-01,"AQ Smash 1","Atliq Exclusive",India,1
2020-07-01,"AQ Smash 1","Atliq Exclusive",India,2
2020-07-01,"AQ Smash 1","Atliq Exclusive",India,2
2020-07-01,"AQ Smash 1","Atliq Exclusive",India,1
2020-07-01,"AQ Smash 1","Atliq Exclusive",India,1
2020-07-01,"AQ Smash 1","Atliq Exclusive",India,2
2020-07-01,"AQ Smash 1","Atliq Exclusive",India,1
2020-07-01,"AQ Smash 1","Atliq Exclusive",India,2
2020-07-01,"AQ Smash 1","Atliq Exclusive",India,1
2020-07-01,"AQ Smash 1","Atliq Exclusive",India,2
2020-07-01,"AQ Smash 1","Atliq Exclusive",India,2
2020-07-01,"AQ Smash 1","Atliq Exclusive",India,1
2020-07-01,"AQ Smash 2","Atliq Exclusive",India,1
2020-07-01,"AQ Smash 2","Atliq Exclusive",India,1
2020-07-01,"AQ Home Allin1","Atliq Exclusive",India,1
2020-07-01,"AQ Home Allin1","Atliq Exclusive",India,1
2020-07-01,"AQ Home Allin1","Atliq Exclusive",India,1
2020-07-01,"AQ Home Allin1","Atliq Exclusive",India,1
2020-07-01,"AQ Home Allin1","Atliq Exclusive",India,1
2020-07-01,"AQ Home Allin1","Atliq Exclusive",India,1
2020-07-01,"AQ Home Allin1","Atliq Exclusive",India,1
2020-07-01,"AQ Home Allin1","Atliq Exclusive",India,1
2020-07-01,"AQ Home Allin1","Atliq Exclusive",India,1
2020-07-01,"AQ Home Allin1","Atliq Exclusive",India,1
2020-07-01,"AQ Home Allin1","Atliq Exclusive",India,1
2020-07-01,"AQ Digit SSD","Atliq Exclusive",India,265
2020-07-01,"AQ Digit SSD","Atliq Exclusive",India,197
2020-07-01,"AQ Digit SSD","Atliq Exclusive",India,155
2020-07-01,"AQ Digit SSD","Atliq Exclusive",India,344
2020-07-01,"AQ Digit SSD","Atliq Exclusive",India,63
2020-07-01,"AQ Digit SSD","Atliq Exclusive",India,297
2020-07-01,"AQ Neuer SSD","Atliq Exclusive",India,63
2020-07-01,"AQ Neuer SSD","Atliq Exclusive",India,303
2020-07-01,"AQ Neuer SSD","Atliq Exclusive",India,110
2020-07-01,"AQ Neuer SSD","Atliq Exclusive",India,175
2020-07-01,"AQ Neuer SSD","Atliq Exclusive",India,313
2020-07-01,"AQ Neuer SSD","Atliq Exclusive",India,224
2020-07-01,"AQ Clx1","Atliq Exclusive",India,260
2020-07-01,"AQ Clx1","Atliq Exclusive",India,216
2020-07-01,"AQ Clx1","Atliq Exclusive",India,409
2020-07-01,"AQ Clx1","Atliq Exclusive",India,184
2020-07-01,"AQ Clx1","Atliq Exclusive",India,111
2020-07-01,"AQ Clx1","Atliq Exclusive",India,146
2020-07-01,"AQ Clx2","Atliq Exclusive",India,446
2020-07-01,"AQ Clx2","Atliq Exclusive",India,93
2020-07-01,"AQ Pen Drive 2 IN 1","Atliq Exclusive",India,413
2020-07-01,"AQ Pen Drive 2 IN 1","Atliq Exclusive",India,701
2020-07-01,"AQ Pen Drive DRC","Atliq Exclusive",India,567
2020-07-01,"AQ Pen Drive DRC","Atliq Exclusive",India,204
2020-07-01,"AQ Wi Power Dx1","Atliq Exclusive",India,209
2020-07-01,"AQ Wi Power Dx1","Atliq Exclusive",India,334
2020-07-01,"AQ Wi Power Dx1","Atliq Exclusive",India,78
2020-07-01,"AQ Wi Power Dx1","Atliq Exclusive",India,415
2020-07-01,"AQ Wi Power Dx1","Atliq Exclusive",India,296
2020-07-01,"AQ Wi Power Dx1","Atliq Exclusive",India,316
2020-07-01,"AQ Wi Power Dx2","Atliq Exclusive",India,143
2020-07-01,"AQ Wi Power Dx2","Atliq Exclusive",India,295
2020-07-01,"AQ Wi Power Dx2","Atliq Exclusive",India,223
2020-07-01,"AQ Wi Power Dx2","Atliq Exclusive",India,381
2020-07-01,"AQ Wi Power Dx2","Atliq Exclusive",India,298
2020-07-01,"AQ Wi Power Dx2","Atliq Exclusive",India,106
2020-08-01,"AQ Dracula HDD – 3.5 Inch SATA 6 Gb/s 5400 RPM 256 MB Cache","Atliq Exclusive",India,57
2020-08-01,"AQ Dracula HDD – 3.5 Inch SATA 6 Gb/s 5400 RPM 256 MB Cache","Atliq Exclusive",India,157
2020-08-01,"AQ Dracula HDD – 3.5 Inch SATA 6 Gb/s 5400 RPM 256 MB Cache","Atliq Exclusive",India,55
2020-08-01,"AQ Dracula HDD – 3.5 Inch SATA 6 Gb/s 5400 RPM 256 MB Cache","Atliq Exclusive",India,78
2020-08-01,"AQ WereWolf NAS Internal Hard Drive HDD – 8.89 cm","Atliq Exclusive",India,106
2020-08-01,"AQ WereWolf NAS Internal Hard Drive HDD – 8.89 cm","Atliq Exclusive",India,113
2020-08-01,"AQ WereWolf NAS Internal Hard Drive HDD – 8.89 cm","Atliq Exclusive",India,50
2020-08-01,"AQ Zion Saga","Atliq Exclusive",India,99
2020-08-01,"AQ Mforce Gen X","Atliq Exclusive",India,34
2020-08-01,"AQ Mforce Gen X","Atliq Exclusive",India,23
2020-08-01,"AQ Mforce Gen X","Atliq Exclusive",India,42
2020-08-01,"AQ Mforce Gen X","Atliq Exclusive",India,91
2020-08-01,"AQ Mforce Gen X","Atliq Exclusive",India,28
2020-08-01,"AQ Mforce Gen X","Atliq Exclusive",India,75
2020-08-01,"AQ Mforce Gen X","Atliq Exclusive",India,110
2020-08-01,"AQ Mforce Gen X","Atliq Exclusive",India,111
2020-08-01,"AQ Mforce Gen Y","Atliq Exclusive",India,45
2020-08-01,"AQ Mforce Gen Y","Atliq Exclusive",India,105
2020-08-01,"AQ Mforce Gen Y","Atliq Exclusive",India,99
2020-08-01,"AQ Mforce Gen Y","Atliq Exclusive",India,43
2020-08-01,"AQ Mforce Gen Y","Atliq Exclusive",India,96
2020-08-01,"AQ Mforce Gen Y","Atliq Exclusive",India,97
2020-08-01,"AQ Mforce Gen Y","Atliq Exclusive",India,64
2020-08-01,"AQ Mforce Gen Y","Atliq Exclusive",India,112
2020-08-01,"AQ Mforce Gen Z","Atliq Exclusive",India,43
2020-08-01,"AQ Mforce Gen Z","Atliq Exclusive",India,62
2020-08-01,"AQ Mforce Gen Z","Atliq Exclusive",India,119
2020-08-01,"AQ Mforce Gen Z","Atliq Exclusive",India,25
2020-08-01,"AQ Mforce Gen Z","Atliq Exclusive",India,35
2020-08-01,"AQ Mforce Gen Z","Atliq Exclusive",India,106
2020-08-01,"AQ Mforce Gen Z","Atliq Exclusive",India,79
2020-08-01,"AQ Mforce Gen Z","Atliq Exclusive",India,99
2020-08-01,"AQ GT 21","Atliq Exclusive",India,53
2020-08-01,"AQ GT 21","Atliq Exclusive",India,51
2020-08-01,"AQ 5000 Series Electron 9 5900X Desktop Processor","Atliq Exclusive",India,95
2020-08-01,"AQ 5000 Series Electron 9 5900X Desktop Processor","Atliq Exclusive",India,115
2020-08-01,"AQ 5000 Series Electron 9 5900X Desktop Processor","Atliq Exclusive",India,104
2020-08-01,"AQ 5000 Series Electron 8 5900X Desktop Processor","Atliq Exclusive",India,88
2020-08-01,"AQ 5000 Series Electron 8 5900X Desktop Processor","Atliq Exclusive",India,24
2020-08-01,"AQ 5000 Series Electron 8 5900X Desktop Processor","Atliq Exclusive",India,82
2020-08-01,"AQ 5000 Series Ultron 8 5900X Desktop Processor","Atliq Exclusive",India,105
2020-08-01,"AQ 5000 Series Ultron 8 5900X Desktop Processor","Atliq Exclusive",India,74
2020-08-01,"AQ 5000 Series Ultron 8 5900X Desktop Processor","Atliq Exclusive",India,13
2020-08-01,"AQ Electron 5 3600 Desktop Processor","Atliq Exclusive",India,118
2020-08-01,"AQ Electron 5 3600 Desktop Processor","Atliq Exclusive",India,63
2020-08-01,"AQ Electron 5 3600 Desktop Processor","Atliq Exclusive",India,113
2020-08-01,"AQ Electron 4 3600 Desktop Processor","Atliq Exclusive",India,89
2020-08-01,"AQ MB Elite","Atliq Exclusive",India,15
2020-08-01,"AQ MB Elite","Atliq Exclusive",India,6
2020-08-01,"AQ MB Elite","Atliq Exclusive",India,4
2020-08-01,"AQ MB Elite","Atliq Exclusive",India,15
2020-08-01,"AQ MB Crossx","Atliq Exclusive",India,7
2020-08-01,"AQ MB Crossx","Atliq Exclusive",India,9
2020-08-01,"AQ MB Crossx","Atliq Exclusive",India,34
2020-08-01,"AQ MB Crossx","Atliq Exclusive",India,31
2020-08-01,"AQ MB Crossx 2","Atliq Exclusive",India,26
2020-08-01,"AQ MB Crossx 2","Atliq Exclusive",India,6
2020-08-01,"AQ MB Crossx 2","Atliq Exclusive",India,35
2020-08-01,"AQ MB Crossx 2","Atliq Exclusive",India,18
2020-08-01,"AQ Master wired x1 Ms","Atliq Exclusive",India,678
2020-08-01,"AQ Master wired x1 Ms","Atliq Exclusive",India,436
2020-08-01,"AQ Master wired x1 Ms","Atliq Exclusive",India,694
2020-08-01,"AQ Master wired x1 Ms","Atliq Exclusive",India,540
2020-08-01,"AQ Master wired x1 Ms","Atliq Exclusive",India,325
2020-08-01,"AQ Master wired x1 Ms","Atliq Exclusive",India,258
2020-08-01,"AQ Master wireless x1 Ms","Atliq Exclusive",India,275
2020-08-01,"AQ Master wireless x1 Ms","Atliq Exclusive",India,265
2020-08-01,"AQ Master wireless x1 Ms","Atliq Exclusive",India,562
2020-08-01,"AQ Master wireless x1 Ms","Atliq Exclusive",India,644
2020-08-01,"AQ Master wireless x1 Ms","Atliq Exclusive",India,390
2020-08-01,"AQ Master wireless x1 Ms","Atliq Exclusive",India,311
2020-08-01,"AQ Gamers Ms","Atliq Exclusive",India,269
2020-08-01,"AQ Gamers Ms","Atliq Exclusive",India,662
2020-08-01,"AQ Gamers Ms","Atliq Exclusive",India,500
2020-08-01,"AQ Gamers Ms","Atliq Exclusive",India,670
2020-08-01,"AQ Gamers Ms","Atliq Exclusive",India,327
2020-08-01,"AQ Gamers Ms","Atliq Exclusive",India,314
2020-08-01,"AQ Lite Ms","Atliq Exclusive",India,517
2020-08-01,"AQ Lite Ms","Atliq Exclusive",India,490
2020-08-01,"AQ Lite Ms","Atliq Exclusive",India,412
2020-08-01,"AQ Lite Ms","Atliq Exclusive",India,223
2020-08-01,"AQ Lite Ms","Atliq Exclusive",India,405
2020-08-01,"AQ Lite Ms","Atliq Exclusive",India,468
2020-08-01,"AQ Master wired x1","Atliq Exclusive",India,559
2020-08-01,"AQ Master wired x1","Atliq Exclusive",India,134
2020-08-01,"AQ Master wired x1","Atliq Exclusive",India,194
2020-08-01,"AQ Master wired x1","Atliq Exclusive",India,495
2020-08-01,"AQ Master wired x1","Atliq Exclusive",India,331
2020-08-01,"AQ Master wired x1","Atliq Exclusive",India,165
2020-08-01,"AQ Master wireless x1","Atliq Exclusive",India,113
2020-08-01,"AQ Master wireless x1","Atliq Exclusive",India,483
2020-08-01,"AQ Master wireless x1","Atliq Exclusive",India,350
2020-08-01,"AQ Master wireless x1","Atliq Exclusive",India,79
2020-08-01,"AQ Master wireless x1","Atliq Exclusive",India,281
2020-08-01,"AQ Master wireless x1","Atliq Exclusive",India,407
2020-08-01,"AQ Gamers ","Atliq Exclusive",India,480
2020-08-01,"AQ Gamers ","Atliq Exclusive",India,467
2020-08-01,"AQ Gamers ","Atliq Exclusive",India,439
2020-08-01,"AQ Gamers ","Atliq Exclusive",India,452
2020-08-01,"AQ Gamers ","Atliq Exclusive",India,339
2020-08-01,"AQ Gamers ","Atliq Exclusive",India,505
2020-08-01,"AQ Lite","Atliq Exclusive",India,63
2020-08-01,"AQ Lite","Atliq Exclusive",India,536
2020-08-01,"AQ Lite","Atliq Exclusive",India,416
2020-08-01,"AQ Lite","Atliq Exclusive",India,89
2020-08-01,"AQ Lite","Atliq Exclusive",India,305
2020-08-01,"AQ Lite","Atliq Exclusive",India,289
2020-08-01,"AQ Maxima","Atliq Exclusive",India,430
2020-08-01,"AQ Maxima","Atliq Exclusive",India,172
2020-08-01,"AQ Maxima","Atliq Exclusive",India,73
2020-08-01,"AQ Maxima","Atliq Exclusive",India,302
2020-08-01,"AQ LION x1","Atliq Exclusive",India,5
2020-08-01,"AQ LION x1","Atliq Exclusive",India,3
2020-08-01,"AQ LION x1","Atliq Exclusive",India,3
2020-08-01,"AQ LION x1","Atliq Exclusive",India,5
2020-08-01,"AQ LION x1","Atliq Exclusive",India,3
2020-08-01,"AQ LION x2","Atliq Exclusive",India,6
2020-08-01,"AQ LION x2","Atliq Exclusive",India,5
2020-08-01,"AQ LION x2","Atliq Exclusive",India,6
2020-08-01,"AQ LION x2","Atliq Exclusive",India,2
2020-08-01,"AQ LION x2","Atliq Exclusive",India,3
2020-08-01,"AQ LION x3","Atliq Exclusive",India,3
2020-08-01,"AQ LION x3","Atliq Exclusive",India,5
2020-08-01,"AQ LION x3","Atliq Exclusive",India,2
2020-08-01,"AQ LION x3","Atliq Exclusive",India,4
2020-08-01,"AQ LION x3","Atliq Exclusive",India,2
2020-08-01,"AQ Mx NB","Atliq Exclusive",India,6
2020-08-01,"AQ Mx NB","Atliq Exclusive",India,4
2020-08-01,"AQ Aspiron","Atliq Exclusive",India,13
2020-08-01,"AQ Aspiron","Atliq Exclusive",India,15
2020-08-01,"AQ Aspiron","Atliq Exclusive",India,21
2020-08-01,"AQ Aspiron","Atliq Exclusive",India,18
2020-08-01,"AQ Aspiron","Atliq Exclusive",India,19
2020-08-01,"AQ Aspiron","Atliq Exclusive",India,6
2020-08-01,"AQ Aspiron","Atliq Exclusive",India,22
2020-08-01,"AQ Digit","Atliq Exclusive",India,10
2020-08-01,"AQ Digit","Atliq Exclusive",India,17
2020-08-01,"AQ Digit","Atliq Exclusive",India,14
2020-08-01,"AQ Digit","Atliq Exclusive",India,13
2020-08-01,"AQ Digit","Atliq Exclusive",India,20
2020-08-01,"AQ Digit","Atliq Exclusive",India,15
2020-08-01,"AQ Digit","Atliq Exclusive",India,18
2020-08-01,"AQ Digit","Atliq Exclusive",India,6
2020-08-01,"AQ Velocity","Atliq Exclusive",India,5
2020-08-01,"AQ Velocity","Atliq Exclusive",India,14
2020-08-01,"AQ Velocity","Atliq Exclusive",India,19
2020-08-01,"AQ Velocity","Atliq Exclusive",India,17
2020-08-01,"AQ Velocity","Atliq Exclusive",India,20
2020-08-01,"AQ Velocity","Atliq Exclusive",India,20
2020-08-01,"AQ Elite","Atliq Exclusive",India,15
2020-08-01,"AQ Elite","Atliq Exclusive",India,16
2020-08-01,"AQ Elite","Atliq Exclusive",India,15
2020-08-01,"AQ Elite","Atliq Exclusive",India,19
2020-08-01,"AQ Elite","Atliq Exclusive",India,5
2020-08-01,"AQ Elite","Atliq Exclusive",India,10
2020-08-01,"AQ Elite","Atliq Exclusive",India,22
2020-08-01,"AQ Elite","Atliq Exclusive",India,14
2020-08-01,"AQ Gen X","Atliq Exclusive",India,7
2020-08-01,"AQ Gen X","Atliq Exclusive",India,13
2020-08-01,"AQ Gen X","Atliq Exclusive",India,10
2020-08-01,"AQ Gen X","Atliq Exclusive",India,11
2020-08-01,"AQ BZ 101","Atliq Exclusive",India,13
2020-08-01,"AQ BZ 101","Atliq Exclusive",India,13
2020-08-01,"AQ BZ 101","Atliq Exclusive",India,9
2020-08-01,"AQ BZ 101","Atliq Exclusive",India,10
2020-08-01,"AQ BZ Compact","Atliq Exclusive",India,6
2020-08-01,"AQ BZ Compact","Atliq Exclusive",India,17
2020-08-01,"AQ BZ Compact","Atliq Exclusive",India,3
2020-08-01,"AQ BZ Compact","Atliq Exclusive",India,15
2020-08-01,"AQ BZ Compact","Atliq Exclusive",India,13
2020-08-01,"AQ BZ Compact","Atliq Exclusive",India,4
2020-08-01,"AQ BZ Compact","Atliq Exclusive",India,10
2020-08-01,"AQ BZ Compact","Atliq Exclusive",India,8
2020-08-01,"AQ BZ Gen Y","Atliq Exclusive",India,14
2020-08-01,"AQ BZ Gen Y","Atliq Exclusive",India,7
2020-08-01,"AQ BZ Gen Y","Atliq Exclusive",India,11
2020-08-01,"AQ BZ Gen Y","Atliq Exclusive",India,16
2020-08-01,"AQ BZ Gen Y","Atliq Exclusive",India,5
2020-08-01,"AQ BZ Gen Y","Atliq Exclusive",India,17
2020-08-01,"AQ BZ Gen Y","Atliq Exclusive",India,9
2020-08-01,"AQ BZ Gen Y","Atliq Exclusive",India,17
2020-08-01,"AQ BZ Gen Z","Atliq Exclusive",India,16
2020-08-01,"AQ BZ Gen Z","Atliq Exclusive",India,4
2020-08-01,"AQ BZ Gen Z","Atliq Exclusive",India,5
2020-08-01,"AQ BZ Gen Z","Atliq Exclusive",India,11
2020-08-01,"AQ BZ Gen Z","Atliq Exclusive",India,17
2020-08-01,"AQ BZ Gen Z","Atliq Exclusive",India,10
2020-08-01,"AQ Gamer 1","Atliq Exclusive",India,1
2020-08-01,"AQ Gamer 1","Atliq Exclusive",India,3
2020-08-01,"AQ Gamer 1","Atliq Exclusive",India,4
2020-08-01,"AQ Gamer 1","Atliq Exclusive",India,4
2020-08-01,"AQ Gamer 1","Atliq Exclusive",India,3
2020-08-01,"AQ Gamer 1","Atliq Exclusive",India,4
2020-08-01,"AQ Gamer 1","Atliq Exclusive",India,2
2020-08-01,"AQ Gamer 1","Atliq Exclusive",India,2
2020-08-01,"AQ Gamer 2","Atliq Exclusive",India,4
2020-08-01,"AQ Gamer 2","Atliq Exclusive",India,4
2020-08-01,"AQ Gamer 2","Atliq Exclusive",India,4
2020-08-01,"AQ Gamer 2","Atliq Exclusive",India,3
2020-08-01,"AQ Gamer 2","Atliq Exclusive",India,2
2020-08-01,"AQ Gamer 2","Atliq Exclusive",India,4
2020-08-01,"AQ Gamer 2","Atliq Exclusive",India,2
2020-08-01,"AQ Gamer 2","Atliq Exclusive",India,1
2020-08-01,"AQ Gamer 3","Atliq Exclusive",India,1
2020-08-01,"AQ Gamer 3","Atliq Exclusive",India,2
2020-08-01,"AQ Gamer 3","Atliq Exclusive",India,2
2020-08-01,"AQ Gamer 3","Atliq Exclusive",India,4
2020-08-01,"AQ Gamer 3","Atliq Exclusive",India,2
2020-08-01,"AQ Gamer 3","Atliq Exclusive",India,1
2020-08-01,"AQ Gamer 3","Atliq Exclusive",India,2
2020-08-01,"AQ Gamer 3","Atliq Exclusive",India,1
2020-08-01,"AQ Smash 1","Atliq Exclusive",India,1
2020-08-01,"AQ Smash 1","Atliq Exclusive",India,3
2020-08-01,"AQ Smash 1","Atliq Exclusive",India,3
2020-08-01,"AQ Smash 1","Atliq Exclusive",India,1
2020-08-01,"AQ Smash 1","Atliq Exclusive",India,4
2020-08-01,"AQ Smash 1","Atliq Exclusive",India,1
2020-08-01,"AQ Smash 1","Atliq Exclusive",India,3
2020-08-01,"AQ Smash 1","Atliq Exclusive",India,1
2020-08-01,"AQ Smash 2","Atliq Exclusive",India,2
2020-08-01,"AQ Home Allin1","Atliq Exclusive",India,1
2020-08-01,"AQ Home Allin1","Atliq Exclusive",India,1
2020-08-01,"AQ Home Allin1","Atliq Exclusive",India,1
2020-08-01,"AQ Home Allin1","Atliq Exclusive",India,1
2020-08-01,"AQ Home Allin1","Atliq Exclusive",India,1
2020-08-01,"AQ Digit SSD","Atliq Exclusive",India,338
2020-08-01,"AQ Digit SSD","Atliq Exclusive",India,575
2020-08-01,"AQ Digit SSD","Atliq Exclusive",India,517
2020-08-01,"AQ Neuer SSD","Atliq Exclusive",India,719
2020-08-01,"AQ Neuer SSD","Atliq Exclusive",India,432
2020-08-01,"AQ Neuer SSD","Atliq Exclusive",India,410
2020-08-01,"AQ Clx1","Atliq Exclusive",India,496
2020-08-01,"AQ Clx1","Atliq Exclusive",India,304
2020-08-01,"AQ Clx1","Atliq Exclusive",India,748
2020-08-01,"AQ Clx2","Atliq Exclusive",India,544
2020-08-01,"AQ Pen Drive 2 IN 1","Atliq Exclusive",India,786
2020-08-01,"AQ Pen Drive DRC","Atliq Exclusive",India,456
2020-08-01,"AQ Wi Power Dx1","Atliq Exclusive",India,744
2020-08-01,"AQ Wi Power Dx1","Atliq Exclusive",India,218
2020-08-01,"AQ Wi Power Dx1","Atliq Exclusive",India,120
2020-08-01,"AQ Wi Power Dx2","Atliq Exclusive",India,732
2020-08-01,"AQ Wi Power Dx2","Atliq Exclusive",India,187
2020-08-01,"AQ Wi Power Dx2","Atliq Exclusive",India,534
2020-09-01,"AQ Dracula HDD – 3.5 Inch SATA 6 Gb/s 5400 RPM 256 MB Cache","Atliq Exclusive",India,248
2020-09-01,"AQ Dracula HDD – 3.5 Inch SATA 6 Gb/s 5400 RPM 256 MB Cache","Atliq Exclusive",India,144
2020-09-01,"AQ Dracula HDD – 3.5 Inch SATA 6 Gb/s 5400 RPM 256 MB Cache","Atliq Exclusive",India,42
2020-09-01,"AQ Dracula HDD – 3.5 Inch SATA 6 Gb/s 5400 RPM 256 MB Cache","Atliq Exclusive",India,202
2020-09-01,"AQ Dracula HDD – 3.5 Inch SATA 6 Gb/s 5400 RPM 256 MB Cache","Atliq Exclusive",India,166
2020-09-01,"AQ Dracula HDD – 3.5 Inch SATA 6 Gb/s 5400 RPM 256 MB Cache","Atliq Exclusive",India,78
2020-09-01,"AQ Dracula HDD – 3.5 Inch SATA 6 Gb/s 5400 RPM 256 MB Cache","Atliq Exclusive",India,83
2020-09-01,"AQ Dracula HDD – 3.5 Inch SATA 6 Gb/s 5400 RPM 256 MB Cache","Atliq Exclusive",India,196
2020-09-01,"AQ WereWolf NAS Internal Hard Drive HDD – 8.89 cm","Atliq Exclusive",India,94
2020-09-01,"AQ WereWolf NAS Internal Hard Drive HDD – 8.89 cm","Atliq Exclusive",India,170
2020-09-01,"AQ WereWolf NAS Internal Hard Drive HDD – 8.89 cm","Atliq Exclusive",India,242
2020-09-01,"AQ WereWolf NAS Internal Hard Drive HDD – 8.89 cm","Atliq Exclusive",India,195
2020-09-01,"AQ WereWolf NAS Internal Hard Drive HDD – 8.89 cm","Atliq Exclusive",India,134
2020-09-01,"AQ WereWolf NAS Internal Hard Drive HDD – 8.89 cm","Atliq Exclusive",India,106
2020-09-01,"AQ Zion Saga","Atliq Exclusive",India,108
2020-09-01,"AQ Zion Saga","Atliq Exclusive",India,159
2020-09-01,"AQ Zion Saga","Atliq Exclusive",India,223
2020-09-01,"AQ Zion Saga","Atliq Exclusive",India,230
2020-09-01,"AQ Zion Saga","Atliq Exclusive",India,234
2020-09-01,"AQ Zion Saga","Atliq Exclusive",India,153
2020-09-01,"AQ Mforce Gen X","Atliq Exclusive",India,119
2020-09-01,"AQ Mforce Gen X","Atliq Exclusive",India,53
2020-09-01,"AQ Mforce Gen X","Atliq Exclusive",India,64
2020-09-01,"AQ Mforce Gen X","Atliq Exclusive",India,148
2020-09-01,"AQ Mforce Gen X","Atliq Exclusive",India,23
2020-09-01,"AQ Mforce Gen X","Atliq Exclusive",India,168
2020-09-01,"AQ Mforce Gen X","Atliq Exclusive",India,37
2020-09-01,"AQ Mforce Gen X","Atliq Exclusive",India,98
2020-09-01,"AQ Mforce Gen Y","Atliq Exclusive",India,170
2020-09-01,"AQ Mforce Gen Y","Atliq Exclusive",India,108
2020-09-01,"AQ Mforce Gen Y","Atliq Exclusive",India,42
2020-09-01,"AQ Mforce Gen Y","Atliq Exclusive",India,144
2020-09-01,"AQ Mforce Gen Y","Atliq Exclusive",India,160
2020-09-01,"AQ Mforce Gen Y","Atliq Exclusive",India,39
2020-09-01,"AQ Mforce Gen Y","Atliq Exclusive",India,67
2020-09-01,"AQ Mforce Gen Y","Atliq Exclusive",India,122
2020-09-01,"AQ Mforce Gen Y","Atliq Exclusive",India,122
2020-09-01,"AQ Mforce Gen Y","Atliq Exclusive",India,161
2020-09-01,"AQ Mforce Gen Y","Atliq Exclusive",India,145
2020-09-01,"AQ Mforce Gen Y","Atliq Exclusive",India,90
2020-09-01,"AQ Mforce Gen Y","Atliq Exclusive",India,182
2020-09-01,"AQ Mforce Gen Y","Atliq Exclusive",India,81
2020-09-01,"AQ Mforce Gen Y","Atliq Exclusive",India,193
2020-09-01,"AQ Mforce Gen Y","Atliq Exclusive",India,144
2020-09-01,"AQ Mforce Gen Z","Atliq Exclusive",India,112
2020-09-01,"AQ Mforce Gen Z","Atliq Exclusive",India,145
2020-09-01,"AQ Mforce Gen Z","Atliq Exclusive",India,77
2020-09-01,"AQ Mforce Gen Z","Atliq Exclusive",India,93
2020-09-01,"AQ Mforce Gen Z","Atliq Exclusive",India,62
2020-09-01,"AQ Mforce Gen Z","Atliq Exclusive",India,165
2020-09-01,"AQ Mforce Gen Z","Atliq Exclusive",India,100
2020-09-01,"AQ Mforce Gen Z","Atliq Exclusive",India,125
2020-09-01,"AQ Mforce Gen Z","Atliq Exclusive",India,170
2020-09-01,"AQ Mforce Gen Z","Atliq Exclusive",India,141
2020-09-01,"AQ Mforce Gen Z","Atliq Exclusive",India,157
2020-09-01,"AQ Mforce Gen Z","Atliq Exclusive",India,39
2020-09-01,"AQ Mforce Gen Z","Atliq Exclusive",India,58
2020-09-01,"AQ Mforce Gen Z","Atliq Exclusive",India,124
2020-09-01,"AQ Mforce Gen Z","Atliq Exclusive",India,182
2020-09-01,"AQ Mforce Gen Z","Atliq Exclusive",India,63
2020-09-01,"AQ GT 21","Atliq Exclusive",India,82
2020-09-01,"AQ GT 21","Atliq Exclusive",India,49
2020-09-01,"AQ GT 21","Atliq Exclusive",India,37
2020-09-01,"AQ GT 21","Atliq Exclusive",India,67
2020-09-01,"AQ GT 21","Atliq Exclusive",India,131
2020-09-01,"AQ GT 21","Atliq Exclusive",India,88
2020-09-01,"AQ GT 21","Atliq Exclusive",India,61
2020-09-01,"AQ GT 21","Atliq Exclusive",India,106
2020-09-01,"AQ Marquee P3","Atliq Exclusive",India,116
2020-09-01,"AQ Marquee P3","Atliq Exclusive",India,169
2020-09-01,"AQ Marquee P3","Atliq Exclusive",India,196
2020-09-01,"AQ Marquee P3","Atliq Exclusive",India,90
2020-09-01,"AQ Marquee P3","Atliq Exclusive",India,104
2020-09-01,"AQ Marquee P3","Atliq Exclusive",India,154
2020-09-01,"AQ Marquee P3","Atliq Exclusive",India,167
2020-09-01,"AQ Marquee P3","Atliq Exclusive",India,83
2020-09-01,"AQ Marquee P4","Atliq Exclusive",India,134
2020-09-01,"AQ Marquee P4","Atliq Exclusive",India,90
2020-09-01,"AQ 5000 Series Electron 9 5900X Desktop Processor","Atliq Exclusive",India,40
2020-09-01,"AQ 5000 Series Electron 9 5900X Desktop Processor","Atliq Exclusive",India,81
2020-09-01,"AQ 5000 Series Electron 9 5900X Desktop Processor","Atliq Exclusive",India,119
2020-09-01,"AQ 5000 Series Electron 9 5900X Desktop Processor","Atliq Exclusive",India,57
2020-09-01,"AQ 5000 Series Electron 9 5900X Desktop Processor","Atliq Exclusive",India,97
2020-09-01,"AQ 5000 Series Electron 9 5900X Desktop Processor","Atliq Exclusive",India,81
2020-09-01,"AQ 5000 Series Electron 8 5900X Desktop Processor","Atliq Exclusive",India,131
2020-09-01,"AQ 5000 Series Electron 8 5900X Desktop Processor","Atliq Exclusive",India,151
2020-09-01,"AQ 5000 Series Electron 8 5900X Desktop Processor","Atliq Exclusive",India,97
2020-09-01,"AQ 5000 Series Electron 8 5900X Desktop Processor","Atliq Exclusive",India,146
2020-09-01,"AQ 5000 Series Electron 8 5900X Desktop Processor","Atliq Exclusive",India,99
2020-09-01,"AQ 5000 Series Electron 8 5900X Desktop Processor","Atliq Exclusive",India,74
2020-09-01,"AQ 5000 Series Ultron 8 5900X Desktop Processor","Atliq Exclusive",India,202
2020-09-01,"AQ 5000 Series Ultron 8 5900X Desktop Processor","Atliq Exclusive",India,50
2020-09-01,"AQ 5000 Series Ultron 8 5900X Desktop Processor","Atliq Exclusive",India,70
2020-09-01,"AQ 5000 Series Ultron 8 5900X Desktop Processor","Atliq Exclusive",India,75
2020-09-01,"AQ 5000 Series Ultron 8 5900X Desktop Processor","Atliq Exclusive",India,203
2020-09-01,"AQ 5000 Series Ultron 8 5900X Desktop Processor","Atliq Exclusive",India,121
2020-09-01,"AQ Electron 5 3600 Desktop Processor","Atliq Exclusive",India,89
2020-09-01,"AQ Electron 5 3600 Desktop Processor","Atliq Exclusive",India,102
2020-09-01,"AQ Electron 5 3600 Desktop Processor","Atliq Exclusive",India,59
2020-09-01,"AQ Electron 5 3600 Desktop Processor","Atliq Exclusive",India,32
2020-09-01,"AQ Electron 5 3600 Desktop Processor","Atliq Exclusive",India,133
2020-09-01,"AQ Electron 5 3600 Desktop Processor","Atliq Exclusive",India,202
2020-09-01,"AQ Electron 4 3600 Desktop Processor","Atliq Exclusive",India,183
2020-09-01,"AQ Electron 4 3600 Desktop Processor","Atliq Exclusive",India,63
2020-09-01,"AQ Electron 4 3600 Desktop Processor","Atliq Exclusive",India,132
2020-09-01,"AQ Electron 4 3600 Desktop Processor","Atliq Exclusive",India,110
2020-09-01,"AQ Electron 4 3600 Desktop Processor","Atliq Exclusive",India,148
2020-09-01,"AQ Electron 4 3600 Desktop Processor","Atliq Exclusive",India,39
2020-09-01,"AQ Electron 3 3600 Desktop Processor","Atliq Exclusive",India,193
2020-09-01,"AQ Electron 3 3600 Desktop Processor","Atliq Exclusive",India,204
2020-09-01,"AQ Electron 3 3600 Desktop Processor","Atliq Exclusive",India,33
2020-09-01,"AQ Electron 3 3600 Desktop Processor","Atliq Exclusive",India,48
2020-09-01,"AQ MB Elite","Atliq Exclusive",India,136
2020-09-01,"AQ MB Elite","Atliq Exclusive",India,64
2020-09-01,"AQ MB Elite","Atliq Exclusive",India,129
2020-09-01,"AQ MB Elite","Atliq Exclusive",India,97
2020-09-01,"AQ MB Elite","Atliq Exclusive",India,118
2020-09-01,"AQ MB Elite","Atliq Exclusive",India,28
2020-09-01,"AQ MB Elite","Atliq Exclusive",India,77
2020-09-01,"AQ MB Elite","Atliq Exclusive",India,117
2020-09-01,"AQ MB Crossx","Atliq Exclusive",India,55
2020-09-01,"AQ MB Crossx","Atliq Exclusive",India,99
2020-09-01,"AQ MB Crossx","Atliq Exclusive",India,143
2020-09-01,"AQ MB Crossx","Atliq Exclusive",India,119
2020-09-01,"AQ MB Crossx","Atliq Exclusive",India,113
2020-09-01,"AQ MB Crossx","Atliq Exclusive",India,127
2020-09-01,"AQ MB Crossx","Atliq Exclusive",India,88
2020-09-01,"AQ MB Crossx","Atliq Exclusive",India,26
2020-09-01,"AQ MB Crossx 2","Atliq Exclusive",India,134
2020-09-01,"AQ MB Crossx 2","Atliq Exclusive",India,18
2020-09-01,"AQ MB Crossx 2","Atliq Exclusive",India,31
2020-09-01,"AQ MB Crossx 2","Atliq Exclusive",India,118
2020-09-01,"AQ MB Crossx 2","Atliq Exclusive",India,53
2020-09-01,"AQ MB Crossx 2","Atliq Exclusive",India,37
2020-09-01,"AQ MB Crossx 2","Atliq Exclusive",India,30
2020-09-01,"AQ MB Crossx 2","Atliq Exclusive",India,142
2020-09-01,"AQ MB Lito","Atliq Exclusive",India,55
2020-09-01,"AQ MB Lito","Atliq Exclusive",India,130
2020-09-01,"AQ MB Lito","Atliq Exclusive",India,54
2020-09-01,"AQ MB Lito","Atliq Exclusive",India,70
2020-09-01,"AQ MB Lito","Atliq Exclusive",India,77
2020-09-01,"AQ MB Lito","Atliq Exclusive",India,27
2020-09-01,"AQ MB Lito","Atliq Exclusive",India,138
2020-09-01,"AQ MB Lito","Atliq Exclusive",India,123
2020-09-01,"AQ MB Lito 2","Atliq Exclusive",India,112
2020-09-01,"AQ MB Lito 2","Atliq Exclusive",India,25
2020-09-01,"AQ MB Lito 2","Atliq Exclusive",India,18
2020-09-01,"AQ MB Lito 2","Atliq Exclusive",India,26
2020-09-01,"AQ MB Lito 2","Atliq Exclusive",India,61
2020-09-01,"AQ MB Lito 2","Atliq Exclusive",India,46
2020-09-01,"AQ Master wired x1 Ms","Atliq Exclusive",India,158
2020-09-01,"AQ Master wired x1 Ms","Atliq Exclusive",India,768
2020-09-01,"AQ Master wired x1 Ms","Atliq Exclusive",India,227
2020-09-01,"AQ Master wired x1 Ms","Atliq Exclusive",India,514
2020-09-01,"AQ Master wired x1 Ms","Atliq Exclusive",India,356
2020-09-01,"AQ Master wired x1 Ms","Atliq Exclusive",India,141
2020-09-01,"AQ Master wired x1 Ms","Atliq Exclusive",India,447
2020-09-01,"AQ Master wired x1 Ms","Atliq Exclusive",India,576
2020-09-01,"AQ Master wired x1 Ms","Atliq Exclusive",India,347
2020-09-01,"AQ Master wired x1 Ms","Atliq Exclusive",India,651
2020-09-01,"AQ Master wired x1 Ms","Atliq Exclusive",India,254
2020-09-01,"AQ Master wired x1 Ms","Atliq Exclusive",India,826
2020-09-01,"AQ Master wireless x1 Ms","Atliq Exclusive",India,480
2020-09-01,"AQ Master wireless x1 Ms","Atliq Exclusive",India,697
2020-09-01,"AQ Master wireless x1 Ms","Atliq Exclusive",India,792
2020-09-01,"AQ Master wireless x1 Ms","Atliq Exclusive",India,491
2020-09-01,"AQ Master wireless x1 Ms","Atliq Exclusive",India,433
2020-09-01,"AQ Master wireless x1 Ms","Atliq Exclusive",India,204
2020-09-01,"AQ Master wireless x1 Ms","Atliq Exclusive",India,252
2020-09-01,"AQ Master wireless x1 Ms","Atliq Exclusive",India,774
2020-09-01,"AQ Master wireless x1 Ms","Atliq Exclusive",India,788
2020-09-01,"AQ Master wireless x1 Ms","Atliq Exclusive",India,414
2020-09-01,"AQ Master wireless x1 Ms","Atliq Exclusive",India,262
2020-09-01,"AQ Master wireless x1 Ms","Atliq Exclusive",India,807
2020-09-01,"AQ Gamers Ms","Atliq Exclusive",India,187
2020-09-01,"AQ Gamers Ms","Atliq Exclusive",India,235
2020-09-01,"AQ Gamers Ms","Atliq Exclusive",India,1038
2020-09-01,"AQ Gamers Ms","Atliq Exclusive",India,229
2020-09-01,"AQ Gamers Ms","Atliq Exclusive",India,612
2020-09-01,"AQ Gamers Ms","Atliq Exclusive",India,545
2020-09-01,"AQ Gamers Ms","Atliq Exclusive",India,119
2020-09-01,"AQ Gamers Ms","Atliq Exclusive",India,913
2020-09-01,"AQ Gamers Ms","Atliq Exclusive",India,414
2020-09-01,"AQ Gamers Ms","Atliq Exclusive",India,1030
2020-09-01,"AQ Gamers Ms","Atliq Exclusive",India,624
2020-09-01,"AQ Gamers Ms","Atliq Exclusive",India,705
2020-09-01,"AQ Lite Ms","Atliq Exclusive",India,368
2020-09-01,"AQ Lite Ms","Atliq Exclusive",India,287
2020-09-01,"AQ Lite Ms","Atliq Exclusive",India,239
2020-09-01,"AQ Lite Ms","Atliq Exclusive",India,185
2020-09-01,"AQ Lite Ms","Atliq Exclusive",India,324
2020-09-01,"AQ Lite Ms","Atliq Exclusive",India,306
2020-09-01,"AQ Lite Ms","Atliq Exclusive",India,988
2020-09-01,"AQ Lite Ms","Atliq Exclusive",India,801
2020-09-01,"AQ Lite Ms","Atliq Exclusive",India,437
2020-09-01,"AQ Lite Ms","Atliq Exclusive",India,485
2020-09-01,"AQ Lite Ms","Atliq Exclusive",India,245
2020-09-01,"AQ Lite Ms","Atliq Exclusive",India,632
2020-09-01,"AQ Maxima Ms","Atliq Exclusive",India,1000
2020-09-01,"AQ Maxima Ms","Atliq Exclusive",India,905
2020-09-01,"AQ Maxima Ms","Atliq Exclusive",India,424
2020-09-01,"AQ Maxima Ms","Atliq Exclusive",India,701
2020-09-01,"AQ Maxima Ms","Atliq Exclusive",India,314
2020-09-01,"AQ Maxima Ms","Atliq Exclusive",India,433
2020-09-01,"AQ Maxima Ms","Atliq Exclusive",India,842
2020-09-01,"AQ Maxima Ms","Atliq Exclusive",India,1003
2020-09-01,"AQ Maxima Ms","Atliq Exclusive",India,982
2020-09-01,"AQ Maxima Ms","Atliq Exclusive",India,620
2020-09-01,"AQ Maxima Ms","Atliq Exclusive",India,601
2020-09-01,"AQ Maxima Ms","Atliq Exclusive",India,220
2020-09-01,"AQ Qwerty Ms","Atliq Exclusive",India,587
2020-09-01,"AQ Qwerty Ms","Atliq Exclusive",India,884
2020-09-01,"AQ Qwerty Ms","Atliq Exclusive",India,973
2020-09-01,"AQ Qwerty Ms","Atliq Exclusive",India,894
2020-09-01,"AQ Qwerty Ms","Atliq Exclusive",India,349
2020-09-01,"AQ Qwerty Ms","Atliq Exclusive",India,651
2020-09-01,"AQ Qwerty Ms","Atliq Exclusive",India,297
2020-09-01,"AQ Qwerty Ms","Atliq Exclusive",India,578
2020-09-01,"AQ Qwerty Ms","Atliq Exclusive",India,636
2020-09-01,"AQ Qwerty Ms","Atliq Exclusive",India,295
2020-09-01,"AQ Qwerty Ms","Atliq Exclusive",India,626
2020-09-01,"AQ Qwerty Ms","Atliq Exclusive",India,876
2020-09-01,"AQ Trigger Ms","Atliq Exclusive",India,788
2020-09-01,"AQ Trigger Ms","Atliq Exclusive",India,160
2020-09-01,"AQ Trigger Ms","Atliq Exclusive",India,297
2020-09-01,"AQ Trigger Ms","Atliq Exclusive",India,460
2020-09-01,"AQ Trigger Ms","Atliq Exclusive",India,508
2020-09-01,"AQ Trigger Ms","Atliq Exclusive",India,379
2020-09-01,"AQ Trigger Ms","Atliq Exclusive",India,1034
2020-09-01,"AQ Trigger Ms","Atliq Exclusive",India,171
2020-09-01,"AQ Trigger Ms","Atliq Exclusive",India,304
2020-09-01,"AQ Trigger Ms","Atliq Exclusive",India,104
2020-09-01,"AQ Trigger Ms","Atliq Exclusive",India,179
2020-09-01,"AQ Trigger Ms","Atliq Exclusive",India,603
2020-09-01,"AQ Lumina Ms","Atliq Exclusive",India,264
2020-09-01,"AQ Lumina Ms","Atliq Exclusive",India,114
2020-09-01,"AQ Master wired x1","Atliq Exclusive",India,549
2020-09-01,"AQ Master wired x1","Atliq Exclusive",India,847
2020-09-01,"AQ Master wired x1","Atliq Exclusive",India,500
2020-09-01,"AQ Master wired x1","Atliq Exclusive",India,452
2020-09-01,"AQ Master wired x1","Atliq Exclusive",India,180
2020-09-01,"AQ Master wired x1","Atliq Exclusive",India,283
2020-09-01,"AQ Master wired x1","Atliq Exclusive",India,655
2020-09-01,"AQ Master wired x1","Atliq Exclusive",India,678
2020-09-01,"AQ Master wired x1","Atliq Exclusive",India,810
2020-09-01,"AQ Master wired x1","Atliq Exclusive",India,774
2020-09-01,"AQ Master wired x1","Atliq Exclusive",India,92
2020-09-01,"AQ Master wired x1","Atliq Exclusive",India,382
2020-09-01,"AQ Master wireless x1","Atliq Exclusive",India,586
2020-09-01,"AQ Master wireless x1","Atliq Exclusive",India,412
2020-09-01,"AQ Master wireless x1","Atliq Exclusive",India,737
2020-09-01,"AQ Master wireless x1","Atliq Exclusive",India,709
2020-09-01,"AQ Master wireless x1","Atliq Exclusive",India,329
2020-09-01,"AQ Master wireless x1","Atliq Exclusive",India,568
2020-09-01,"AQ Master wireless x1","Atliq Exclusive",India,871
2020-09-01,"AQ Master wireless x1","Atliq Exclusive",India,776
2020-09-01,"AQ Master wireless x1","Atliq Exclusive",India,730
2020-09-01,"AQ Master wireless x1","Atliq Exclusive",India,503
2020-09-01,"AQ Master wireless x1","Atliq Exclusive",India,702
2020-09-01,"AQ Master wireless x1","Atliq Exclusive",India,813
2020-09-01,"AQ Gamers ","Atliq Exclusive",India,794
2020-09-01,"AQ Gamers ","Atliq Exclusive",India,178
2020-09-01,"AQ Gamers ","Atliq Exclusive",India,310
2020-09-01,"AQ Gamers ","Atliq Exclusive",India,572
2020-09-01,"AQ Gamers ","Atliq Exclusive",India,794
2020-09-01,"AQ Gamers ","Atliq Exclusive",India,690
2020-09-01,"AQ Gamers ","Atliq Exclusive",India,836
2020-09-01,"AQ Gamers ","Atliq Exclusive",India,776
2020-09-01,"AQ Gamers ","Atliq Exclusive",India,873
2020-09-01,"AQ Gamers ","Atliq Exclusive",India,143
2020-09-01,"AQ Gamers ","Atliq Exclusive",India,658
2020-09-01,"AQ Gamers ","Atliq Exclusive",India,759
2020-09-01,"AQ Lite","Atliq Exclusive",India,524
2020-09-01,"AQ Lite","Atliq Exclusive",India,776
2020-09-01,"AQ Lite","Atliq Exclusive",India,558
2020-09-01,"AQ Lite","Atliq Exclusive",India,377
2020-09-01,"AQ Lite","Atliq Exclusive",India,368
2020-09-01,"AQ Lite","Atliq Exclusive",India,172
2020-09-01,"AQ Lite","Atliq Exclusive",India,194
2020-09-01,"AQ Lite","Atliq Exclusive",India,827
2020-09-01,"AQ Lite","Atliq Exclusive",India,352
2020-09-01,"AQ Lite","Atliq Exclusive",India,588
2020-09-01,"AQ Lite","Atliq Exclusive",India,452
2020-09-01,"AQ Lite","Atliq Exclusive",India,692
2020-09-01,"AQ Maxima","Atliq Exclusive",India,628
2020-09-01,"AQ Maxima","Atliq Exclusive",India,435
2020-09-01,"AQ Maxima","Atliq Exclusive",India,554
2020-09-01,"AQ Maxima","Atliq Exclusive",India,396
2020-09-01,"AQ Maxima","Atliq Exclusive",India,715
2020-09-01,"AQ Maxima","Atliq Exclusive",India,542
2020-09-01,"AQ Maxima","Atliq Exclusive",India,649
2020-09-01,"AQ Maxima","Atliq Exclusive",India,421
2020-09-01,"AQ Maxima","Atliq Exclusive",India,524
2020-09-01,"AQ Maxima","Atliq Exclusive",India,540
2020-09-01,"AQ Maxima","Atliq Exclusive",India,292
2020-09-01,"AQ Maxima","Atliq Exclusive",India,699
2020-09-01,"AQ Qwerty","Atliq Exclusive",India,158
2020-09-01,"AQ Qwerty","Atliq Exclusive",India,829
2020-09-01,"AQ Qwerty","Atliq Exclusive",India,868
2020-09-01,"AQ Qwerty","Atliq Exclusive",India,354
2020-09-01,"AQ Qwerty","Atliq Exclusive",India,389
2020-09-01,"AQ Qwerty","Atliq Exclusive",India,780
2020-09-01,"AQ Qwerty","Atliq Exclusive",India,211
2020-09-01,"AQ Qwerty","Atliq Exclusive",India,560
2020-09-01,"AQ Qwerty","Atliq Exclusive",India,473
2020-09-01,"AQ Qwerty","Atliq Exclusive",India,781
2020-09-01,"AQ Qwerty","Atliq Exclusive",India,878
2020-09-01,"AQ Qwerty","Atliq Exclusive",India,104
2020-09-01,"AQ Trigger","Atliq Exclusive",India,269
2020-09-01,"AQ Trigger","Atliq Exclusive",India,329
2020-09-01,"AQ Trigger","Atliq Exclusive",India,584
2020-09-01,"AQ Trigger","Atliq Exclusive",India,421
2020-09-01,"AQ Trigger","Atliq Exclusive",India,296
2020-09-01,"AQ Trigger","Atliq Exclusive",India,266
2020-09-01,"AQ Trigger","Atliq Exclusive",India,201
2020-09-01,"AQ Trigger","Atliq Exclusive",India,695
2020-09-01,"AQ Trigger","Atliq Exclusive",India,829
2020-09-01,"AQ Trigger","Atliq Exclusive",India,644
2020-09-01,"AQ LION x1","Atliq Exclusive",India,20
2020-09-01,"AQ LION x1","Atliq Exclusive",India,81
2020-09-01,"AQ LION x1","Atliq Exclusive",India,40
2020-09-01,"AQ LION x1","Atliq Exclusive",India,51
2020-09-01,"AQ LION x1","Atliq Exclusive",India,72
2020-09-01,"AQ LION x1","Atliq Exclusive",India,30
2020-09-01,"AQ LION x1","Atliq Exclusive",India,81
2020-09-01,"AQ LION x1","Atliq Exclusive",India,17
2020-09-01,"AQ LION x2","Atliq Exclusive",India,79
2020-09-01,"AQ LION x2","Atliq Exclusive",India,12
2020-09-01,"AQ LION x2","Atliq Exclusive",India,53
2020-09-01,"AQ LION x2","Atliq Exclusive",India,83
2020-09-01,"AQ LION x2","Atliq Exclusive",India,43
2020-09-01,"AQ LION x2","Atliq Exclusive",India,41
2020-09-01,"AQ LION x2","Atliq Exclusive",India,77
2020-09-01,"AQ LION x2","Atliq Exclusive",India,22
2020-09-01,"AQ LION x2","Atliq Exclusive",India,39
2020-09-01,"AQ LION x2","Atliq Exclusive",India,12
2020-09-01,"AQ LION x3","Atliq Exclusive",India,81
2020-09-01,"AQ LION x3","Atliq Exclusive",India,15
2020-09-01,"AQ LION x3","Atliq Exclusive",India,41
2020-09-01,"AQ LION x3","Atliq Exclusive",India,31
2020-09-01,"AQ LION x3","Atliq Exclusive",India,17
2020-09-01,"AQ LION x3","Atliq Exclusive",India,70
2020-09-01,"AQ LION x3","Atliq Exclusive",India,11
2020-09-01,"AQ LION x3","Atliq Exclusive",India,25
2020-09-01,"AQ LION x3","Atliq Exclusive",India,55
2020-09-01,"AQ LION x3","Atliq Exclusive",India,32
2020-09-01,"AQ Mx NB","Atliq Exclusive",India,22
2020-09-01,"AQ Mx NB","Atliq Exclusive",India,37
2020-09-01,"AQ Mx NB","Atliq Exclusive",India,66
2020-09-01,"AQ Mx NB","Atliq Exclusive",India,87
2020-09-01,"AQ Mx NB","Atliq Exclusive",India,49
2020-09-01,"AQ Mx NB","Atliq Exclusive",India,11
2020-09-01,"AQ Mx NB","Atliq Exclusive",India,81
2020-09-01,"AQ Mx NB","Atliq Exclusive",India,59
2020-09-01,"AQ Mx NB","Atliq Exclusive",India,70
2020-09-01,"AQ Mx NB","Atliq Exclusive",India,21
2020-09-01,"AQ Aspiron","Atliq Exclusive",India,12
2020-09-01,"AQ Aspiron","Atliq Exclusive",India,15
2020-09-01,"AQ Aspiron","Atliq Exclusive",India,31
2020-09-01,"AQ Aspiron","Atliq Exclusive",India,24
2020-09-01,"AQ Aspiron","Atliq Exclusive",India,19
2020-09-01,"AQ Aspiron","Atliq Exclusive",India,22
2020-09-01,"AQ Digit","Atliq Exclusive",India,30
2020-09-01,"AQ Digit","Atliq Exclusive",India,14
2020-09-01,"AQ Digit","Atliq Exclusive",India,15
2020-09-01,"AQ Digit","Atliq Exclusive",India,21
2020-09-01,"AQ Digit","Atliq Exclusive",India,25
2020-09-01,"AQ Digit","Atliq Exclusive",India,24
2020-09-01,"AQ Digit","Atliq Exclusive",India,10
2020-09-01,"AQ Digit","Atliq Exclusive",India,9
2020-09-01,"AQ Digit","Atliq Exclusive",India,37
2020-09-01,"AQ Digit","Atliq Exclusive",India,36
2020-09-01,"AQ Digit","Atliq Exclusive",India,15
2020-09-01,"AQ Digit","Atliq Exclusive",India,11
2020-09-01,"AQ Digit","Atliq Exclusive",India,38
2020-09-01,"AQ Digit","Atliq Exclusive",India,24
2020-09-01,"AQ Digit","Atliq Exclusive",India,36
2020-09-01,"AQ Digit","Atliq Exclusive",India,12
2020-09-01,"AQ Velocity","Atliq Exclusive",India,22
2020-09-01,"AQ Velocity","Atliq Exclusive",India,15
2020-09-01,"AQ Velocity","Atliq Exclusive",India,32
2020-09-01,"AQ Velocity","Atliq Exclusive",India,13
2020-09-01,"AQ Velocity","Atliq Exclusive",India,22
2020-09-01,"AQ Velocity","Atliq Exclusive",India,34
2020-09-01,"AQ Velocity","Atliq Exclusive",India,7
2020-09-01,"AQ Velocity","Atliq Exclusive",India,17
2020-09-01,"AQ Velocity","Atliq Exclusive",India,30
2020-09-01,"AQ Velocity","Atliq Exclusive",India,31
2020-09-01,"AQ Velocity","Atliq Exclusive",India,30
2020-09-01,"AQ Velocity","Atliq Exclusive",India,22
2020-09-01,"AQ Elite","Atliq Exclusive",India,36
2020-09-01,"AQ Elite","Atliq Exclusive",India,38
2020-09-01,"AQ Elite","Atliq Exclusive",India,19
2020-09-01,"AQ Elite","Atliq Exclusive",India,22
2020-09-01,"AQ Elite","Atliq Exclusive",India,26
2020-09-01,"AQ Elite","Atliq Exclusive",India,13
2020-09-01,"AQ Elite","Atliq Exclusive",India,9
2020-09-01,"AQ Elite","Atliq Exclusive",India,7
2020-09-01,"AQ Elite","Atliq Exclusive",India,22
2020-09-01,"AQ Elite","Atliq Exclusive",India,10
2020-09-01,"AQ Elite","Atliq Exclusive",India,15
2020-09-01,"AQ Elite","Atliq Exclusive",India,13
2020-09-01,"AQ Elite","Atliq Exclusive",India,30
2020-09-01,"AQ Elite","Atliq Exclusive",India,32
2020-09-01,"AQ Elite","Atliq Exclusive",India,7
2020-09-01,"AQ Elite","Atliq Exclusive",India,32
2020-09-01,"AQ Gen X","Atliq Exclusive",India,32
2020-09-01,"AQ Gen X","Atliq Exclusive",India,38
2020-09-01,"AQ Gen X","Atliq Exclusive",India,33
2020-09-01,"AQ Gen X","Atliq Exclusive",India,17
2020-09-01,"AQ Gen X","Atliq Exclusive",India,25
2020-09-01,"AQ Gen X","Atliq Exclusive",India,10
2020-09-01,"AQ Gen X","Atliq Exclusive",India,39
2020-09-01,"AQ Gen X","Atliq Exclusive",India,12
2020-09-01,"AQ Gen X","Atliq Exclusive",India,10
2020-09-01,"AQ Gen X","Atliq Exclusive",India,38
2020-09-01,"AQ Gen X","Atliq Exclusive",India,33
2020-09-01,"AQ Gen X","Atliq Exclusive",India,22
2020-09-01,"AQ Gen X","Atliq Exclusive",India,35
2020-09-01,"AQ Gen X","Atliq Exclusive",India,22
2020-09-01,"AQ Gen X","Atliq Exclusive",India,14
2020-09-01,"AQ Gen X","Atliq Exclusive",India,12
2020-09-01,"AQ Gen Y","Atliq Exclusive",India,26
2020-09-01,"AQ Gen Y","Atliq Exclusive",India,21
2020-09-01,"AQ Gen Y","Atliq Exclusive",India,9
2020-09-01,"AQ Gen Y","Atliq Exclusive",India,11
2020-09-01,"AQ Gen Y","Atliq Exclusive",India,27
2020-09-01,"AQ Gen Y","Atliq Exclusive",India,27
2020-09-01,"AQ Gen Y","Atliq Exclusive",India,15
2020-09-01,"AQ Gen Y","Atliq Exclusive",India,17
2020-09-01,"AQ Gen Y","Atliq Exclusive",India,12
2020-09-01,"AQ Gen Y","Atliq Exclusive",India,25
2020-09-01,"AQ Gen Y","Atliq Exclusive",India,11
2020-09-01,"AQ Gen Y","Atliq Exclusive",India,19
2020-09-01,"AQ Gen Y","Atliq Exclusive",India,22
2020-09-01,"AQ Gen Y","Atliq Exclusive",India,39
2020-09-01,"AQ Gen Y","Atliq Exclusive",India,26
2020-09-01,"AQ Gen Y","Atliq Exclusive",India,22
2020-09-01,"AQ GEN Z","Atliq Exclusive",India,18
2020-09-01,"AQ GEN Z","Atliq Exclusive",India,22
2020-09-01,"AQ GEN Z","Atliq Exclusive",India,26
2020-09-01,"AQ GEN Z","Atliq Exclusive",India,13
2020-09-01,"AQ GEN Z","Atliq Exclusive",India,22
2020-09-01,"AQ GEN Z","Atliq Exclusive",India,17
2020-09-01,"AQ GEN Z","Atliq Exclusive",India,15
2020-09-01,"AQ GEN Z","Atliq Exclusive",India,26
2020-09-01,"AQ GEN Z","Atliq Exclusive",India,9
2020-09-01,"AQ GEN Z","Atliq Exclusive",India,30
2020-09-01,"AQ BZ 101","Atliq Exclusive",India,28
2020-09-01,"AQ BZ 101","Atliq Exclusive",India,26
2020-09-01,"AQ BZ 101","Atliq Exclusive",India,17
2020-09-01,"AQ BZ 101","Atliq Exclusive",India,16
2020-09-01,"AQ BZ 101","Atliq Exclusive",India,8
2020-09-01,"AQ BZ 101","Atliq Exclusive",India,26
2020-09-01,"AQ BZ 101","Atliq Exclusive",India,15
2020-09-01,"AQ BZ 101","Atliq Exclusive",India,27
2020-09-01,"AQ BZ Compact","Atliq Exclusive",India,12
2020-09-01,"AQ BZ Compact","Atliq Exclusive",India,15
2020-09-01,"AQ BZ Compact","Atliq Exclusive",India,27
2020-09-01,"AQ BZ Compact","Atliq Exclusive",India,6
2020-09-01,"AQ BZ Compact","Atliq Exclusive",India,9
2020-09-01,"AQ BZ Compact","Atliq Exclusive",India,19
2020-09-01,"AQ BZ Compact","Atliq Exclusive",India,22
2020-09-01,"AQ BZ Compact","Atliq Exclusive",India,25
2020-09-01,"AQ BZ Compact","Atliq Exclusive",India,25
2020-09-01,"AQ BZ Compact","Atliq Exclusive",India,27
2020-09-01,"AQ BZ Compact","Atliq Exclusive",India,21
2020-09-01,"AQ BZ Compact","Atliq Exclusive",India,10
2020-09-01,"AQ BZ Compact","Atliq Exclusive",India,17
2020-09-01,"AQ BZ Compact","Atliq Exclusive",India,16
2020-09-01,"AQ BZ Compact","Atliq Exclusive",India,13
2020-09-01,"AQ BZ Compact","Atliq Exclusive",India,9
2020-09-01,"AQ BZ Gen Y","Atliq Exclusive",India,24
2020-09-01,"AQ BZ Gen Y","Atliq Exclusive",India,8
2020-09-01,"AQ BZ Gen Y","Atliq Exclusive",India,21
2020-09-01,"AQ BZ Gen Y","Atliq Exclusive",India,6
2020-09-01,"AQ BZ Gen Y","Atliq Exclusive",India,23
2020-09-01,"AQ BZ Gen Y","Atliq Exclusive",India,5
2020-09-01,"AQ BZ Gen Y","Atliq Exclusive",India,17
2020-09-01,"AQ BZ Gen Y","Atliq Exclusive",India,14
2020-09-01,"AQ BZ Gen Y","Atliq Exclusive",India,22
2020-09-01,"AQ BZ Gen Y","Atliq Exclusive",India,26
2020-09-01,"AQ BZ Gen Y","Atliq Exclusive",India,16
2020-09-01,"AQ BZ Gen Y","Atliq Exclusive",India,16
2020-09-01,"AQ BZ Gen Y","Atliq Exclusive",India,27
2020-09-01,"AQ BZ Gen Y","Atliq Exclusive",India,20
2020-09-01,"AQ BZ Gen Z","Atliq Exclusive",India,20
2020-09-01,"AQ BZ Gen Z","Atliq Exclusive",India,17
2020-09-01,"AQ BZ Gen Z","Atliq Exclusive",India,24
2020-09-01,"AQ BZ Gen Z","Atliq Exclusive",India,6
2020-09-01,"AQ BZ Gen Z","Atliq Exclusive",India,24
2020-09-01,"AQ BZ Gen Z","Atliq Exclusive",India,5
2020-09-01,"AQ BZ Gen Z","Atliq Exclusive",India,21
2020-09-01,"AQ BZ Gen Z","Atliq Exclusive",India,14
2020-09-01,"AQ BZ Gen Z","Atliq Exclusive",India,20
2020-09-01,"AQ BZ Gen Z","Atliq Exclusive",India,28
2020-09-01,"AQ BZ Gen Z","Atliq Exclusive",India,9
2020-09-01,"AQ BZ Gen Z","Atliq Exclusive",India,20
2020-09-01,"AQ BZ Gen Z","Atliq Exclusive",India,23
2020-09-01,"AQ BZ Gen Z","Atliq Exclusive",India,16
2020-09-01,"AQ Gamer 1","Atliq Exclusive",India,9
2020-09-01,"AQ Gamer 1","Atliq Exclusive",India,9
2020-09-01,"AQ Gamer 1","Atliq Exclusive",India,17
2020-09-01,"AQ Gamer 1","Atliq Exclusive",India,14
2020-09-01,"AQ Gamer 1","Atliq Exclusive",India,15
2020-09-01,"AQ Gamer 1","Atliq Exclusive",India,14
2020-09-01,"AQ Gamer 1","Atliq Exclusive",India,16
2020-09-01,"AQ Gamer 1","Atliq Exclusive",India,10
2020-09-01,"AQ Gamer 1","Atliq Exclusive",India,16
2020-09-01,"AQ Gamer 1","Atliq Exclusive",India,14
2020-09-01,"AQ Gamer 1","Atliq Exclusive",India,10
2020-09-01,"AQ Gamer 1","Atliq Exclusive",India,3
2020-09-01,"AQ Gamer 2","Atliq Exclusive",India,4
2020-09-01,"AQ Gamer 2","Atliq Exclusive",India,9
2020-09-01,"AQ Gamer 2","Atliq Exclusive",India,11
2020-09-01,"AQ Gamer 2","Atliq Exclusive",India,14
2020-09-01,"AQ Gamer 2","Atliq Exclusive",India,13
2020-09-01,"AQ Gamer 2","Atliq Exclusive",India,17
2020-09-01,"AQ Gamer 2","Atliq Exclusive",India,17
2020-09-01,"AQ Gamer 2","Atliq Exclusive",India,9
2020-09-01,"AQ Gamer 2","Atliq Exclusive",India,10
2020-09-01,"AQ Gamer 2","Atliq Exclusive",India,17
2020-09-01,"AQ Gamer 2","Atliq Exclusive",India,12
2020-09-01,"AQ Gamer 2","Atliq Exclusive",India,16
2020-09-01,"AQ Gamer 2","Atliq Exclusive",India,16
2020-09-01,"AQ Gamer 2","Atliq Exclusive",India,4
2020-09-01,"AQ Gamer 2","Atliq Exclusive",India,16
2020-09-01,"AQ Gamer 2","Atliq Exclusive",India,12
2020-09-01,"AQ Gamer 3","Atliq Exclusive",India,6
2020-09-01,"AQ Gamer 3","Atliq Exclusive",India,12
2020-09-01,"AQ Gamer 3","Atliq Exclusive",India,10
2020-09-01,"AQ Gamer 3","Atliq Exclusive",India,14
2020-09-01,"AQ Gamer 3","Atliq Exclusive",India,12
2020-09-01,"AQ Gamer 3","Atliq Exclusive",India,9
2020-09-01,"AQ Gamer 3","Atliq Exclusive",India,4
2020-09-01,"AQ Gamer 3","Atliq Exclusive",India,12
2020-09-01,"AQ Gamer 3","Atliq Exclusive",India,4
2020-09-01,"AQ Gamer 3","Atliq Exclusive",India,15
2020-09-01,"AQ Gamer 3","Atliq Exclusive",India,11
2020-09-01,"AQ Gamer 3","Atliq Exclusive",India,6
2020-09-01,"AQ Gamer 3","Atliq Exclusive",India,13
2020-09-01,"AQ Gamer 3","Atliq Exclusive",India,8
2020-09-01,"AQ Gamer 3","Atliq Exclusive",India,9
2020-09-01,"AQ Gamer 3","Atliq Exclusive",India,10
2020-09-01,"AQ Smash 1","Atliq Exclusive",India,5
2020-09-01,"AQ Smash 1","Atliq Exclusive",India,9
2020-09-01,"AQ Smash 1","Atliq Exclusive",India,5
2020-09-01,"AQ Smash 1","Atliq Exclusive",India,9
2020-09-01,"AQ Smash 1","Atliq Exclusive",India,9
2020-09-01,"AQ Smash 1","Atliq Exclusive",India,17
2020-09-01,"AQ Smash 1","Atliq Exclusive",India,15
2020-09-01,"AQ Smash 1","Atliq Exclusive",India,12
2020-09-01,"AQ Smash 1","Atliq Exclusive",India,9
2020-09-01,"AQ Smash 1","Atliq Exclusive",India,16
2020-09-01,"AQ Smash 1","Atliq Exclusive",India,4
2020-09-01,"AQ Smash 1","Atliq Exclusive",India,3
2020-09-01,"AQ Smash 1","Atliq Exclusive",India,14
2020-09-01,"AQ Smash 1","Atliq Exclusive",India,11
2020-09-01,"AQ Smash 1","Atliq Exclusive",India,10
2020-09-01,"AQ Smash 1","Atliq Exclusive",India,5
2020-09-01,"AQ Smash 2","Atliq Exclusive",India,13
2020-09-01,"AQ Smash 2","Atliq Exclusive",India,4
2020-09-01,"AQ Smash 2","Atliq Exclusive",India,15
2020-09-01,"AQ Smash 2","Atliq Exclusive",India,14
2020-09-01,"AQ Smash 2","Atliq Exclusive",India,15
2020-09-01,"AQ Smash 2","Atliq Exclusive",India,14
2020-09-01,"AQ Smash 2","Atliq Exclusive",India,6
2020-09-01,"AQ Smash 2","Atliq Exclusive",India,15
2020-09-01,"AQ Smash 2","Atliq Exclusive",India,8
2020-09-01,"AQ Smash 2","Atliq Exclusive",India,16
2020-09-01,"AQ Smash 2","Atliq Exclusive",India,7
2020-09-01,"AQ Smash 2","Atliq Exclusive",India,3
2020-09-01,"AQ BZ Allin1","Atliq Exclusive",India,16
2020-09-01,"AQ BZ Allin1","Atliq Exclusive",India,29
2020-09-01,"AQ BZ Allin1","Atliq Exclusive",India,24
2020-09-01,"AQ BZ Allin1","Atliq Exclusive",India,19
2020-09-01,"AQ BZ Allin1","Atliq Exclusive",India,13
2020-09-01,"AQ BZ Allin1","Atliq Exclusive",India,19
2020-09-01,"AQ BZ Allin1","Atliq Exclusive",India,24
2020-09-01,"AQ BZ Allin1","Atliq Exclusive",India,21
2020-09-01,"AQ BZ Allin1","Atliq Exclusive",India,20
2020-09-01,"AQ BZ Allin1","Atliq Exclusive",India,10
2020-09-01,"AQ BZ Allin1","Atliq Exclusive",India,5
2020-09-01,"AQ BZ Allin1","Atliq Exclusive",India,28
2020-09-01,"AQ BZ Allin1","Atliq Exclusive",India,16
2020-09-01,"AQ BZ Allin1","Atliq Exclusive",India,11
2020-09-01,"AQ BZ Allin1","Atliq Exclusive",India,14
2020-09-01,"AQ BZ Allin1","Atliq Exclusive",India,6
2020-09-01,"AQ Home Allin1","Atliq Exclusive",India,1
2020-09-01,"AQ Home Allin1","Atliq Exclusive",India,5
2020-09-01,"AQ Home Allin1","Atliq Exclusive",India,2
2020-09-01,"AQ Home Allin1","Atliq Exclusive",India,1
2020-09-01,"AQ Home Allin1","Atliq Exclusive",India,5
2020-09-01,"AQ Home Allin1","Atliq Exclusive",India,1
2020-09-01,"AQ Home Allin1","Atliq Exclusive",India,4
2020-09-01,"AQ Home Allin1","Atliq Exclusive",India,3
2020-09-01,"AQ Home Allin1","Atliq Exclusive",India,4
2020-09-01,"AQ Home Allin1","Atliq Exclusive",India,1
2020-09-01,"AQ Home Allin1","Atliq Exclusive",India,1
2020-09-01,"AQ Home Allin1","Atliq Exclusive",India,4
2020-09-01,"AQ Home Allin1","Atliq Exclusive",India,3
2020-09-01,"AQ Home Allin1","Atliq Exclusive",India,2
2020-09-01,"AQ Home Allin1","Atliq Exclusive",India,2
2020-09-01,"AQ Home Allin1","Atliq Exclusive",India,3
2020-09-01,"AQ HOME Allin1 Gen 2","Atliq Exclusive",India,3
2020-09-01,"AQ HOME Allin1 Gen 2","Atliq Exclusive",India,6
2020-09-01,"AQ HOME Allin1 Gen 2","Atliq Exclusive",India,3
2020-09-01,"AQ HOME Allin1 Gen 2","Atliq Exclusive",India,4
2020-09-01,"AQ HOME Allin1 Gen 2","Atliq Exclusive",India,4
2020-09-01,"AQ HOME Allin1 Gen 2","Atliq Exclusive",India,4
2020-09-01,"AQ HOME Allin1 Gen 2","Atliq Exclusive",India,1
2020-09-01,"AQ HOME Allin1 Gen 2","Atliq Exclusive",India,2
2020-09-01,"AQ HOME Allin1 Gen 2","Atliq Exclusive",India,4
2020-09-01,"AQ HOME Allin1 Gen 2","Atliq Exclusive",India,4
2020-09-01,"AQ HOME Allin1 Gen 2","Atliq Exclusive",India,2
2020-09-01,"AQ HOME Allin1 Gen 2","Atliq Exclusive",India,5
2020-09-01,"AQ Digit SSD","Atliq Exclusive",India,148
2020-09-01,"AQ Digit SSD","Atliq Exclusive",India,1009
2020-09-01,"AQ Digit SSD","Atliq Exclusive",India,312
2020-09-01,"AQ Digit SSD","Atliq Exclusive",India,795
2020-09-01,"AQ Digit SSD","Atliq Exclusive",India,300
2020-09-01,"AQ Digit SSD","Atliq Exclusive",India,926
2020-09-01,"AQ Neuer SSD","Atliq Exclusive",India,584
2020-09-01,"AQ Neuer SSD","Atliq Exclusive",India,749
2020-09-01,"AQ Neuer SSD","Atliq Exclusive",India,944
2020-09-01,"AQ Neuer SSD","Atliq Exclusive",India,734
2020-09-01,"AQ Neuer SSD","Atliq Exclusive",India,505
2020-09-01,"AQ Neuer SSD","Atliq Exclusive",India,953
2020-09-01,"AQ Clx1","Atliq Exclusive",India,364
2020-09-01,"AQ Clx1","Atliq Exclusive",India,341
2020-09-01,"AQ Clx1","Atliq Exclusive",India,876
2020-09-01,"AQ Clx1","Atliq Exclusive",India,820
2020-09-01,"AQ Clx1","Atliq Exclusive",India,636
2020-09-01,"AQ Clx1","Atliq Exclusive",India,832
2020-09-01,"AQ Clx2","Atliq Exclusive",India,393
2020-09-01,"AQ Clx2","Atliq Exclusive",India,666
2020-09-01,"AQ Clx2","Atliq Exclusive",India,445
2020-09-01,"AQ Clx2","Atliq Exclusive",India,761
2020-09-01,"AQ Clx2","Atliq Exclusive",India,264
2020-09-01,"AQ Clx2","Atliq Exclusive",India,508
2020-09-01,"AQ Clx3","Atliq Exclusive",India,743
2020-09-01,"AQ Clx3","Atliq Exclusive",India,489
2020-09-01,"AQ Pen Drive 2 IN 1","Atliq Exclusive",India,658
2020-09-01,"AQ Pen Drive 2 IN 1","Atliq Exclusive",India,1000
2020-09-01,"AQ Pen Drive DRC","Atliq Exclusive",India,415
2020-09-01,"AQ Pen Drive DRC","Atliq Exclusive",India,1528
2020-09-01,"AQ Pen Drive DRC","Atliq Exclusive",India,1331
2020-09-01,"AQ Pen Drive DRC","Atliq Exclusive",India,1760
2020-09-01,"AQ Pen Drive DRC","Atliq Exclusive",India,940
2020-09-01,"AQ Pen Drive DRC","Atliq Exclusive",India,876
2020-09-01,"AQ Wi Power Dx1","Atliq Exclusive",India,400
2020-09-01,"AQ Wi Power Dx1","Atliq Exclusive",India,438
2020-09-01,"AQ Wi Power Dx1","Atliq Exclusive",India,245
2020-09-01,"AQ Wi Power Dx1","Atliq Exclusive",India,81
2020-09-01,"AQ Wi Power Dx1","Atliq Exclusive",India,559
2020-09-01,"AQ Wi Power Dx1","Atliq Exclusive",India,595
2020-09-01,"AQ Wi Power Dx2","Atliq Exclusive",India,292
2020-09-01,"AQ Wi Power Dx2","Atliq Exclusive",India,681
2020-09-01,"AQ Wi Power Dx2","Atliq Exclusive",India,315
2020-09-01,"AQ Wi Power Dx2","Atliq Exclusive",India,467
2020-09-01,"AQ Wi Power Dx2","Atliq Exclusive",India,541
2020-09-01,"AQ Wi Power Dx2","Atliq Exclusive",India,390
2020-09-01,"AQ Wi Power Dx3","Atliq Exclusive",India,265
2020-09-01,"AQ Wi Power Dx3","Atliq Exclusive",India,615
2020-09-01,"AQ Wi Power Dx3","Atliq Exclusive",India,505
2020-09-01,"AQ Wi Power Dx3","Atliq Exclusive",India,256
2020-09-01,"AQ Wi Power Dx3","Atliq Exclusive",India,158
2020-09-01,"AQ Wi Power Dx3","Atliq Exclusive",India,321
2020-10-01,"AQ Dracula HDD – 3.5 Inch SATA 6 Gb/s 5400 RPM 256 MB Cache","Atliq Exclusive",India,297
2020-10-01,"AQ Dracula HDD – 3.5 Inch SATA 6 Gb/s 5400 RPM 256 MB Cache","Atliq Exclusive",India,275
2020-10-01,"AQ Dracula HDD – 3.5 Inch SATA 6 Gb/s 5400 RPM 256 MB Cache","Atliq Exclusive",India,104
2020-10-01,"AQ Dracula HDD – 3.5 Inch SATA 6 Gb/s 5400 RPM 256 MB Cache","Atliq Exclusive",India,258
2020-10-01,"AQ WereWolf NAS Internal Hard Drive HDD – 8.89 cm","Atliq Exclusive",India,194
2020-10-01,"AQ WereWolf NAS Internal Hard Drive HDD – 8.89 cm","Atliq Exclusive",India,307
2020-10-01,"AQ WereWolf NAS Internal Hard Drive HDD – 8.89 cm","Atliq Exclusive",India,156
2020-10-01,"AQ Zion Saga","Atliq Exclusive",India,34
2020-10-01,"AQ Zion Saga","Atliq Exclusive",India,142
2020-10-01,"AQ Zion Saga","Atliq Exclusive",India,212
2020-10-01,"AQ Mforce Gen X","Atliq Exclusive",India,220
2020-10-01,"AQ Mforce Gen X","Atliq Exclusive",India,94
2020-10-01,"AQ Mforce Gen X","Atliq Exclusive",India,163
2020-10-01,"AQ Mforce Gen X","Atliq Exclusive",India,198
2020-10-01,"AQ Mforce Gen Y","Atliq Exclusive",India,173
2020-10-01,"AQ Mforce Gen Y","Atliq Exclusive",India,199
2020-10-01,"AQ Mforce Gen Y","Atliq Exclusive",India,28
2020-10-01,"AQ Mforce Gen Y","Atliq Exclusive",India,169
2020-10-01,"AQ Mforce Gen Y","Atliq Exclusive",India,168
2020-10-01,"AQ Mforce Gen Y","Atliq Exclusive",India,193
2020-10-01,"AQ Mforce Gen Y","Atliq Exclusive",India,31
2020-10-01,"AQ Mforce Gen Y","Atliq Exclusive",India,251
2020-10-01,"AQ Mforce Gen Z","Atliq Exclusive",India,128
2020-10-01,"AQ Mforce Gen Z","Atliq Exclusive",India,241
2020-10-01,"AQ Mforce Gen Z","Atliq Exclusive",India,88
2020-10-01,"AQ Mforce Gen Z","Atliq Exclusive",India,202
2020-10-01,"AQ Mforce Gen Z","Atliq Exclusive",India,164
2020-10-01,"AQ Mforce Gen Z","Atliq Exclusive",India,203
2020-10-01,"AQ Mforce Gen Z","Atliq Exclusive",India,206
2020-10-01,"AQ Mforce Gen Z","Atliq Exclusive",India,64
2020-10-01,"AQ GT 21","Atliq Exclusive",India,67
2020-10-01,"AQ GT 21","Atliq Exclusive",India,56
2020-10-01,"AQ GT 21","Atliq Exclusive",India,38
2020-10-01,"AQ GT 21","Atliq Exclusive",India,77
2020-10-01,"AQ Marquee P3","Atliq Exclusive",India,197
2020-10-01,"AQ Marquee P3","Atliq Exclusive",India,92
2020-10-01,"AQ Marquee P3","Atliq Exclusive",India,161
2020-10-01,"AQ Marquee P3","Atliq Exclusive",India,120
2020-10-01,"AQ Marquee P4","Atliq Exclusive",India,238
2020-10-01,"AQ 5000 Series Electron 9 5900X Desktop Processor","Atliq Exclusive",India,30
2020-10-01,"AQ 5000 Series Electron 9 5900X Desktop Processor","Atliq Exclusive",India,89
2020-10-01,"AQ 5000 Series Electron 9 5900X Desktop Processor","Atliq Exclusive",India,255
2020-10-01,"AQ 5000 Series Electron 8 5900X Desktop Processor","Atliq Exclusive",India,152
2020-10-01,"AQ 5000 Series Electron 8 5900X Desktop Processor","Atliq Exclusive",India,61
2020-10-01,"AQ 5000 Series Electron 8 5900X Desktop Processor","Atliq Exclusive",India,258
2020-10-01,"AQ 5000 Series Ultron 8 5900X Desktop Processor","Atliq Exclusive",India,228
2020-10-01,"AQ 5000 Series Ultron 8 5900X Desktop Processor","Atliq Exclusive",India,220
2020-10-01,"AQ 5000 Series Ultron 8 5900X Desktop Processor","Atliq Exclusive",India,88
2020-10-01,"AQ Electron 5 3600 Desktop Processor","Atliq Exclusive",India,251
2020-10-01,"AQ Electron 5 3600 Desktop Processor","Atliq Exclusive",India,193
2020-10-01,"AQ Electron 5 3600 Desktop Processor","Atliq Exclusive",India,145
2020-10-01,"AQ Electron 4 3600 Desktop Processor","Atliq Exclusive",India,193
2020-10-01,"AQ Electron 4 3600 Desktop Processor","Atliq Exclusive",India,42
2020-10-01,"AQ Electron 4 3600 Desktop Processor","Atliq Exclusive",India,158
2020-10-01,"AQ Electron 3 3600 Desktop Processor","Atliq Exclusive",India,163
2020-10-01,"AQ Electron 3 3600 Desktop Processor","Atliq Exclusive",India,210
2020-10-01,"AQ MB Elite","Atliq Exclusive",India,48
2020-10-01,"AQ MB Elite","Atliq Exclusive",India,82
2020-10-01,"AQ MB Elite","Atliq Exclusive",India,89
2020-10-01,"AQ MB Elite","Atliq Exclusive",India,55
2020-10-01,"AQ MB Crossx","Atliq Exclusive",India,57
2020-10-01,"AQ MB Crossx","Atliq Exclusive",India,22
2020-10-01,"AQ MB Crossx","Atliq Exclusive",India,178
2020-10-01,"AQ MB Crossx","Atliq Exclusive",India,86
2020-10-01,"AQ MB Crossx 2","Atliq Exclusive",India,59
2020-10-01,"AQ MB Crossx 2","Atliq Exclusive",India,40
2020-10-01,"AQ MB Crossx 2","Atliq Exclusive",India,124
2020-10-01,"AQ MB Crossx 2","Atliq Exclusive",India,79
2020-10-01,"AQ MB Lito","Atliq Exclusive",India,116
2020-10-01,"AQ MB Lito","Atliq Exclusive",India,65
2020-10-01,"AQ MB Lito","Atliq Exclusive",India,94
2020-10-01,"AQ MB Lito","Atliq Exclusive",India,61
2020-10-01,"AQ MB Lito 2","Atliq Exclusive",India,136
2020-10-01,"AQ MB Lito 2","Atliq Exclusive",India,72
2020-10-01,"AQ MB Lito 2","Atliq Exclusive",India,63
2020-10-01,"AQ Master wired x1 Ms","Atliq Exclusive",India,1176
2020-10-01,"AQ Master wired x1 Ms","Atliq Exclusive",India,927
2020-10-01,"AQ Master wired x1 Ms","Atliq Exclusive",India,860
2020-10-01,"AQ Master wired x1 Ms","Atliq Exclusive",India,711
2020-10-01,"AQ Master wired x1 Ms","Atliq Exclusive",India,876
2020-10-01,"AQ Master wired x1 Ms","Atliq Exclusive",India,316
2020-10-01,"AQ Master wireless x1 Ms","Atliq Exclusive",India,1109
2020-10-01,"AQ Master wireless x1 Ms","Atliq Exclusive",India,917
2020-10-01,"AQ Master wireless x1 Ms","Atliq Exclusive",India,495
2020-10-01,"AQ Master wireless x1 Ms","Atliq Exclusive",India,181
2020-10-01,"AQ Master wireless x1 Ms","Atliq Exclusive",India,1184
2020-10-01,"AQ Master wireless x1 Ms","Atliq Exclusive",India,1009
2020-10-01,"AQ Gamers Ms","Atliq Exclusive",India,814
2020-10-01,"AQ Gamers Ms","Atliq Exclusive",India,957
2020-10-01,"AQ Gamers Ms","Atliq Exclusive",India,852
2020-10-01,"AQ Gamers Ms","Atliq Exclusive",India,157
2020-10-01,"AQ Gamers Ms","Atliq Exclusive",India,625
2020-10-01,"AQ Gamers Ms","Atliq Exclusive",India,1349
2020-10-01,"AQ Lite Ms","Atliq Exclusive",India,281
2020-10-01,"AQ Lite Ms","Atliq Exclusive",India,1290
2020-10-01,"AQ Lite Ms","Atliq Exclusive",India,1320
2020-10-01,"AQ Lite Ms","Atliq Exclusive",India,587
2020-10-01,"AQ Lite Ms","Atliq Exclusive",India,906
2020-10-01,"AQ Lite Ms","Atliq Exclusive",India,506
2020-10-01,"AQ Maxima Ms","Atliq Exclusive",India,387
2020-10-01,"AQ Maxima Ms","Atliq Exclusive",India,960
2020-10-01,"AQ Maxima Ms","Atliq Exclusive",India,265
2020-10-01,"AQ Maxima Ms","Atliq Exclusive",India,149
2020-10-01,"AQ Maxima Ms","Atliq Exclusive",India,579
2020-10-01,"AQ Maxima Ms","Atliq Exclusive",India,314
2020-10-01,"AQ Qwerty Ms","Atliq Exclusive",India,1320
2020-10-01,"AQ Qwerty Ms","Atliq Exclusive",India,1036
2020-10-01,"AQ Qwerty Ms","Atliq Exclusive",India,370
2020-10-01,"AQ Qwerty Ms","Atliq Exclusive",India,1244
2020-10-01,"AQ Qwerty Ms","Atliq Exclusive",India,1322
2020-10-01,"AQ Qwerty Ms","Atliq Exclusive",India,416
2020-10-01,"AQ Trigger Ms","Atliq Exclusive",India,1344
2020-10-01,"AQ Trigger Ms","Atliq Exclusive",India,998
2020-10-01,"AQ Trigger Ms","Atliq Exclusive",India,330
2020-10-01,"AQ Trigger Ms","Atliq Exclusive",India,1111
2020-10-01,"AQ Trigger Ms","Atliq Exclusive",India,830
2020-10-01,"AQ Trigger Ms","Atliq Exclusive",India,933
2020-10-01,"AQ Lumina Ms","Atliq Exclusive",India,1038
2020-10-01,"AQ Master wired x1","Atliq Exclusive",India,281
2020-10-01,"AQ Master wired x1","Atliq Exclusive",India,455
2020-10-01,"AQ Master wired x1","Atliq Exclusive",India,828
2020-10-01,"AQ Master wired x1","Atliq Exclusive",India,270
2020-10-01,"AQ Master wired x1","Atliq Exclusive",India,1007
2020-10-01,"AQ Master wired x1","Atliq Exclusive",India,403
2020-10-01,"AQ Master wireless x1","Atliq Exclusive",India,844
2020-10-01,"AQ Master wireless x1","Atliq Exclusive",India,567
2020-10-01,"AQ Master wireless x1","Atliq Exclusive",India,652
2020-10-01,"AQ Master wireless x1","Atliq Exclusive",India,849
2020-10-01,"AQ Master wireless x1","Atliq Exclusive",India,1020
2020-10-01,"AQ Master wireless x1","Atliq Exclusive",India,588
2020-10-01,"AQ Gamers ","Atliq Exclusive",India,858
2020-10-01,"AQ Gamers ","Atliq Exclusive",India,336
2020-10-01,"AQ Gamers ","Atliq Exclusive",India,872
2020-10-01,"AQ Gamers ","Atliq Exclusive",India,494
2020-10-01,"AQ Gamers ","Atliq Exclusive",India,304
2020-10-01,"AQ Gamers ","Atliq Exclusive",India,517
2020-10-01,"AQ Lite","Atliq Exclusive",India,243
2020-10-01,"AQ Lite","Atliq Exclusive",India,709
2020-10-01,"AQ Lite","Atliq Exclusive",India,270
2020-10-01,"AQ Lite","Atliq Exclusive",India,890
2020-10-01,"AQ Lite","Atliq Exclusive",India,476
2020-10-01,"AQ Lite","Atliq Exclusive",India,1133
2020-10-01,"AQ Maxima","Atliq Exclusive",India,339
2020-10-01,"AQ Maxima","Atliq Exclusive",India,247
2020-10-01,"AQ Maxima","Atliq Exclusive",India,462
2020-10-01,"AQ Maxima","Atliq Exclusive",India,444
2020-10-01,"AQ Maxima","Atliq Exclusive",India,856
2020-10-01,"AQ Maxima","Atliq Exclusive",India,970
2020-10-01,"AQ Qwerty","Atliq Exclusive",India,233
2020-10-01,"AQ Qwerty","Atliq Exclusive",India,432
2020-10-01,"AQ Qwerty","Atliq Exclusive",India,643
2020-10-01,"AQ Qwerty","Atliq Exclusive",India,828
2020-10-01,"AQ Qwerty","Atliq Exclusive",India,453
2020-10-01,"AQ Qwerty","Atliq Exclusive",India,517
2020-10-01,"AQ Trigger","Atliq Exclusive",India,469
2020-10-01,"AQ Trigger","Atliq Exclusive",India,396
2020-10-01,"AQ Trigger","Atliq Exclusive",India,819
2020-10-01,"AQ Trigger","Atliq Exclusive",India,286
2020-10-01,"AQ Trigger","Atliq Exclusive",India,204
2020-10-01,"AQ LION x1","Atliq Exclusive",India,31
2020-10-01,"AQ LION x1","Atliq Exclusive",India,105
2020-10-01,"AQ LION x1","Atliq Exclusive",India,44
2020-10-01,"AQ LION x1","Atliq Exclusive",India,57
2020-10-01,"AQ LION x2","Atliq Exclusive",India,45
2020-10-01,"AQ LION x2","Atliq Exclusive",India,34
2020-10-01,"AQ LION x2","Atliq Exclusive",India,20
2020-10-01,"AQ LION x2","Atliq Exclusive",India,81
2020-10-01,"AQ LION x2","Atliq Exclusive",India,99
2020-10-01,"AQ LION x3","Atliq Exclusive",India,111
2020-10-01,"AQ LION x3","Atliq Exclusive",India,111
2020-10-01,"AQ LION x3","Atliq Exclusive",India,79
2020-10-01,"AQ LION x3","Atliq Exclusive",India,67
2020-10-01,"AQ LION x3","Atliq Exclusive",India,60
2020-10-01,"AQ Mx NB","Atliq Exclusive",India,38
2020-10-01,"AQ Mx NB","Atliq Exclusive",India,69
2020-10-01,"AQ Mx NB","Atliq Exclusive",India,69
2020-10-01,"AQ Mx NB","Atliq Exclusive",India,66
2020-10-01,"AQ Mx NB","Atliq Exclusive",India,23
2020-10-01,"AQ Aspiron","Atliq Exclusive",India,24
2020-10-01,"AQ Aspiron","Atliq Exclusive",India,41
2020-10-01,"AQ Aspiron","Atliq Exclusive",India,28
2020-10-01,"AQ Digit","Atliq Exclusive",India,40
2020-10-01,"AQ Digit","Atliq Exclusive",India,16
2020-10-01,"AQ Digit","Atliq Exclusive",India,10
2020-10-01,"AQ Digit","Atliq Exclusive",India,33
2020-10-01,"AQ Digit","Atliq Exclusive",India,19
2020-10-01,"AQ Digit","Atliq Exclusive",India,43
2020-10-01,"AQ Digit","Atliq Exclusive",India,38
2020-10-01,"AQ Digit","Atliq Exclusive",India,26
2020-10-01,"AQ Velocity","Atliq Exclusive",India,25
2020-10-01,"AQ Velocity","Atliq Exclusive",India,21
2020-10-01,"AQ Velocity","Atliq Exclusive",India,24
2020-10-01,"AQ Velocity","Atliq Exclusive",India,52
2020-10-01,"AQ Velocity","Atliq Exclusive",India,46
2020-10-01,"AQ Velocity","Atliq Exclusive",India,31
2020-10-01,"AQ Elite","Atliq Exclusive",India,42
2020-10-01,"AQ Elite","Atliq Exclusive",India,49
2020-10-01,"AQ Elite","Atliq Exclusive",India,45
2020-10-01,"AQ Elite","Atliq Exclusive",India,14
2020-10-01,"AQ Elite","Atliq Exclusive",India,10
2020-10-01,"AQ Elite","Atliq Exclusive",India,38
2020-10-01,"AQ Elite","Atliq Exclusive",India,35
2020-10-01,"AQ Elite","Atliq Exclusive",India,37
2020-10-01,"AQ Gen X","Atliq Exclusive",India,37
2020-10-01,"AQ Gen X","Atliq Exclusive",India,17
2020-10-01,"AQ Gen X","Atliq Exclusive",India,52
2020-10-01,"AQ Gen X","Atliq Exclusive",India,33
2020-10-01,"AQ Gen X","Atliq Exclusive",India,49
2020-10-01,"AQ Gen X","Atliq Exclusive",India,37
2020-10-01,"AQ Gen X","Atliq Exclusive",India,48
2020-10-01,"AQ Gen X","Atliq Exclusive",India,36
2020-10-01,"AQ Gen Y","Atliq Exclusive",India,40
2020-10-01,"AQ Gen Y","Atliq Exclusive",India,50
2020-10-01,"AQ Gen Y","Atliq Exclusive",India,36
2020-10-01,"AQ Gen Y","Atliq Exclusive",India,39
2020-10-01,"AQ Gen Y","Atliq Exclusive",India,24
2020-10-01,"AQ Gen Y","Atliq Exclusive",India,33
2020-10-01,"AQ Gen Y","Atliq Exclusive",India,29
2020-10-01,"AQ Gen Y","Atliq Exclusive",India,18
2020-10-01,"AQ GEN Z","Atliq Exclusive",India,16
2020-10-01,"AQ GEN Z","Atliq Exclusive",India,18
2020-10-01,"AQ GEN Z","Atliq Exclusive",India,34
2020-10-01,"AQ GEN Z","Atliq Exclusive",India,33
2020-10-01,"AQ GEN Z","Atliq Exclusive",India,24
2020-10-01,"AQ BZ 101","Atliq Exclusive",India,37
2020-10-01,"AQ BZ 101","Atliq Exclusive",India,28
2020-10-01,"AQ BZ 101","Atliq Exclusive",India,31
2020-10-01,"AQ BZ 101","Atliq Exclusive",India,20
2020-10-01,"AQ BZ Compact","Atliq Exclusive",India,31
2020-10-01,"AQ BZ Compact","Atliq Exclusive",India,34
2020-10-01,"AQ BZ Compact","Atliq Exclusive",India,22
2020-10-01,"AQ BZ Compact","Atliq Exclusive",India,9
2020-10-01,"AQ BZ Compact","Atliq Exclusive",India,26
2020-10-01,"AQ BZ Compact","Atliq Exclusive",India,21
2020-10-01,"AQ BZ Compact","Atliq Exclusive",India,12
2020-10-01,"AQ BZ Compact","Atliq Exclusive",India,11
2020-10-01,"AQ BZ Gen Y","Atliq Exclusive",India,22
2020-10-01,"AQ BZ Gen Y","Atliq Exclusive",India,21
2020-10-01,"AQ BZ Gen Y","Atliq Exclusive",India,30
2020-10-01,"AQ BZ Gen Y","Atliq Exclusive",India,13
2020-10-01,"AQ BZ Gen Y","Atliq Exclusive",India,9
2020-10-01,"AQ BZ Gen Y","Atliq Exclusive",India,6
2020-10-01,"AQ BZ Gen Y","Atliq Exclusive",India,17
2020-10-01,"AQ BZ Gen Z","Atliq Exclusive",India,27
2020-10-01,"AQ BZ Gen Z","Atliq Exclusive",India,20
2020-10-01,"AQ BZ Gen Z","Atliq Exclusive",India,35
2020-10-01,"AQ BZ Gen Z","Atliq Exclusive",India,8
2020-10-01,"AQ BZ Gen Z","Atliq Exclusive",India,32
2020-10-01,"AQ BZ Gen Z","Atliq Exclusive",India,9
2020-10-01,"AQ BZ Gen Z","Atliq Exclusive",India,14
2020-10-01,"AQ Gamer 1","Atliq Exclusive",India,7
2020-10-01,"AQ Gamer 1","Atliq Exclusive",India,16
2020-10-01,"AQ Gamer 1","Atliq Exclusive",India,13
2020-10-01,"AQ Gamer 1","Atliq Exclusive",India,6
2020-10-01,"AQ Gamer 1","Atliq Exclusive",India,18
2020-10-01,"AQ Gamer 1","Atliq Exclusive",India,11
2020-10-01,"AQ Gamer 2","Atliq Exclusive",India,20
2020-10-01,"AQ Gamer 2","Atliq Exclusive",India,11
2020-10-01,"AQ Gamer 2","Atliq Exclusive",India,20
2020-10-01,"AQ Gamer 2","Atliq Exclusive",India,10
2020-10-01,"AQ Gamer 2","Atliq Exclusive",India,17
2020-10-01,"AQ Gamer 2","Atliq Exclusive",India,12
2020-10-01,"AQ Gamer 2","Atliq Exclusive",India,22
2020-10-01,"AQ Gamer 2","Atliq Exclusive",India,18
2020-10-01,"AQ Gamer 3","Atliq Exclusive",India,6
2020-10-01,"AQ Gamer 3","Atliq Exclusive",India,16
2020-10-01,"AQ Gamer 3","Atliq Exclusive",India,7
2020-10-01,"AQ Gamer 3","Atliq Exclusive",India,17
2020-10-01,"AQ Gamer 3","Atliq Exclusive",India,22
2020-10-01,"AQ Gamer 3","Atliq Exclusive",India,17
2020-10-01,"AQ Gamer 3","Atliq Exclusive",India,11
2020-10-01,"AQ Gamer 3","Atliq Exclusive",India,15
2020-10-01,"AQ Smash 1","Atliq Exclusive",India,14
2020-10-01,"AQ Smash 1","Atliq Exclusive",India,17
2020-10-01,"AQ Smash 1","Atliq Exclusive",India,10
2020-10-01,"AQ Smash 1","Atliq Exclusive",India,13
2020-10-01,"AQ Smash 1","Atliq Exclusive",India,19
2020-10-01,"AQ Smash 1","Atliq Exclusive",India,5
2020-10-01,"AQ Smash 1","Atliq Exclusive",India,4
2020-10-01,"AQ Smash 1","Atliq Exclusive",India,8
2020-10-01,"AQ Smash 2","Atliq Exclusive",India,11
2020-10-01,"AQ Smash 2","Atliq Exclusive",India,19
2020-10-01,"AQ Smash 2","Atliq Exclusive",India,18
2020-10-01,"AQ Smash 2","Atliq Exclusive",India,16
2020-10-01,"AQ Smash 2","Atliq Exclusive",India,16
2020-10-01,"AQ Smash 2","Atliq Exclusive",India,13
2020-10-01,"AQ BZ Allin1","Atliq Exclusive",India,18
2020-10-01,"AQ BZ Allin1","Atliq Exclusive",India,15
2020-10-01,"AQ BZ Allin1","Atliq Exclusive",India,9
2020-10-01,"AQ BZ Allin1","Atliq Exclusive",India,26
2020-10-01,"AQ BZ Allin1","Atliq Exclusive",India,24
2020-10-01,"AQ BZ Allin1","Atliq Exclusive",India,19
2020-10-01,"AQ BZ Allin1","Atliq Exclusive",India,20
2020-10-01,"AQ BZ Allin1","Atliq Exclusive",India,29
2020-10-01,"AQ Home Allin1","Atliq Exclusive",India,6
2020-10-01,"AQ Home Allin1","Atliq Exclusive",India,4
2020-10-01,"AQ Home Allin1","Atliq Exclusive",India,3
2020-10-01,"AQ Home Allin1","Atliq Exclusive",India,5
2020-10-01,"AQ Home Allin1","Atliq Exclusive",India,5
2020-10-01,"AQ Home Allin1","Atliq Exclusive",India,3
2020-10-01,"AQ Home Allin1","Atliq Exclusive",India,7
2020-10-01,"AQ Home Allin1","Atliq Exclusive",India,6
2020-10-01,"AQ HOME Allin1 Gen 2","Atliq Exclusive",India,3
2020-10-01,"AQ HOME Allin1 Gen 2","Atliq Exclusive",India,6
2020-10-01,"AQ HOME Allin1 Gen 2","Atliq Exclusive",India,4
2020-10-01,"AQ HOME Allin1 Gen 2","Atliq Exclusive",India,3
2020-10-01,"AQ HOME Allin1 Gen 2","Atliq Exclusive",India,6
2020-10-01,"AQ HOME Allin1 Gen 2","Atliq Exclusive",India,5
2020-10-01,"AQ Digit SSD","Atliq Exclusive",India,149
2020-10-01,"AQ Digit SSD","Atliq Exclusive",India,825
2020-10-01,"AQ Digit SSD","Atliq Exclusive",India,838
2020-10-01,"AQ Neuer SSD","Atliq Exclusive",India,917
2020-10-01,"AQ Neuer SSD","Atliq Exclusive",India,973
2020-10-01,"AQ Neuer SSD","Atliq Exclusive",India,644
2020-10-01,"AQ Clx1","Atliq Exclusive",India,1220
2020-10-01,"AQ Clx1","Atliq Exclusive",India,281
2020-10-01,"AQ Clx1","Atliq Exclusive",India,1257
2020-10-01,"AQ Clx2","Atliq Exclusive",India,1303
2020-10-01,"AQ Clx2","Atliq Exclusive",India,387
2020-10-01,"AQ Clx2","Atliq Exclusive",India,270
2020-10-01,"AQ Clx3","Atliq Exclusive",India,679
2020-10-01,"AQ Pen Drive 2 IN 1","Atliq Exclusive",India,1771
2020-10-01,"AQ Pen Drive DRC","Atliq Exclusive",India,1268
2020-10-01,"AQ Pen Drive DRC","Atliq Exclusive",India,1954
2020-10-01,"AQ Pen Drive DRC","Atliq Exclusive",India,389
2020-10-01,"AQ Wi Power Dx1","Atliq Exclusive",India,414
2020-10-01,"AQ Wi Power Dx1","Atliq Exclusive",India,885
2020-10-01,"AQ Wi Power Dx1","Atliq Exclusive",India,554
2020-10-01,"AQ Wi Power Dx2","Atliq Exclusive",India,719
2020-10-01,"AQ Wi Power Dx2","Atliq Exclusive",India,934
2020-10-01,"AQ Wi Power Dx2","Atliq Exclusive",India,416
2020-10-01,"AQ Wi Power Dx3","Atliq Exclusive",India,502
2020-10-01,"AQ Wi Power Dx3","Atliq Exclusive",India,696
2020-10-01,"AQ Wi Power Dx3","Atliq Exclusive",India,228
2020-11-01,"AQ Dracula HDD – 3.5 Inch SATA 6 Gb/s 5400 RPM 256 MB Cache","Atliq Exclusive",India,48
2020-11-01,"AQ Dracula HDD – 3.5 Inch SATA 6 Gb/s 5400 RPM 256 MB Cache","Atliq Exclusive",India,92
2020-11-01,"AQ Dracula HDD – 3.5 Inch SATA 6 Gb/s 5400 RPM 256 MB Cache","Atliq Exclusive",India,149
2020-11-01,"AQ Dracula HDD – 3.5 Inch SATA 6 Gb/s 5400 RPM 256 MB Cache","Atliq Exclusive",India,351
2020-11-01,"AQ Dracula HDD – 3.5 Inch SATA 6 Gb/s 5400 RPM 256 MB Cache","Atliq Exclusive",India,189
2020-11-01,"AQ Dracula HDD – 3.5 Inch SATA 6 Gb/s 5400 RPM 256 MB Cache","Atliq Exclusive",India,172
2020-11-01,"AQ Dracula HDD – 3.5 Inch SATA 6 Gb/s 5400 RPM 256 MB Cache","Atliq Exclusive",India,123
2020-11-01,"AQ Dracula HDD – 3.5 Inch SATA 6 Gb/s 5400 RPM 256 MB Cache","Atliq Exclusive",India,261
2020-11-01,"AQ WereWolf NAS Internal Hard Drive HDD – 8.89 cm","Atliq Exclusive",India,180
2020-11-01,"AQ WereWolf NAS Internal Hard Drive HDD – 8.89 cm","Atliq Exclusive",India,245
2020-11-01,"AQ WereWolf NAS Internal Hard Drive HDD – 8.89 cm","Atliq Exclusive",India,260
2020-11-01,"AQ WereWolf NAS Internal Hard Drive HDD – 8.89 cm","Atliq Exclusive",India,385
2020-11-01,"AQ WereWolf NAS Internal Hard Drive HDD – 8.89 cm","Atliq Exclusive",India,230
2020-11-01,"AQ WereWolf NAS Internal Hard Drive HDD – 8.89 cm","Atliq Exclusive",India,346
2020-11-01,"AQ Zion Saga","Atliq Exclusive",India,265
2020-11-01,"AQ Zion Saga","Atliq Exclusive",India,143
2020-11-01,"AQ Zion Saga","Atliq Exclusive",India,228
2020-11-01,"AQ Zion Saga","Atliq Exclusive",India,116
2020-11-01,"AQ Zion Saga","Atliq Exclusive",India,63
2020-11-01,"AQ Zion Saga","Atliq Exclusive",India,68
2020-11-01,"AQ Mforce Gen X","Atliq Exclusive",India,290
2020-11-01,"AQ Mforce Gen X","Atliq Exclusive",India,107
2020-11-01,"AQ Mforce Gen X","Atliq Exclusive",India,262
2020-11-01,"AQ Mforce Gen X","Atliq Exclusive",India,248
2020-11-01,"AQ Mforce Gen X","Atliq Exclusive",India,127
2020-11-01,"AQ Mforce Gen X","Atliq Exclusive",India,180
2020-11-01,"AQ Mforce Gen X","Atliq Exclusive",India,296
2020-11-01,"AQ Mforce Gen X","Atliq Exclusive",India,112
2020-11-01,"AQ Mforce Gen Y","Atliq Exclusive",India,165
2020-11-01,"AQ Mforce Gen Y","Atliq Exclusive",India,265
2020-11-01,"AQ Mforce Gen Y","Atliq Exclusive",India,109
2020-11-01,"AQ Mforce Gen Y","Atliq Exclusive",India,46
2020-11-01,"AQ Mforce Gen Y","Atliq Exclusive",India,237
2020-11-01,"AQ Mforce Gen Y","Atliq Exclusive",India,172
2020-11-01,"AQ Mforce Gen Y","Atliq Exclusive",India,204
2020-11-01,"AQ Mforce Gen Y","Atliq Exclusive",India,218
2020-11-01,"AQ Mforce Gen Y","Atliq Exclusive",India,139
2020-11-01,"AQ Mforce Gen Y","Atliq Exclusive",India,46
2020-11-01,"AQ Mforce Gen Y","Atliq Exclusive",India,333
2020-11-01,"AQ Mforce Gen Y","Atliq Exclusive",India,98
2020-11-01,"AQ Mforce Gen Y","Atliq Exclusive",India,171
2020-11-01,"AQ Mforce Gen Y","Atliq Exclusive",India,190
2020-11-01,"AQ Mforce Gen Y","Atliq Exclusive",India,118
2020-11-01,"AQ Mforce Gen Y","Atliq Exclusive",India,96
2020-11-01,"AQ Mforce Gen Z","Atliq Exclusive",India,132
2020-11-01,"AQ Mforce Gen Z","Atliq Exclusive",India,222
2020-11-01,"AQ Mforce Gen Z","Atliq Exclusive",India,206
2020-11-01,"AQ Mforce Gen Z","Atliq Exclusive",India,316
2020-11-01,"AQ Mforce Gen Z","Atliq Exclusive",India,99
2020-11-01,"AQ Mforce Gen Z","Atliq Exclusive",India,90
2020-11-01,"AQ Mforce Gen Z","Atliq Exclusive",India,245
2020-11-01,"AQ Mforce Gen Z","Atliq Exclusive",India,250
2020-11-01,"AQ Mforce Gen Z","Atliq Exclusive",India,169
2020-11-01,"AQ Mforce Gen Z","Atliq Exclusive",India,197
2020-11-01,"AQ Mforce Gen Z","Atliq Exclusive",India,177
2020-11-01,"AQ Mforce Gen Z","Atliq Exclusive",India,302
2020-11-01,"AQ Mforce Gen Z","Atliq Exclusive",India,171
2020-11-01,"AQ Mforce Gen Z","Atliq Exclusive",India,179
2020-11-01,"AQ Mforce Gen Z","Atliq Exclusive",India,226
2020-11-01,"AQ Mforce Gen Z","Atliq Exclusive",India,36
2020-11-01,"AQ GT 21","Atliq Exclusive",India,41
2020-11-01,"AQ GT 21","Atliq Exclusive",India,174
2020-11-01,"AQ GT 21","Atliq Exclusive",India,137
2020-11-01,"AQ GT 21","Atliq Exclusive",India,76
2020-11-01,"AQ GT 21","Atliq Exclusive",India,191
2020-11-01,"AQ GT 21","Atliq Exclusive",India,159
2020-11-01,"AQ GT 21","Atliq Exclusive",India,50
2020-11-01,"AQ GT 21","Atliq Exclusive",India,118
2020-11-01,"AQ Marquee P3","Atliq Exclusive",India,283
2020-11-01,"AQ Marquee P3","Atliq Exclusive",India,64
2020-11-01,"AQ Marquee P3","Atliq Exclusive",India,299
2020-11-01,"AQ Marquee P3","Atliq Exclusive",India,325
2020-11-01,"AQ Marquee P3","Atliq Exclusive",India,196
2020-11-01,"AQ Marquee P3","Atliq Exclusive",India,213
2020-11-01,"AQ Marquee P3","Atliq Exclusive",India,190
2020-11-01,"AQ Marquee P3","Atliq Exclusive",India,134
2020-11-01,"AQ Marquee P4","Atliq Exclusive",India,160
2020-11-01,"AQ Marquee P4","Atliq Exclusive",India,69
2020-11-01,"AQ 5000 Series Electron 9 5900X Desktop Processor","Atliq Exclusive",India,322
2020-11-01,"AQ 5000 Series Electron 9 5900X Desktop Processor","Atliq Exclusive",India,286
2020-11-01,"AQ 5000 Series Electron 9 5900X Desktop Processor","Atliq Exclusive",India,214
2020-11-01,"AQ 5000 Series Electron 9 5900X Desktop Processor","Atliq Exclusive",India,203
2020-11-01,"AQ 5000 Series Electron 9 5900X Desktop Processor","Atliq Exclusive",India,204
2020-11-01,"AQ 5000 Series Electron 9 5900X Desktop Processor","Atliq Exclusive",India,289
2020-11-01,"AQ 5000 Series Electron 8 5900X Desktop Processor","Atliq Exclusive",India,271
2020-11-01,"AQ 5000 Series Electron 8 5900X Desktop Processor","Atliq Exclusive",India,100
2020-11-01,"AQ 5000 Series Electron 8 5900X Desktop Processor","Atliq Exclusive",India,181
2020-11-01,"AQ 5000 Series Electron 8 5900X Desktop Processor","Atliq Exclusive",India,264
2020-11-01,"AQ 5000 Series Electron 8 5900X Desktop Processor","Atliq Exclusive",India,317
2020-11-01,"AQ 5000 Series Electron 8 5900X Desktop Processor","Atliq Exclusive",India,41
2020-11-01,"AQ 5000 Series Ultron 8 5900X Desktop Processor","Atliq Exclusive",India,73
2020-11-01,"AQ 5000 Series Ultron 8 5900X Desktop Processor","Atliq Exclusive",India,152
2020-11-01,"AQ 5000 Series Ultron 8 5900X Desktop Processor","Atliq Exclusive",India,131
2020-11-01,"AQ 5000 Series Ultron 8 5900X Desktop Processor","Atliq Exclusive",India,71
2020-11-01,"AQ 5000 Series Ultron 8 5900X Desktop Processor","Atliq Exclusive",India,48
2020-11-01,"AQ 5000 Series Ultron 8 5900X Desktop Processor","Atliq Exclusive",India,50
2020-11-01,"AQ Electron 5 3600 Desktop Processor","Atliq Exclusive",India,244
2020-11-01,"AQ Electron 5 3600 Desktop Processor","Atliq Exclusive",India,115
2020-11-01,"AQ Electron 5 3600 Desktop Processor","Atliq Exclusive",India,279
2020-11-01,"AQ Electron 5 3600 Desktop Processor","Atliq Exclusive",India,215
2020-11-01,"AQ Electron 5 3600 Desktop Processor","Atliq Exclusive",India,161
2020-11-01,"AQ Electron 5 3600 Desktop Processor","Atliq Exclusive",India,176
2020-11-01,"AQ Electron 4 3600 Desktop Processor","Atliq Exclusive",India,219
2020-11-01,"AQ Electron 4 3600 Desktop Processor","Atliq Exclusive",India,211
2020-11-01,"AQ Electron 4 3600 Desktop Processor","Atliq Exclusive",India,295
2020-11-01,"AQ Electron 4 3600 Desktop Processor","Atliq Exclusive",India,97
2020-11-01,"AQ Electron 4 3600 Desktop Processor","Atliq Exclusive",India,160
2020-11-01,"AQ Electron 4 3600 Desktop Processor","Atliq Exclusive",India,344
2020-11-01,"AQ Electron 3 3600 Desktop Processor","Atliq Exclusive",India,340
2020-11-01,"AQ Electron 3 3600 Desktop Processor","Atliq Exclusive",India,220
2020-11-01,"AQ Electron 3 3600 Desktop Processor","Atliq Exclusive",India,92
2020-11-01,"AQ Electron 3 3600 Desktop Processor","Atliq Exclusive",India,52
2020-11-01,"AQ MB Elite","Atliq Exclusive",India,147
2020-11-01,"AQ MB Elite","Atliq Exclusive",India,180
2020-11-01,"AQ MB Elite","Atliq Exclusive",India,214
2020-11-01,"AQ MB Elite","Atliq Exclusive",India,137
2020-11-01,"AQ MB Elite","Atliq Exclusive",India,88
2020-11-01,"AQ MB Elite","Atliq Exclusive",India,165
2020-11-01,"AQ MB Elite","Atliq Exclusive",India,239
2020-11-01,"AQ MB Elite","Atliq Exclusive",India,232
2020-11-01,"AQ MB Crossx","Atliq Exclusive",India,174
2020-11-01,"AQ MB Crossx","Atliq Exclusive",India,187
2020-11-01,"AQ MB Crossx","Atliq Exclusive",India,137
2020-11-01,"AQ MB Crossx","Atliq Exclusive",India,77
2020-11-01,"AQ MB Crossx","Atliq Exclusive",India,197
2020-11-01,"AQ MB Crossx","Atliq Exclusive",India,145
2020-11-01,"AQ MB Crossx","Atliq Exclusive",India,94
2020-11-01,"AQ MB Crossx","Atliq Exclusive",India,103
2020-11-01,"AQ MB Crossx 2","Atliq Exclusive",India,202
2020-11-01,"AQ MB Crossx 2","Atliq Exclusive",India,117
2020-11-01,"AQ MB Crossx 2","Atliq Exclusive",India,83
2020-11-01,"AQ MB Crossx 2","Atliq Exclusive",India,193
2020-11-01,"AQ MB Crossx 2","Atliq Exclusive",India,145
2020-11-01,"AQ MB Crossx 2","Atliq Exclusive",India,149
2020-11-01,"AQ MB Crossx 2","Atliq Exclusive",India,28
2020-11-01,"AQ MB Crossx 2","Atliq Exclusive",India,57
2020-11-01,"AQ MB Lito","Atliq Exclusive",India,165
2020-11-01,"AQ MB Lito","Atliq Exclusive",India,176
2020-11-01,"AQ MB Lito","Atliq Exclusive",India,86
2020-11-01,"AQ MB Lito","Atliq Exclusive",India,195
2020-11-01,"AQ MB Lito","Atliq Exclusive",India,217
2020-11-01,"AQ MB Lito","Atliq Exclusive",India,218
2020-11-01,"AQ MB Lito","Atliq Exclusive",India,65
2020-11-01,"AQ MB Lito","Atliq Exclusive",India,124
2020-11-01,"AQ MB Lito 2","Atliq Exclusive",India,100
2020-11-01,"AQ MB Lito 2","Atliq Exclusive",India,124
2020-11-01,"AQ MB Lito 2","Atliq Exclusive",India,207
2020-11-01,"AQ MB Lito 2","Atliq Exclusive",India,201
2020-11-01,"AQ MB Lito 2","Atliq Exclusive",India,234
2020-11-01,"AQ MB Lito 2","Atliq Exclusive",India,122
2020-11-01,"AQ Master wired x1 Ms","Atliq Exclusive",India,979
2020-11-01,"AQ Master wired x1 Ms","Atliq Exclusive",India,212
2020-11-01,"AQ Master wired x1 Ms","Atliq Exclusive",India,1503
2020-11-01,"AQ Master wired x1 Ms","Atliq Exclusive",India,884
2020-11-01,"AQ Master wired x1 Ms","Atliq Exclusive",India,453
2020-11-01,"AQ Master wired x1 Ms","Atliq Exclusive",India,838
2020-11-01,"AQ Master wired x1 Ms","Atliq Exclusive",India,1273
2020-11-01,"AQ Master wired x1 Ms","Atliq Exclusive",India,354
2020-11-01,"AQ Master wired x1 Ms","Atliq Exclusive",India,1089
2020-11-01,"AQ Master wired x1 Ms","Atliq Exclusive",India,760
2020-11-01,"AQ Master wired x1 Ms","Atliq Exclusive",India,1559
2020-11-01,"AQ Master wired x1 Ms","Atliq Exclusive",India,1475
2020-11-01,"AQ Master wireless x1 Ms","Atliq Exclusive",India,1269
2020-11-01,"AQ Master wireless x1 Ms","Atliq Exclusive",India,987
2020-11-01,"AQ Master wireless x1 Ms","Atliq Exclusive",India,1694
2020-11-01,"AQ Master wireless x1 Ms","Atliq Exclusive",India,1086
2020-11-01,"AQ Master wireless x1 Ms","Atliq Exclusive",India,608
2020-11-01,"AQ Master wireless x1 Ms","Atliq Exclusive",India,601
2020-11-01,"AQ Master wireless x1 Ms","Atliq Exclusive",India,1429
2020-11-01,"AQ Master wireless x1 Ms","Atliq Exclusive",India,1545
2020-11-01,"AQ Master wireless x1 Ms","Atliq Exclusive",India,1482
2020-11-01,"AQ Master wireless x1 Ms","Atliq Exclusive",India,1206
2020-11-01,"AQ Master wireless x1 Ms","Atliq Exclusive",India,523
2020-11-01,"AQ Master wireless x1 Ms","Atliq Exclusive",India,488
2020-11-01,"AQ Gamers Ms","Atliq Exclusive",India,1708
2020-11-01,"AQ Gamers Ms","Atliq Exclusive",India,895
2020-11-01,"AQ Gamers Ms","Atliq Exclusive",India,308
2020-11-01,"AQ Gamers Ms","Atliq Exclusive",India,1404
2020-11-01,"AQ Gamers Ms","Atliq Exclusive",India,534
2020-11-01,"AQ Gamers Ms","Atliq Exclusive",India,1259
2020-11-01,"AQ Gamers Ms","Atliq Exclusive",India,902
2020-11-01,"AQ Gamers Ms","Atliq Exclusive",India,583
2020-11-01,"AQ Gamers Ms","Atliq Exclusive",India,212
2020-11-01,"AQ Gamers Ms","Atliq Exclusive",India,1337
2020-11-01,"AQ Gamers Ms","Atliq Exclusive",India,806
2020-11-01,"AQ Gamers Ms","Atliq Exclusive",India,1743
2020-11-01,"AQ Lite Ms","Atliq Exclusive",India,612
2020-11-01,"AQ Lite Ms","Atliq Exclusive",India,329
2020-11-01,"AQ Lite Ms","Atliq Exclusive",India,605
2020-11-01,"AQ Lite Ms","Atliq Exclusive",India,1467
2020-11-01,"AQ Lite Ms","Atliq Exclusive",India,1351
2020-11-01,"AQ Lite Ms","Atliq Exclusive",India,523
2020-11-01,"AQ Lite Ms","Atliq Exclusive",India,566
2020-11-01,"AQ Lite Ms","Atliq Exclusive",India,279
2020-11-01,"AQ Lite Ms","Atliq Exclusive",India,1064
2020-11-01,"AQ Lite Ms","Atliq Exclusive",India,1637
2020-11-01,"AQ Lite Ms","Atliq Exclusive",India,1574
2020-11-01,"AQ Lite Ms","Atliq Exclusive",India,258
2020-11-01,"AQ Maxima Ms","Atliq Exclusive",India,587
2020-11-01,"AQ Maxima Ms","Atliq Exclusive",India,1545
2020-11-01,"AQ Maxima Ms","Atliq Exclusive",India,1570
2020-11-01,"AQ Maxima Ms","Atliq Exclusive",India,1386
2020-11-01,"AQ Maxima Ms","Atliq Exclusive",India,1132
2020-11-01,"AQ Maxima Ms","Atliq Exclusive",India,916
2020-11-01,"AQ Maxima Ms","Atliq Exclusive",India,194
2020-11-01,"AQ Maxima Ms","Atliq Exclusive",India,410
2020-11-01,"AQ Maxima Ms","Atliq Exclusive",India,796
2020-11-01,"AQ Maxima Ms","Atliq Exclusive",India,799
2020-11-01,"AQ Maxima Ms","Atliq Exclusive",India,658
2020-11-01,"AQ Maxima Ms","Atliq Exclusive",India,714
2020-11-01,"AQ Qwerty Ms","Atliq Exclusive",India,1492
2020-11-01,"AQ Qwerty Ms","Atliq Exclusive",India,1538
2020-11-01,"AQ Qwerty Ms","Atliq Exclusive",India,492
2020-11-01,"AQ Qwerty Ms","Atliq Exclusive",India,1340
2020-11-01,"AQ Qwerty Ms","Atliq Exclusive",India,1453
2020-11-01,"AQ Qwerty Ms","Atliq Exclusive",India,1397
2020-11-01,"AQ Qwerty Ms","Atliq Exclusive",India,1644
2020-11-01,"AQ Qwerty Ms","Atliq Exclusive",India,322
2020-11-01,"AQ Qwerty Ms","Atliq Exclusive",India,410
2020-11-01,"AQ Qwerty Ms","Atliq Exclusive",India,1591
2020-11-01,"AQ Qwerty Ms","Atliq Exclusive",India,1393
2020-11-01,"AQ Qwerty Ms","Atliq Exclusive",India,1163
2020-11-01,"AQ Trigger Ms","Atliq Exclusive",India,820
2020-11-01,"AQ Trigger Ms","Atliq Exclusive",India,1559
2020-11-01,"AQ Trigger Ms","Atliq Exclusive",India,1407
2020-11-01,"AQ Trigger Ms","Atliq Exclusive",India,1595
2020-11-01,"AQ Trigger Ms","Atliq Exclusive",India,1128
2020-11-01,"AQ Trigger Ms","Atliq Exclusive",India,1609
2020-11-01,"AQ Trigger Ms","Atliq Exclusive",India,329
2020-11-01,"AQ Trigger Ms","Atliq Exclusive",India,1566
2020-11-01,"AQ Trigger Ms","Atliq Exclusive",India,714
2020-11-01,"AQ Trigger Ms","Atliq Exclusive",India,1110
2020-11-01,"AQ Trigger Ms","Atliq Exclusive",India,682
2020-11-01,"AQ Trigger Ms","Atliq Exclusive",India,1376
2020-11-01,"AQ Lumina Ms","Atliq Exclusive",India,364
2020-11-01,"AQ Lumina Ms","Atliq Exclusive",India,1192
2020-11-01,"AQ Master wired x1","Atliq Exclusive",India,191
2020-11-01,"AQ Master wired x1","Atliq Exclusive",India,1059
2020-11-01,"AQ Master wired x1","Atliq Exclusive",India,718
2020-11-01,"AQ Master wired x1","Atliq Exclusive",India,751
2020-11-01,"AQ Master wired x1","Atliq Exclusive",India,1167
2020-11-01,"AQ Master wired x1","Atliq Exclusive",India,574
2020-11-01,"AQ Master wired x1","Atliq Exclusive",India,1305
2020-11-01,"AQ Master wired x1","Atliq Exclusive",India,1448
2020-11-01,"AQ Master wired x1","Atliq Exclusive",India,1233
2020-11-01,"AQ Master wired x1","Atliq Exclusive",India,673
2020-11-01,"AQ Master wired x1","Atliq Exclusive",India,150
2020-11-01,"AQ Master wired x1","Atliq Exclusive",India,1415
2020-11-01,"AQ Master wireless x1","Atliq Exclusive",India,760
2020-11-01,"AQ Master wireless x1","Atliq Exclusive",India,455
2020-11-01,"AQ Master wireless x1","Atliq Exclusive",India,521
2020-11-01,"AQ Master wireless x1","Atliq Exclusive",India,877
2020-11-01,"AQ Master wireless x1","Atliq Exclusive",India,634
2020-11-01,"AQ Master wireless x1","Atliq Exclusive",India,1397
2020-11-01,"AQ Master wireless x1","Atliq Exclusive",India,697
2020-11-01,"AQ Master wireless x1","Atliq Exclusive",India,1116
2020-11-01,"AQ Master wireless x1","Atliq Exclusive",India,978
2020-11-01,"AQ Master wireless x1","Atliq Exclusive",India,1206
2020-11-01,"AQ Master wireless x1","Atliq Exclusive",India,215
2020-11-01,"AQ Master wireless x1","Atliq Exclusive",India,649
2020-11-01,"AQ Gamers ","Atliq Exclusive",India,1158
2020-11-01,"AQ Gamers ","Atliq Exclusive",India,1197
2020-11-01,"AQ Gamers ","Atliq Exclusive",India,1334
2020-11-01,"AQ Gamers ","Atliq Exclusive",India,685
2020-11-01,"AQ Gamers ","Atliq Exclusive",India,1041
2020-11-01,"AQ Gamers ","Atliq Exclusive",India,1364
2020-11-01,"AQ Gamers ","Atliq Exclusive",India,1370
2020-11-01,"AQ Gamers ","Atliq Exclusive",India,1460
2020-11-01,"AQ Gamers ","Atliq Exclusive",India,353
2020-11-01,"AQ Gamers ","Atliq Exclusive",India,503
2020-11-01,"AQ Gamers ","Atliq Exclusive",India,901
2020-11-01,"AQ Gamers ","Atliq Exclusive",India,715
2020-11-01,"AQ Lite","Atliq Exclusive",India,308
2020-11-01,"AQ Lite","Atliq Exclusive",India,969
2020-11-01,"AQ Lite","Atliq Exclusive",India,772
2020-11-01,"AQ Lite","Atliq Exclusive",India,996
2020-11-01,"AQ Lite","Atliq Exclusive",India,742
2020-11-01,"AQ Lite","Atliq Exclusive",India,996
2020-11-01,"AQ Lite","Atliq Exclusive",India,996
2020-11-01,"AQ Lite","Atliq Exclusive",India,521
2020-11-01,"AQ Lite","Atliq Exclusive",India,188
2020-11-01,"AQ Lite","Atliq Exclusive",India,583
2020-11-01,"AQ Lite","Atliq Exclusive",India,1463
2020-11-01,"AQ Lite","Atliq Exclusive",India,1346
2020-11-01,"AQ Maxima","Atliq Exclusive",India,266
2020-11-01,"AQ Maxima","Atliq Exclusive",India,221
2020-11-01,"AQ Maxima","Atliq Exclusive",India,174
2020-11-01,"AQ Maxima","Atliq Exclusive",India,347
2020-11-01,"AQ Maxima","Atliq Exclusive",India,1143
2020-11-01,"AQ Maxima","Atliq Exclusive",India,673
2020-11-01,"AQ Maxima","Atliq Exclusive",India,766
2020-11-01,"AQ Maxima","Atliq Exclusive",India,664
2020-11-01,"AQ Maxima","Atliq Exclusive",India,1092
2020-11-01,"AQ Maxima","Atliq Exclusive",India,542
2020-11-01,"AQ Maxima","Atliq Exclusive",India,996
2020-11-01,"AQ Maxima","Atliq Exclusive",India,1463
2020-11-01,"AQ Qwerty","Atliq Exclusive",India,257
2020-11-01,"AQ Qwerty","Atliq Exclusive",India,724
2020-11-01,"AQ Qwerty","Atliq Exclusive",India,515
2020-11-01,"AQ Qwerty","Atliq Exclusive",India,329
2020-11-01,"AQ Qwerty","Atliq Exclusive",India,1275
2020-11-01,"AQ Qwerty","Atliq Exclusive",India,1439
2020-11-01,"AQ Qwerty","Atliq Exclusive",India,1221
2020-11-01,"AQ Qwerty","Atliq Exclusive",India,999
2020-11-01,"AQ Qwerty","Atliq Exclusive",India,1284
2020-11-01,"AQ Qwerty","Atliq Exclusive",India,1475
2020-11-01,"AQ Qwerty","Atliq Exclusive",India,437
2020-11-01,"AQ Qwerty","Atliq Exclusive",India,1481
2020-11-01,"AQ Trigger","Atliq Exclusive",India,1206
2020-11-01,"AQ Trigger","Atliq Exclusive",India,814
2020-11-01,"AQ Trigger","Atliq Exclusive",India,392
2020-11-01,"AQ Trigger","Atliq Exclusive",India,948
2020-11-01,"AQ Trigger","Atliq Exclusive",India,772
2020-11-01,"AQ Trigger","Atliq Exclusive",India,320
2020-11-01,"AQ Trigger","Atliq Exclusive",India,712
2020-11-01,"AQ Trigger","Atliq Exclusive",India,1451
2020-11-01,"AQ Trigger","Atliq Exclusive",India,838
2020-11-01,"AQ Trigger","Atliq Exclusive",India,1334
2020-11-01,"AQ LION x1","Atliq Exclusive",India,91
2020-11-01,"AQ LION x1","Atliq Exclusive",India,87
2020-11-01,"AQ LION x1","Atliq Exclusive",India,136
2020-11-01,"AQ LION x1","Atliq Exclusive",India,51
2020-11-01,"AQ LION x1","Atliq Exclusive",India,51
2020-11-01,"AQ LION x1","Atliq Exclusive",India,131
2020-11-01,"AQ LION x1","Atliq Exclusive",India,127
2020-11-01,"AQ LION x1","Atliq Exclusive",India,72
2020-11-01,"AQ LION x2","Atliq Exclusive",India,110
2020-11-01,"AQ LION x2","Atliq Exclusive",India,139
2020-11-01,"AQ LION x2","Atliq Exclusive",India,22
2020-11-01,"AQ LION x2","Atliq Exclusive",India,84
2020-11-01,"AQ LION x2","Atliq Exclusive",India,66
2020-11-01,"AQ LION x2","Atliq Exclusive",India,15
2020-11-01,"AQ LION x2","Atliq Exclusive",India,54
2020-11-01,"AQ LION x2","Atliq Exclusive",India,52
2020-11-01,"AQ LION x2","Atliq Exclusive",India,103
2020-11-01,"AQ LION x2","Atliq Exclusive",India,81
2020-11-01,"AQ LION x3","Atliq Exclusive",India,140
2020-11-01,"AQ LION x3","Atliq Exclusive",India,84
2020-11-01,"AQ LION x3","Atliq Exclusive",India,73
2020-11-01,"AQ LION x3","Atliq Exclusive",India,81
2020-11-01,"AQ LION x3","Atliq Exclusive",India,108
2020-11-01,"AQ LION x3","Atliq Exclusive",India,145
2020-11-01,"AQ LION x3","Atliq Exclusive",India,48
2020-11-01,"AQ LION x3","Atliq Exclusive",India,84
2020-11-01,"AQ LION x3","Atliq Exclusive",India,98
2020-11-01,"AQ LION x3","Atliq Exclusive",India,46
2020-11-01,"AQ Mx NB","Atliq Exclusive",India,80
2020-11-01,"AQ Mx NB","Atliq Exclusive",India,29
2020-11-01,"AQ Mx NB","Atliq Exclusive",India,81
2020-11-01,"AQ Mx NB","Atliq Exclusive",India,118
2020-11-01,"AQ Mx NB","Atliq Exclusive",India,107
2020-11-01,"AQ Mx NB","Atliq Exclusive",India,129
2020-11-01,"AQ Mx NB","Atliq Exclusive",India,47
2020-11-01,"AQ Mx NB","Atliq Exclusive",India,94
2020-11-01,"AQ Mx NB","Atliq Exclusive",India,92
2020-11-01,"AQ Mx NB","Atliq Exclusive",India,25
2020-11-01,"AQ Aspiron","Atliq Exclusive",India,35
2020-11-01,"AQ Aspiron","Atliq Exclusive",India,45
2020-11-01,"AQ Aspiron","Atliq Exclusive",India,57
2020-11-01,"AQ Aspiron","Atliq Exclusive",India,56
2020-11-01,"AQ Aspiron","Atliq Exclusive",India,56
2020-11-01,"AQ Aspiron","Atliq Exclusive",India,55
2020-11-01,"AQ Digit","Atliq Exclusive",India,40
2020-11-01,"AQ Digit","Atliq Exclusive",India,59
2020-11-01,"AQ Digit","Atliq Exclusive",India,51
2020-11-01,"AQ Digit","Atliq Exclusive",India,49
2020-11-01,"AQ Digit","Atliq Exclusive",India,49
2020-11-01,"AQ Digit","Atliq Exclusive",India,15
2020-11-01,"AQ Digit","Atliq Exclusive",India,49
2020-11-01,"AQ Digit","Atliq Exclusive",India,19
2020-11-01,"AQ Digit","Atliq Exclusive",India,53
2020-11-01,"AQ Digit","Atliq Exclusive",India,59
2020-11-01,"AQ Digit","Atliq Exclusive",India,34
2020-11-01,"AQ Digit","Atliq Exclusive",India,23
2020-11-01,"AQ Digit","Atliq Exclusive",India,23
2020-11-01,"AQ Digit","Atliq Exclusive",India,37
2020-11-01,"AQ Digit","Atliq Exclusive",India,26
2020-11-01,"AQ Digit","Atliq Exclusive",India,62
2020-11-01,"AQ Velocity","Atliq Exclusive",India,50
2020-11-01,"AQ Velocity","Atliq Exclusive",India,24
2020-11-01,"AQ Velocity","Atliq Exclusive",India,58
2020-11-01,"AQ Velocity","Atliq Exclusive",India,53
2020-11-01,"AQ Velocity","Atliq Exclusive",India,64
2020-11-01,"AQ Velocity","Atliq Exclusive",India,11
2020-11-01,"AQ Velocity","Atliq Exclusive",India,13
2020-11-01,"AQ Velocity","Atliq Exclusive",India,14
2020-11-01,"AQ Velocity","Atliq Exclusive",India,59
2020-11-01,"AQ Velocity","Atliq Exclusive",India,62
2020-11-01,"AQ Velocity","Atliq Exclusive",India,23
2020-11-01,"AQ Velocity","Atliq Exclusive",India,62
2020-11-01,"AQ Elite","Atliq Exclusive",India,66
2020-11-01,"AQ Elite","Atliq Exclusive",India,38
2020-11-01,"AQ Elite","Atliq Exclusive",India,41
2020-11-01,"AQ Elite","Atliq Exclusive",India,16
2020-11-01,"AQ Elite","Atliq Exclusive",India,31
2020-11-01,"AQ Elite","Atliq Exclusive",India,14
2020-11-01,"AQ Elite","Atliq Exclusive",India,22
2020-11-01,"AQ Elite","Atliq Exclusive",India,57
2020-11-01,"AQ Elite","Atliq Exclusive",India,26
2020-11-01,"AQ Elite","Atliq Exclusive",India,26
2020-11-01,"AQ Elite","Atliq Exclusive",India,14
2020-11-01,"AQ Elite","Atliq Exclusive",India,42
2020-11-01,"AQ Elite","Atliq Exclusive",India,48
2020-11-01,"AQ Elite","Atliq Exclusive",India,24
2020-11-01,"AQ Elite","Atliq Exclusive",India,61
2020-11-01,"AQ Elite","Atliq Exclusive",India,51
2020-11-01,"AQ Gen X","Atliq Exclusive",India,29
2020-11-01,"AQ Gen X","Atliq Exclusive",India,16
2020-11-01,"AQ Gen X","Atliq Exclusive",India,26
2020-11-01,"AQ Gen X","Atliq Exclusive",India,19
2020-11-01,"AQ Gen X","Atliq Exclusive",India,13
2020-11-01,"AQ Gen X","Atliq Exclusive",India,21
2020-11-01,"AQ Gen X","Atliq Exclusive",India,59
2020-11-01,"AQ Gen X","Atliq Exclusive",India,64
2020-11-01,"AQ Gen X","Atliq Exclusive",India,13
2020-11-01,"AQ Gen X","Atliq Exclusive",India,55
2020-11-01,"AQ Gen X","Atliq Exclusive",India,26
2020-11-01,"AQ Gen X","Atliq Exclusive",India,33
2020-11-01,"AQ Gen X","Atliq Exclusive",India,38
2020-11-01,"AQ Gen X","Atliq Exclusive",India,57
2020-11-01,"AQ Gen X","Atliq Exclusive",India,55
2020-11-01,"AQ Gen X","Atliq Exclusive",India,56
2020-11-01,"AQ Gen Y","Atliq Exclusive",India,64
2020-11-01,"AQ Gen Y","Atliq Exclusive",India,51
2020-11-01,"AQ Gen Y","Atliq Exclusive",India,67
2020-11-01,"AQ Gen Y","Atliq Exclusive",India,40
2020-11-01,"AQ Gen Y","Atliq Exclusive",India,39
2020-11-01,"AQ Gen Y","Atliq Exclusive",India,55
2020-11-01,"AQ Gen Y","Atliq Exclusive",India,48
2020-11-01,"AQ Gen Y","Atliq Exclusive",India,40
2020-11-01,"AQ Gen Y","Atliq Exclusive",India,26
2020-11-01,"AQ Gen Y","Atliq Exclusive",India,65
2020-11-01,"AQ Gen Y","Atliq Exclusive",India,54
2020-11-01,"AQ Gen Y","Atliq Exclusive",India,19
2020-11-01,"AQ Gen Y","Atliq Exclusive",India,32
2020-11-01,"AQ Gen Y","Atliq Exclusive",India,48
2020-11-01,"AQ Gen Y","Atliq Exclusive",India,34
2020-11-01,"AQ Gen Y","Atliq Exclusive",India,33
2020-11-01,"AQ GEN Z","Atliq Exclusive",India,61
2020-11-01,"AQ GEN Z","Atliq Exclusive",India,63
2020-11-01,"AQ GEN Z","Atliq Exclusive",India,49
2020-11-01,"AQ GEN Z","Atliq Exclusive",India,29
2020-11-01,"AQ GEN Z","Atliq Exclusive",India,34
2020-11-01,"AQ GEN Z","Atliq Exclusive",India,42
2020-11-01,"AQ GEN Z","Atliq Exclusive",India,35
2020-11-01,"AQ GEN Z","Atliq Exclusive",India,43
2020-11-01,"AQ GEN Z","Atliq Exclusive",India,39
2020-11-01,"AQ GEN Z","Atliq Exclusive",India,50
2020-11-01,"AQ BZ 101","Atliq Exclusive",India,11
2020-11-01,"AQ BZ 101","Atliq Exclusive",India,23
2020-11-01,"AQ BZ 101","Atliq Exclusive",India,48
2020-11-01,"AQ BZ 101","Atliq Exclusive",India,14
2020-11-01,"AQ BZ 101","Atliq Exclusive",India,18
2020-11-01,"AQ BZ 101","Atliq Exclusive",India,33
2020-11-01,"AQ BZ 101","Atliq Exclusive",India,25
2020-11-01,"AQ BZ 101","Atliq Exclusive",India,45
2020-11-01,"AQ BZ Compact","Atliq Exclusive",India,12
2020-11-01,"AQ BZ Compact","Atliq Exclusive",India,24
2020-11-01,"AQ BZ Compact","Atliq Exclusive",India,46
2020-11-01,"AQ BZ Compact","Atliq Exclusive",India,42
2020-11-01,"AQ BZ Compact","Atliq Exclusive",India,30
2020-11-01,"AQ BZ Compact","Atliq Exclusive",India,16
2020-11-01,"AQ BZ Compact","Atliq Exclusive",India,40
2020-11-01,"AQ BZ Compact","Atliq Exclusive",India,33
2020-11-01,"AQ BZ Compact","Atliq Exclusive",India,29
2020-11-01,"AQ BZ Compact","Atliq Exclusive",India,45
2020-11-01,"AQ BZ Compact","Atliq Exclusive",India,44
2020-11-01,"AQ BZ Compact","Atliq Exclusive",India,24
2020-11-01,"AQ BZ Compact","Atliq Exclusive",India,20
2020-11-01,"AQ BZ Compact","Atliq Exclusive",India,47
2020-11-01,"AQ BZ Compact","Atliq Exclusive",India,45
2020-11-01,"AQ BZ Compact","Atliq Exclusive",India,13
2020-11-01,"AQ BZ Gen Y","Atliq Exclusive",India,35
2020-11-01,"AQ BZ Gen Y","Atliq Exclusive",India,41
2020-11-01,"AQ BZ Gen Y","Atliq Exclusive",India,22
2020-11-01,"AQ BZ Gen Y","Atliq Exclusive",India,18
2020-11-01,"AQ BZ Gen Y","Atliq Exclusive",India,25
2020-11-01,"AQ BZ Gen Y","Atliq Exclusive",India,39
2020-11-01,"AQ BZ Gen Y","Atliq Exclusive",India,16
2020-11-01,"AQ BZ Gen Y","Atliq Exclusive",India,46
2020-11-01,"AQ BZ Gen Y","Atliq Exclusive",India,44
2020-11-01,"AQ BZ Gen Y","Atliq Exclusive",India,42
2020-11-01,"AQ BZ Gen Y","Atliq Exclusive",India,29
2020-11-01,"AQ BZ Gen Y","Atliq Exclusive",India,22
2020-11-01,"AQ BZ Gen Y","Atliq Exclusive",India,49
2020-11-01,"AQ BZ Gen Y","Atliq Exclusive",India,46
2020-11-01,"AQ BZ Gen Z","Atliq Exclusive",India,46
2020-11-01,"AQ BZ Gen Z","Atliq Exclusive",India,37
2020-11-01,"AQ BZ Gen Z","Atliq Exclusive",India,20
2020-11-01,"AQ BZ Gen Z","Atliq Exclusive",India,28
2020-11-01,"AQ BZ Gen Z","Atliq Exclusive",India,42
2020-11-01,"AQ BZ Gen Z","Atliq Exclusive",India,18
2020-11-01,"AQ BZ Gen Z","Atliq Exclusive",India,31
2020-11-01,"AQ BZ Gen Z","Atliq Exclusive",India,39
2020-11-01,"AQ BZ Gen Z","Atliq Exclusive",India,42
2020-11-01,"AQ BZ Gen Z","Atliq Exclusive",India,25
2020-11-01,"AQ BZ Gen Z","Atliq Exclusive",India,19
2020-11-01,"AQ BZ Gen Z","Atliq Exclusive",India,15
2020-11-01,"AQ BZ Gen Z","Atliq Exclusive",India,42
2020-11-01,"AQ BZ Gen Z","Atliq Exclusive",India,46
2020-11-01,"AQ Gamer 1","Atliq Exclusive",India,19
2020-11-01,"AQ Gamer 1","Atliq Exclusive",India,18
2020-11-01,"AQ Gamer 1","Atliq Exclusive",India,6
2020-11-01,"AQ Gamer 1","Atliq Exclusive",India,8
2020-11-01,"AQ Gamer 1","Atliq Exclusive",India,6
2020-11-01,"AQ Gamer 1","Atliq Exclusive",India,8
2020-11-01,"AQ Gamer 1","Atliq Exclusive",India,21
2020-11-01,"AQ Gamer 1","Atliq Exclusive",India,25
2020-11-01,"AQ Gamer 1","Atliq Exclusive",India,8
2020-11-01,"AQ Gamer 1","Atliq Exclusive",India,12
2020-11-01,"AQ Gamer 1","Atliq Exclusive",India,14
2020-11-01,"AQ Gamer 1","Atliq Exclusive",India,6
2020-11-01,"AQ Gamer 2","Atliq Exclusive",India,6
2020-11-01,"AQ Gamer 2","Atliq Exclusive",India,29
2020-11-01,"AQ Gamer 2","Atliq Exclusive",India,28
2020-11-01,"AQ Gamer 2","Atliq Exclusive",India,19
2020-11-01,"AQ Gamer 2","Atliq Exclusive",India,21
2020-11-01,"AQ Gamer 2","Atliq Exclusive",India,10
2020-11-01,"AQ Gamer 2","Atliq Exclusive",India,16
2020-11-01,"AQ Gamer 2","Atliq Exclusive",India,13
2020-11-01,"AQ Gamer 2","Atliq Exclusive",India,7
2020-11-01,"AQ Gamer 2","Atliq Exclusive",India,14
2020-11-01,"AQ Gamer 2","Atliq Exclusive",India,25
2020-11-01,"AQ Gamer 2","Atliq Exclusive",India,17
2020-11-01,"AQ Gamer 2","Atliq Exclusive",India,29
2020-11-01,"AQ Gamer 2","Atliq Exclusive",India,5
2020-11-01,"AQ Gamer 2","Atliq Exclusive",India,12
2020-11-01,"AQ Gamer 2","Atliq Exclusive",India,6
2020-11-01,"AQ Gamer 3","Atliq Exclusive",India,22
2020-11-01,"AQ Gamer 3","Atliq Exclusive",India,5
2020-11-01,"AQ Gamer 3","Atliq Exclusive",India,16
2020-11-01,"AQ Gamer 3","Atliq Exclusive",India,8
2020-11-01,"AQ Gamer 3","Atliq Exclusive",India,17
2020-11-01,"AQ Gamer 3","Atliq Exclusive",India,24
2020-11-01,"AQ Gamer 3","Atliq Exclusive",India,21
2020-11-01,"AQ Gamer 3","Atliq Exclusive",India,9
2020-11-01,"AQ Gamer 3","Atliq Exclusive",India,22
2020-11-01,"AQ Gamer 3","Atliq Exclusive",India,9
2020-11-01,"AQ Gamer 3","Atliq Exclusive",India,16
2020-11-01,"AQ Gamer 3","Atliq Exclusive",India,13
2020-11-01,"AQ Gamer 3","Atliq Exclusive",India,21
2020-11-01,"AQ Gamer 3","Atliq Exclusive",India,23
2020-11-01,"AQ Gamer 3","Atliq Exclusive",India,15
2020-11-01,"AQ Gamer 3","Atliq Exclusive",India,5
2020-11-01,"AQ Smash 1","Atliq Exclusive",India,17
2020-11-01,"AQ Smash 1","Atliq Exclusive",India,7
2020-11-01,"AQ Smash 1","Atliq Exclusive",India,28
2020-11-01,"AQ Smash 1","Atliq Exclusive",India,25
2020-11-01,"AQ Smash 1","Atliq Exclusive",India,27
2020-11-01,"AQ Smash 1","Atliq Exclusive",India,26
2020-11-01,"AQ Smash 1","Atliq Exclusive",India,15
2020-11-01,"AQ Smash 1","Atliq Exclusive",India,6
2020-11-01,"AQ Smash 1","Atliq Exclusive",India,7
2020-11-01,"AQ Smash 1","Atliq Exclusive",India,19
2020-11-01,"AQ Smash 1","Atliq Exclusive",India,25
2020-11-01,"AQ Smash 1","Atliq Exclusive",India,24
2020-11-01,"AQ Smash 1","Atliq Exclusive",India,20
2020-11-01,"AQ Smash 1","Atliq Exclusive",India,16
2020-11-01,"AQ Smash 1","Atliq Exclusive",India,18
2020-11-01,"AQ Smash 1","Atliq Exclusive",India,7
2020-11-01,"AQ Smash 2","Atliq Exclusive",India,17
2020-11-01,"AQ Smash 2","Atliq Exclusive",India,24
2020-11-01,"AQ Smash 2","Atliq Exclusive",India,26
2020-11-01,"AQ Smash 2","Atliq Exclusive",India,20
2020-11-01,"AQ Smash 2","Atliq Exclusive",India,13
2020-11-01,"AQ Smash 2","Atliq Exclusive",India,21
2020-11-01,"AQ Smash 2","Atliq Exclusive",India,25
2020-11-01,"AQ Smash 2","Atliq Exclusive",India,6
2020-11-01,"AQ Smash 2","Atliq Exclusive",India,25
2020-11-01,"AQ Smash 2","Atliq Exclusive",India,16
2020-11-01,"AQ Smash 2","Atliq Exclusive",India,19
2020-11-01,"AQ Smash 2","Atliq Exclusive",India,9
2020-11-01,"AQ BZ Allin1","Atliq Exclusive",India,33
2020-11-01,"AQ BZ Allin1","Atliq Exclusive",India,20
2020-11-01,"AQ BZ Allin1","Atliq Exclusive",India,24
2020-11-01,"AQ BZ Allin1","Atliq Exclusive",India,28
2020-11-01,"AQ BZ Allin1","Atliq Exclusive",India,47
2020-11-01,"AQ BZ Allin1","Atliq Exclusive",India,13
2020-11-01,"AQ BZ Allin1","Atliq Exclusive",India,29
2020-11-01,"AQ BZ Allin1","Atliq Exclusive",India,33
2020-11-01,"AQ BZ Allin1","Atliq Exclusive",India,38
2020-11-01,"AQ BZ Allin1","Atliq Exclusive",India,32
2020-11-01,"AQ BZ Allin1","Atliq Exclusive",India,24
2020-11-01,"AQ BZ Allin1","Atliq Exclusive",India,17
2020-11-01,"AQ BZ Allin1","Atliq Exclusive",India,17
2020-11-01,"AQ BZ Allin1","Atliq Exclusive",India,16
2020-11-01,"AQ BZ Allin1","Atliq Exclusive",India,8
2020-11-01,"AQ BZ Allin1","Atliq Exclusive",India,33
2020-11-01,"AQ Home Allin1","Atliq Exclusive",India,2
2020-11-01,"AQ Home Allin1","Atliq Exclusive",India,3
2020-11-01,"AQ Home Allin1","Atliq Exclusive",India,8
2020-11-01,"AQ Home Allin1","Atliq Exclusive",India,7
2020-11-01,"AQ Home Allin1","Atliq Exclusive",India,5
2020-11-01,"AQ Home Allin1","Atliq Exclusive",India,4
2020-11-01,"AQ Home Allin1","Atliq Exclusive",India,8
2020-11-01,"AQ Home Allin1","Atliq Exclusive",India,8
2020-11-01,"AQ Home Allin1","Atliq Exclusive",India,7
2020-11-01,"AQ Home Allin1","Atliq Exclusive",India,7
2020-11-01,"AQ Home Allin1","Atliq Exclusive",India,4
2020-11-01,"AQ Home Allin1","Atliq Exclusive",India,7
2020-11-01,"AQ Home Allin1","Atliq Exclusive",India,7
2020-11-01,"AQ Home Allin1","Atliq Exclusive",India,3
2020-11-01,"AQ Home Allin1","Atliq Exclusive",India,7
2020-11-01,"AQ Home Allin1","Atliq Exclusive",India,9
2020-11-01,"AQ HOME Allin1 Gen 2","Atliq Exclusive",India,8
2020-11-01,"AQ HOME Allin1 Gen 2","Atliq Exclusive",India,4
2020-11-01,"AQ HOME Allin1 Gen 2","Atliq Exclusive",India,2
2020-11-01,"AQ HOME Allin1 Gen 2","Atliq Exclusive",India,9
2020-11-01,"AQ HOME Allin1 Gen 2","Atliq Exclusive",India,6
2020-11-01,"AQ HOME Allin1 Gen 2","Atliq Exclusive",India,8
2020-11-01,"AQ HOME Allin1 Gen 2","Atliq Exclusive",India,7
2020-11-01,"AQ HOME Allin1 Gen 2","Atliq Exclusive",India,6
2020-11-01,"AQ HOME Allin1 Gen 2","Atliq Exclusive",India,5
2020-11-01,"AQ HOME Allin1 Gen 2","Atliq Exclusive",India,2
2020-11-01,"AQ HOME Allin1 Gen 2","Atliq Exclusive",India,9
2020-11-01,"AQ HOME Allin1 Gen 2","Atliq Exclusive",India,4
2020-11-01,"AQ Digit SSD","Atliq Exclusive",India,1199
2020-11-01,"AQ Digit SSD","Atliq Exclusive",India,1337
2020-11-01,"AQ Digit SSD","Atliq Exclusive",India,223
2020-11-01,"AQ Digit SSD","Atliq Exclusive",India,1545
2020-11-01,"AQ Digit SSD","Atliq Exclusive",India,1312
2020-11-01,"AQ Digit SSD","Atliq Exclusive",India,1004
2020-11-01,"AQ Neuer SSD","Atliq Exclusive",India,873
2020-11-01,"AQ Neuer SSD","Atliq Exclusive",India,605
2020-11-01,"AQ Neuer SSD","Atliq Exclusive",India,198
2020-11-01,"AQ Neuer SSD","Atliq Exclusive",India,1276
2020-11-01,"AQ Neuer SSD","Atliq Exclusive",India,573
2020-11-01,"AQ Neuer SSD","Atliq Exclusive",India,937
2020-11-01,"AQ Clx1","Atliq Exclusive",India,1676
2020-11-01,"AQ Clx1","Atliq Exclusive",India,1216
2020-11-01,"AQ Clx1","Atliq Exclusive",India,453
2020-11-01,"AQ Clx1","Atliq Exclusive",India,1400
2020-11-01,"AQ Clx1","Atliq Exclusive",India,803
2020-11-01,"AQ Clx1","Atliq Exclusive",India,286
2020-11-01,"AQ Clx2","Atliq Exclusive",India,216
2020-11-01,"AQ Clx2","Atliq Exclusive",India,180
2020-11-01,"AQ Clx2","Atliq Exclusive",India,329
2020-11-01,"AQ Clx2","Atliq Exclusive",India,810
2020-11-01,"AQ Clx2","Atliq Exclusive",India,315
2020-11-01,"AQ Clx2","Atliq Exclusive",India,1351
2020-11-01,"AQ Clx3","Atliq Exclusive",India,1407
2020-11-01,"AQ Clx3","Atliq Exclusive",India,1450
2020-11-01,"AQ Pen Drive 2 IN 1","Atliq Exclusive",India,1023
2020-11-01,"AQ Pen Drive 2 IN 1","Atliq Exclusive",India,2753
2020-11-01,"AQ Pen Drive DRC","Atliq Exclusive",India,1215
2020-11-01,"AQ Pen Drive DRC","Atliq Exclusive",India,1221
2020-11-01,"AQ Pen Drive DRC","Atliq Exclusive",India,1005
2020-11-01,"AQ Pen Drive DRC","Atliq Exclusive",India,1293
2020-11-01,"AQ Pen Drive DRC","Atliq Exclusive",India,712
2020-11-01,"AQ Pen Drive DRC","Atliq Exclusive",India,904
2020-11-01,"AQ Wi Power Dx1","Atliq Exclusive",India,864
2020-11-01,"AQ Wi Power Dx1","Atliq Exclusive",India,1067
2020-11-01,"AQ Wi Power Dx1","Atliq Exclusive",India,1053
2020-11-01,"AQ Wi Power Dx1","Atliq Exclusive",India,947
2020-11-01,"AQ Wi Power Dx1","Atliq Exclusive",India,181
2020-11-01,"AQ Wi Power Dx1","Atliq Exclusive",India,154
2020-11-01,"AQ Wi Power Dx2","Atliq Exclusive",India,764
2020-11-01,"AQ Wi Power Dx2","Atliq Exclusive",India,1043
2020-11-01,"AQ Wi Power Dx2","Atliq Exclusive",India,840
2020-11-01,"AQ Wi Power Dx2","Atliq Exclusive",India,502
2020-11-01,"AQ Wi Power Dx2","Atliq Exclusive",India,798
2020-11-01,"AQ Wi Power Dx2","Atliq Exclusive",India,401
2020-11-01,"AQ Wi Power Dx3","Atliq Exclusive",India,1163
2020-11-01,"AQ Wi Power Dx3","Atliq Exclusive",India,443
2020-11-01,"AQ Wi Power Dx3","Atliq Exclusive",India,250
2020-11-01,"AQ Wi Power Dx3","Atliq Exclusive",India,818
2020-11-01,"AQ Wi Power Dx3","Atliq Exclusive",India,705
2020-11-01,"AQ Wi Power Dx3","Atliq Exclusive",India,1126
2020-12-01,"AQ Dracula HDD – 3.5 Inch SATA 6 Gb/s 5400 RPM 256 MB Cache","Atliq Exclusive",India,423
2020-12-01,"AQ Dracula HDD – 3.5 Inch SATA 6 Gb/s 5400 RPM 256 MB Cache","Atliq Exclusive",India,430
2020-12-01,"AQ Dracula HDD – 3.5 Inch SATA 6 Gb/s 5400 RPM 256 MB Cache","Atliq Exclusive",India,89
2020-12-01,"AQ Dracula HDD – 3.5 Inch SATA 6 Gb/s 5400 RPM 256 MB Cache","Atliq Exclusive",India,287
2020-12-01,"AQ WereWolf NAS Internal Hard Drive HDD – 8.89 cm","Atliq Exclusive",India,427
2020-12-01,"AQ WereWolf NAS Internal Hard Drive HDD – 8.89 cm","Atliq Exclusive",India,443
2020-12-01,"AQ WereWolf NAS Internal Hard Drive HDD – 8.89 cm","Atliq Exclusive",India,262
2020-12-01,"AQ Zion Saga","Atliq Exclusive",India,85
2020-12-01,"AQ Zion Saga","Atliq Exclusive",India,280
2020-12-01,"AQ Zion Saga","Atliq Exclusive",India,337
2020-12-01,"AQ Mforce Gen X","Atliq Exclusive",India,289
2020-12-01,"AQ Mforce Gen X","Atliq Exclusive",India,78
2020-12-01,"AQ Mforce Gen X","Atliq Exclusive",India,350
2020-12-01,"AQ Mforce Gen X","Atliq Exclusive",India,163
2020-12-01,"AQ Mforce Gen Y","Atliq Exclusive",India,346
2020-12-01,"AQ Mforce Gen Y","Atliq Exclusive",India,258
2020-12-01,"AQ Mforce Gen Y","Atliq Exclusive",India,149
2020-12-01,"AQ Mforce Gen Y","Atliq Exclusive",India,86
2020-12-01,"AQ Mforce Gen Y","Atliq Exclusive",India,233
2020-12-01,"AQ Mforce Gen Y","Atliq Exclusive",India,238
2020-12-01,"AQ Mforce Gen Y","Atliq Exclusive",India,185
2020-12-01,"AQ Mforce Gen Y","Atliq Exclusive",India,153
2020-12-01,"AQ Mforce Gen Z","Atliq Exclusive",India,183
2020-12-01,"AQ Mforce Gen Z","Atliq Exclusive",India,215
2020-12-01,"AQ Mforce Gen Z","Atliq Exclusive",India,281
2020-12-01,"AQ Mforce Gen Z","Atliq Exclusive",India,86
2020-12-01,"AQ Mforce Gen Z","Atliq Exclusive",India,68
2020-12-01,"AQ Mforce Gen Z","Atliq Exclusive",India,86
2020-12-01,"AQ Mforce Gen Z","Atliq Exclusive",India,176
2020-12-01,"AQ Mforce Gen Z","Atliq Exclusive",India,185
2020-12-01,"AQ GT 21","Atliq Exclusive",India,115
2020-12-01,"AQ GT 21","Atliq Exclusive",India,202
2020-12-01,"AQ GT 21","Atliq Exclusive",India,355
2020-12-01,"AQ GT 21","Atliq Exclusive",India,352
2020-12-01,"AQ Marquee P3","Atliq Exclusive",India,125
2020-12-01,"AQ Marquee P3","Atliq Exclusive",India,103
2020-12-01,"AQ Marquee P3","Atliq Exclusive",India,210
2020-12-01,"AQ Marquee P3","Atliq Exclusive",India,206
2020-12-01,"AQ Marquee P4","Atliq Exclusive",India,127
2020-12-01,"AQ 5000 Series Electron 9 5900X Desktop Processor","Atliq Exclusive",India,343
2020-12-01,"AQ 5000 Series Electron 9 5900X Desktop Processor","Atliq Exclusive",India,91
2020-12-01,"AQ 5000 Series Electron 9 5900X Desktop Processor","Atliq Exclusive",India,95
2020-12-01,"AQ 5000 Series Electron 8 5900X Desktop Processor","Atliq Exclusive",India,352
2020-12-01,"AQ 5000 Series Electron 8 5900X Desktop Processor","Atliq Exclusive",India,314
2020-12-01,"AQ 5000 Series Electron 8 5900X Desktop Processor","Atliq Exclusive",India,207
2020-12-01,"AQ 5000 Series Ultron 8 5900X Desktop Processor","Atliq Exclusive",India,363
2020-12-01,"AQ 5000 Series Ultron 8 5900X Desktop Processor","Atliq Exclusive",India,213
2020-12-01,"AQ 5000 Series Ultron 8 5900X Desktop Processor","Atliq Exclusive",India,231
2020-12-01,"AQ Electron 5 3600 Desktop Processor","Atliq Exclusive",India,127
2020-12-01,"AQ Electron 5 3600 Desktop Processor","Atliq Exclusive",India,227
2020-12-01,"AQ Electron 5 3600 Desktop Processor","Atliq Exclusive",India,252
2020-12-01,"AQ Electron 4 3600 Desktop Processor","Atliq Exclusive",India,204
2020-12-01,"AQ Electron 4 3600 Desktop Processor","Atliq Exclusive",India,148
2020-12-01,"AQ Electron 4 3600 Desktop Processor","Atliq Exclusive",India,95
2020-12-01,"AQ Electron 3 3600 Desktop Processor","Atliq Exclusive",India,163
2020-12-01,"AQ Electron 3 3600 Desktop Processor","Atliq Exclusive",India,51
2020-12-01,"AQ MB Elite","Atliq Exclusive",India,124
2020-12-01,"AQ MB Elite","Atliq Exclusive",India,223
2020-12-01,"AQ MB Elite","Atliq Exclusive",India,146
2020-12-01,"AQ MB Elite","Atliq Exclusive",India,221
2020-12-01,"AQ MB Crossx","Atliq Exclusive",India,247
2020-12-01,"AQ MB Crossx","Atliq Exclusive",India,73
2020-12-01,"AQ MB Crossx","Atliq Exclusive",India,196
2020-12-01,"AQ MB Crossx","Atliq Exclusive",India,135
2020-12-01,"AQ MB Crossx 2","Atliq Exclusive",India,227
2020-12-01,"AQ MB Crossx 2","Atliq Exclusive",India,89
2020-12-01,"AQ MB Crossx 2","Atliq Exclusive",India,229
2020-12-01,"AQ MB Crossx 2","Atliq Exclusive",India,51
2020-12-01,"AQ MB Lito","Atliq Exclusive",India,64
2020-12-01,"AQ MB Lito","Atliq Exclusive",India,200
2020-12-01,"AQ MB Lito","Atliq Exclusive",India,145
2020-12-01,"AQ MB Lito","Atliq Exclusive",India,162
2020-12-01,"AQ MB Lito 2","Atliq Exclusive",India,248
2020-12-01,"AQ MB Lito 2","Atliq Exclusive",India,72
2020-12-01,"AQ MB Lito 2","Atliq Exclusive",India,182
2020-12-01,"AQ Master wired x1 Ms","Atliq Exclusive",India,1760
2020-12-01,"AQ Master wired x1 Ms","Atliq Exclusive",India,1509
2020-12-01,"AQ Master wired x1 Ms","Atliq Exclusive",India,1071
2020-12-01,"AQ Master wired x1 Ms","Atliq Exclusive",India,423
2020-12-01,"AQ Master wired x1 Ms","Atliq Exclusive",India,1265
2020-12-01,"AQ Master wired x1 Ms","Atliq Exclusive",India,1528
2020-12-01,"AQ Master wireless x1 Ms","Atliq Exclusive",India,929
2020-12-01,"AQ Master wireless x1 Ms","Atliq Exclusive",India,730
2020-12-01,"AQ Master wireless x1 Ms","Atliq Exclusive",India,726
2020-12-01,"AQ Master wireless x1 Ms","Atliq Exclusive",India,1602
2020-12-01,"AQ Master wireless x1 Ms","Atliq Exclusive",India,715
2020-12-01,"AQ Master wireless x1 Ms","Atliq Exclusive",India,1718
2020-12-01,"AQ Gamers Ms","Atliq Exclusive",India,1149
2020-12-01,"AQ Gamers Ms","Atliq Exclusive",India,943
2020-12-01,"AQ Gamers Ms","Atliq Exclusive",India,1385
2020-12-01,"AQ Gamers Ms","Atliq Exclusive",India,1516
2020-12-01,"AQ Gamers Ms","Atliq Exclusive",India,1419
2020-12-01,"AQ Gamers Ms","Atliq Exclusive",India,1692
2020-12-01,"AQ Lite Ms","Atliq Exclusive",India,505
2020-12-01,"AQ Lite Ms","Atliq Exclusive",India,857
2020-12-01,"AQ Lite Ms","Atliq Exclusive",India,1756
2020-12-01,"AQ Lite Ms","Atliq Exclusive",India,872
2020-12-01,"AQ Lite Ms","Atliq Exclusive",India,1172
2020-12-01,"AQ Lite Ms","Atliq Exclusive",India,210
2020-12-01,"AQ Maxima Ms","Atliq Exclusive",India,1430
2020-12-01,"AQ Maxima Ms","Atliq Exclusive",India,1078
2020-12-01,"AQ Maxima Ms","Atliq Exclusive",India,651
2020-12-01,"AQ Maxima Ms","Atliq Exclusive",India,1827
2020-12-01,"AQ Maxima Ms","Atliq Exclusive",India,734
2020-12-01,"AQ Maxima Ms","Atliq Exclusive",India,827
2020-12-01,"AQ Qwerty Ms","Atliq Exclusive",India,232
2020-12-01,"AQ Qwerty Ms","Atliq Exclusive",India,1378
2020-12-01,"AQ Qwerty Ms","Atliq Exclusive",India,1632
2020-12-01,"AQ Qwerty Ms","Atliq Exclusive",India,1475
2020-12-01,"AQ Qwerty Ms","Atliq Exclusive",India,1558
2020-12-01,"AQ Qwerty Ms","Atliq Exclusive",India,1640
2020-12-01,"AQ Trigger Ms","Atliq Exclusive",India,404
2020-12-01,"AQ Trigger Ms","Atliq Exclusive",India,614
2020-12-01,"AQ Trigger Ms","Atliq Exclusive",India,1812
2020-12-01,"AQ Trigger Ms","Atliq Exclusive",India,1543
2020-12-01,"AQ Trigger Ms","Atliq Exclusive",India,1460
2020-12-01,"AQ Trigger Ms","Atliq Exclusive",India,1767
2020-12-01,"AQ Lumina Ms","Atliq Exclusive",India,1816
2020-12-01,"AQ Master wired x1","Atliq Exclusive",India,1036
2020-12-01,"AQ Master wired x1","Atliq Exclusive",India,263
2020-12-01,"AQ Master wired x1","Atliq Exclusive",India,871
2020-12-01,"AQ Master wired x1","Atliq Exclusive",India,342
2020-12-01,"AQ Master wired x1","Atliq Exclusive",India,624
2020-12-01,"AQ Master wired x1","Atliq Exclusive",India,760
2020-12-01,"AQ Master wireless x1","Atliq Exclusive",India,228
2020-12-01,"AQ Master wireless x1","Atliq Exclusive",India,681
2020-12-01,"AQ Master wireless x1","Atliq Exclusive",India,529
2020-12-01,"AQ Master wireless x1","Atliq Exclusive",India,1308
2020-12-01,"AQ Master wireless x1","Atliq Exclusive",India,1001
2020-12-01,"AQ Master wireless x1","Atliq Exclusive",India,982
2020-12-01,"AQ Gamers ","Atliq Exclusive",India,1479
2020-12-01,"AQ Gamers ","Atliq Exclusive",India,260
2020-12-01,"AQ Gamers ","Atliq Exclusive",India,1514
2020-12-01,"AQ Gamers ","Atliq Exclusive",India,1394
2020-12-01,"AQ Gamers ","Atliq Exclusive",India,859
2020-12-01,"AQ Gamers ","Atliq Exclusive",India,1419
2020-12-01,"AQ Lite","Atliq Exclusive",India,947
2020-12-01,"AQ Lite","Atliq Exclusive",India,545
2020-12-01,"AQ Lite","Atliq Exclusive",India,935
2020-12-01,"AQ Lite","Atliq Exclusive",India,770
2020-12-01,"AQ Lite","Atliq Exclusive",India,181
2020-12-01,"AQ Lite","Atliq Exclusive",India,586
2020-12-01,"AQ Maxima","Atliq Exclusive",India,1004
2020-12-01,"AQ Maxima","Atliq Exclusive",India,925
2020-12-01,"AQ Maxima","Atliq Exclusive",India,535
2020-12-01,"AQ Maxima","Atliq Exclusive",India,621
2020-12-01,"AQ Maxima","Atliq Exclusive",India,748
2020-12-01,"AQ Maxima","Atliq Exclusive",India,1017
2020-12-01,"AQ Qwerty","Atliq Exclusive",India,532
2020-12-01,"AQ Qwerty","Atliq Exclusive",India,833
2020-12-01,"AQ Qwerty","Atliq Exclusive",India,675
2020-12-01,"AQ Qwerty","Atliq Exclusive",India,1153
2020-12-01,"AQ Qwerty","Atliq Exclusive",India,285
2020-12-01,"AQ Qwerty","Atliq Exclusive",India,710
2020-12-01,"AQ Trigger","Atliq Exclusive",India,763
2020-12-01,"AQ Trigger","Atliq Exclusive",India,1093
2020-12-01,"AQ Trigger","Atliq Exclusive",India,520
2020-12-01,"AQ Trigger","Atliq Exclusive",India,691
2020-12-01,"AQ Trigger","Atliq Exclusive",India,453
2020-12-01,"AQ LION x1","Atliq Exclusive",India,115
2020-12-01,"AQ LION x1","Atliq Exclusive",India,117
2020-12-01,"AQ LION x1","Atliq Exclusive",India,109
2020-12-01,"AQ LION x1","Atliq Exclusive",India,80
2020-12-01,"AQ LION x2","Atliq Exclusive",India,137
2020-12-01,"AQ LION x2","Atliq Exclusive",India,114
2020-12-01,"AQ LION x2","Atliq Exclusive",India,139
2020-12-01,"AQ LION x2","Atliq Exclusive",India,144
2020-12-01,"AQ LION x2","Atliq Exclusive",India,41
2020-12-01,"AQ LION x3","Atliq Exclusive",India,35
2020-12-01,"AQ LION x3","Atliq Exclusive",India,145
2020-12-01,"AQ LION x3","Atliq Exclusive",India,90
2020-12-01,"AQ LION x3","Atliq Exclusive",India,35
2020-12-01,"AQ LION x3","Atliq Exclusive",India,49
2020-12-01,"AQ Mx NB","Atliq Exclusive",India,48
2020-12-01,"AQ Mx NB","Atliq Exclusive",India,113
2020-12-01,"AQ Mx NB","Atliq Exclusive",India,31
2020-12-01,"AQ Mx NB","Atliq Exclusive",India,105
2020-12-01,"AQ Mx NB","Atliq Exclusive",India,23
2020-12-01,"AQ Aspiron","Atliq Exclusive",India,46
2020-12-01,"AQ Aspiron","Atliq Exclusive",India,57
2020-12-01,"AQ Aspiron","Atliq Exclusive",India,51
2020-12-01,"AQ Digit","Atliq Exclusive",India,67
2020-12-01,"AQ Digit","Atliq Exclusive",India,70
2020-12-01,"AQ Digit","Atliq Exclusive",India,36
2020-12-01,"AQ Digit","Atliq Exclusive",India,23
2020-12-01,"AQ Digit","Atliq Exclusive",India,62
2020-12-01,"AQ Digit","Atliq Exclusive",India,41
2020-12-01,"AQ Digit","Atliq Exclusive",India,22
2020-12-01,"AQ Digit","Atliq Exclusive",India,30
2020-12-01,"AQ Velocity","Atliq Exclusive",India,58
2020-12-01,"AQ Velocity","Atliq Exclusive",India,24
2020-12-01,"AQ Velocity","Atliq Exclusive",India,47
2020-12-01,"AQ Velocity","Atliq Exclusive",India,34
2020-12-01,"AQ Velocity","Atliq Exclusive",India,18
2020-12-01,"AQ Velocity","Atliq Exclusive",India,39
2020-12-01,"AQ Elite","Atliq Exclusive",India,58
2020-12-01,"AQ Elite","Atliq Exclusive",India,42
2020-12-01,"AQ Elite","Atliq Exclusive",India,13
2020-12-01,"AQ Elite","Atliq Exclusive",India,56
2020-12-01,"AQ Elite","Atliq Exclusive",India,54
2020-12-01,"AQ Elite","Atliq Exclusive",India,42
2020-12-01,"AQ Elite","Atliq Exclusive",India,68
2020-12-01,"AQ Elite","Atliq Exclusive",India,35
2020-12-01,"AQ Gen X","Atliq Exclusive",India,39
2020-12-01,"AQ Gen X","Atliq Exclusive",India,16
2020-12-01,"AQ Gen X","Atliq Exclusive",India,30
2020-12-01,"AQ Gen X","Atliq Exclusive",India,59
2020-12-01,"AQ Gen X","Atliq Exclusive",India,48
2020-12-01,"AQ Gen X","Atliq Exclusive",India,34
2020-12-01,"AQ Gen X","Atliq Exclusive",India,21
2020-12-01,"AQ Gen X","Atliq Exclusive",India,23
2020-12-01,"AQ Gen Y","Atliq Exclusive",India,19
2020-12-01,"AQ Gen Y","Atliq Exclusive",India,45
2020-12-01,"AQ Gen Y","Atliq Exclusive",India,41
2020-12-01,"AQ Gen Y","Atliq Exclusive",India,24
2020-12-01,"AQ Gen Y","Atliq Exclusive",India,59
2020-12-01,"AQ Gen Y","Atliq Exclusive",India,30
2020-12-01,"AQ Gen Y","Atliq Exclusive",India,65
2020-12-01,"AQ Gen Y","Atliq Exclusive",India,22
2020-12-01,"AQ GEN Z","Atliq Exclusive",India,47
2020-12-01,"AQ GEN Z","Atliq Exclusive",India,12
2020-12-01,"AQ GEN Z","Atliq Exclusive",India,58
2020-12-01,"AQ GEN Z","Atliq Exclusive",India,21
2020-12-01,"AQ GEN Z","Atliq Exclusive",India,67
2020-12-01,"AQ BZ 101","Atliq Exclusive",India,34
2020-12-01,"AQ BZ 101","Atliq Exclusive",India,35
2020-12-01,"AQ BZ 101","Atliq Exclusive",India,15
2020-12-01,"AQ BZ 101","Atliq Exclusive",India,31
2020-12-01,"AQ BZ Compact","Atliq Exclusive",India,11
2020-12-01,"AQ BZ Compact","Atliq Exclusive",India,32
2020-12-01,"AQ BZ Compact","Atliq Exclusive",India,41
2020-12-01,"AQ BZ Compact","Atliq Exclusive",India,25
2020-12-01,"AQ BZ Compact","Atliq Exclusive",India,14
2020-12-01,"AQ BZ Compact","Atliq Exclusive",India,51
2020-12-01,"AQ BZ Compact","Atliq Exclusive",India,21
2020-12-01,"AQ BZ Compact","Atliq Exclusive",India,13
2020-12-01,"AQ BZ Gen Y","Atliq Exclusive",India,30
2020-12-01,"AQ BZ Gen Y","Atliq Exclusive",India,26
2020-12-01,"AQ BZ Gen Y","Atliq Exclusive",India,16
2020-12-01,"AQ BZ Gen Y","Atliq Exclusive",India,10
2020-12-01,"AQ BZ Gen Y","Atliq Exclusive",India,47
2020-12-01,"AQ BZ Gen Y","Atliq Exclusive",India,40
2020-12-01,"AQ BZ Gen Y","Atliq Exclusive",India,41
2020-12-01,"AQ BZ Gen Z","Atliq Exclusive",India,35
2020-12-01,"AQ BZ Gen Z","Atliq Exclusive",India,33
2020-12-01,"AQ BZ Gen Z","Atliq Exclusive",India,12
2020-12-01,"AQ BZ Gen Z","Atliq Exclusive",India,17
2020-12-01,"AQ BZ Gen Z","Atliq Exclusive",India,25
2020-12-01,"AQ BZ Gen Z","Atliq Exclusive",India,12
2020-12-01,"AQ BZ Gen Z","Atliq Exclusive",India,42
2020-12-01,"AQ Gamer 1","Atliq Exclusive",India,26
2020-12-01,"AQ Gamer 1","Atliq Exclusive",India,18
2020-12-01,"AQ Gamer 1","Atliq Exclusive",India,19
2020-12-01,"AQ Gamer 1","Atliq Exclusive",India,9
2020-12-01,"AQ Gamer 1","Atliq Exclusive",India,29
2020-12-01,"AQ Gamer 1","Atliq Exclusive",India,9
2020-12-01,"AQ Gamer 2","Atliq Exclusive",India,29
2020-12-01,"AQ Gamer 2","Atliq Exclusive",India,9
2020-12-01,"AQ Gamer 2","Atliq Exclusive",India,21
2020-12-01,"AQ Gamer 2","Atliq Exclusive",India,8
2020-12-01,"AQ Gamer 2","Atliq Exclusive",India,8
2020-12-01,"AQ Gamer 2","Atliq Exclusive",India,21
2020-12-01,"AQ Gamer 2","Atliq Exclusive",India,23
2020-12-01,"AQ Gamer 2","Atliq Exclusive",India,22
2020-12-01,"AQ Gamer 3","Atliq Exclusive",India,7
2020-12-01,"AQ Gamer 3","Atliq Exclusive",India,29
2020-12-01,"AQ Gamer 3","Atliq Exclusive",India,17
2020-12-01,"AQ Gamer 3","Atliq Exclusive",India,15
2020-12-01,"AQ Gamer 3","Atliq Exclusive",India,31
2020-12-01,"AQ Gamer 3","Atliq Exclusive",India,13
2020-12-01,"AQ Gamer 3","Atliq Exclusive",India,20
2020-12-01,"AQ Gamer 3","Atliq Exclusive",India,29
2020-12-01,"AQ Smash 1","Atliq Exclusive",India,17
2020-12-01,"AQ Smash 1","Atliq Exclusive",India,22
2020-12-01,"AQ Smash 1","Atliq Exclusive",India,26
2020-12-01,"AQ Smash 1","Atliq Exclusive",India,9
2020-12-01,"AQ Smash 1","Atliq Exclusive",India,20
2020-12-01,"AQ Smash 1","Atliq Exclusive",India,10
2020-12-01,"AQ Smash 1","Atliq Exclusive",India,27
2020-12-01,"AQ Smash 1","Atliq Exclusive",India,25
2020-12-01,"AQ Smash 2","Atliq Exclusive",India,12
2020-12-01,"AQ Smash 2","Atliq Exclusive",India,19
2020-12-01,"AQ Smash 2","Atliq Exclusive",India,24
2020-12-01,"AQ Smash 2","Atliq Exclusive",India,26
2020-12-01,"AQ Smash 2","Atliq Exclusive",India,21
2020-12-01,"AQ Smash 2","Atliq Exclusive",India,22
2020-12-01,"AQ BZ Allin1","Atliq Exclusive",India,41
2020-12-01,"AQ BZ Allin1","Atliq Exclusive",India,46
2020-12-01,"AQ BZ Allin1","Atliq Exclusive",India,35
2020-12-01,"AQ BZ Allin1","Atliq Exclusive",India,33
2020-12-01,"AQ BZ Allin1","Atliq Exclusive",India,50
2020-12-01,"AQ BZ Allin1","Atliq Exclusive",India,29
2020-12-01,"AQ BZ Allin1","Atliq Exclusive",India,47
2020-12-01,"AQ BZ Allin1","Atliq Exclusive",India,12
2020-12-01,"AQ Home Allin1","Atliq Exclusive",India,9
2020-12-01,"AQ Home Allin1","Atliq Exclusive",India,7
2020-12-01,"AQ Home Allin1","Atliq Exclusive",India,6
2020-12-01,"AQ Home Allin1","Atliq Exclusive",India,3
2020-12-01,"AQ Home Allin1","Atliq Exclusive",India,8
2020-12-01,"AQ Home Allin1","Atliq Exclusive",India,7
2020-12-01,"AQ Home Allin1","Atliq Exclusive",India,9
2020-12-01,"AQ Home Allin1","Atliq Exclusive",India,8
2020-12-01,"AQ HOME Allin1 Gen 2","Atliq Exclusive",India,3
2020-12-01,"AQ HOME Allin1 Gen 2","Atliq Exclusive",India,4
2020-12-01,"AQ HOME Allin1 Gen 2","Atliq Exclusive",India,10
2020-12-01,"AQ HOME Allin1 Gen 2","Atliq Exclusive",India,5
2020-12-01,"AQ HOME Allin1 Gen 2","Atliq Exclusive",India,9
2020-12-01,"AQ HOME Allin1 Gen 2","Atliq Exclusive",India,6
2020-12-01,"AQ Digit SSD","Atliq Exclusive",India,461
2020-12-01,"AQ Digit SSD","Atliq Exclusive",India,745
2020-12-01,"AQ Digit SSD","Atliq Exclusive",India,1075
2020-12-01,"AQ Neuer SSD","Atliq Exclusive",India,835
2020-12-01,"AQ Neuer SSD","Atliq Exclusive",India,704
2020-12-01,"AQ Neuer SSD","Atliq Exclusive",India,243
2020-12-01,"AQ Clx1","Atliq Exclusive",India,618
2020-12-01,"AQ Clx1","Atliq Exclusive",India,1775
2020-12-01,"AQ Clx1","Atliq Exclusive",India,1236
2020-12-01,"AQ Clx2","Atliq Exclusive",India,1823
2020-12-01,"AQ Clx2","Atliq Exclusive",India,344
2020-12-01,"AQ Clx2","Atliq Exclusive",India,1647
2020-12-01,"AQ Clx3","Atliq Exclusive",India,1629
2020-12-01,"AQ Pen Drive 2 IN 1","Atliq Exclusive",India,2528
2020-12-01,"AQ Pen Drive DRC","Atliq Exclusive",India,2281
2020-12-01,"AQ Pen Drive DRC","Atliq Exclusive",India,3035
2020-12-01,"AQ Pen Drive DRC","Atliq Exclusive",India,2085
2020-12-01,"AQ Wi Power Dx1","Atliq Exclusive",India,617
2020-12-01,"AQ Wi Power Dx1","Atliq Exclusive",India,785
2020-12-01,"AQ Wi Power Dx1","Atliq Exclusive",India,713
2020-12-01,"AQ Wi Power Dx2","Atliq Exclusive",India,399
2020-12-01,"AQ Wi Power Dx2","Atliq Exclusive",India,560
2020-12-01,"AQ Wi Power Dx2","Atliq Exclusive",India,275
2020-12-01,"AQ Wi Power Dx3","Atliq Exclusive",India,902
2020-12-01,"AQ Wi Power Dx3","Atliq Exclusive",India,508
2020-12-01,"AQ Wi Power Dx3","Atliq Exclusive",India,399
2021-01-01,"AQ Dracula HDD – 3.5 Inch SATA 6 Gb/s 5400 RPM 256 MB Cache","Atliq Exclusive",India,119
2021-01-01,"AQ Dracula HDD – 3.5 Inch SATA 6 Gb/s 5400 RPM 256 MB Cache","Atliq Exclusive",India,158
2021-01-01,"AQ Dracula HDD – 3.5 Inch SATA 6 Gb/s 5400 RPM 256 MB Cache","Atliq Exclusive",India,200
2021-01-01,"AQ Dracula HDD – 3.5 Inch SATA 6 Gb/s 5400 RPM 256 MB Cache","Atliq Exclusive",India,200
2021-01-01,"AQ Dracula HDD – 3.5 Inch SATA 6 Gb/s 5400 RPM 256 MB Cache","Atliq Exclusive",India,131
2021-01-01,"AQ Dracula HDD – 3.5 Inch SATA 6 Gb/s 5400 RPM 256 MB Cache","Atliq Exclusive",India,88
2021-01-01,"AQ Dracula HDD – 3.5 Inch SATA 6 Gb/s 5400 RPM 256 MB Cache","Atliq Exclusive",India,192
2021-01-01,"AQ Dracula HDD – 3.5 Inch SATA 6 Gb/s 5400 RPM 256 MB Cache","Atliq Exclusive",India,49
2021-01-01,"AQ WereWolf NAS Internal Hard Drive HDD – 8.89 cm","Atliq Exclusive",India,150
2021-01-01,"AQ WereWolf NAS Internal Hard Drive HDD – 8.89 cm","Atliq Exclusive",India,131
2021-01-01,"AQ WereWolf NAS Internal Hard Drive HDD – 8.89 cm","Atliq Exclusive",India,214
2021-01-01,"AQ WereWolf NAS Internal Hard Drive HDD – 8.89 cm","Atliq Exclusive",India,111
2021-01-01,"AQ WereWolf NAS Internal Hard Drive HDD – 8.89 cm","Atliq Exclusive",India,84
2021-01-01,"AQ WereWolf NAS Internal Hard Drive HDD – 8.89 cm","Atliq Exclusive",India,142
2021-01-01,"AQ Zion Saga","Atliq Exclusive",India,195
2021-01-01,"AQ Zion Saga","Atliq Exclusive",India,114
2021-01-01,"AQ Zion Saga","Atliq Exclusive",India,164
2021-01-01,"AQ Zion Saga","Atliq Exclusive",India,190
2021-01-01,"AQ Zion Saga","Atliq Exclusive",India,48
2021-01-01,"AQ Zion Saga","Atliq Exclusive",India,30
2021-01-01,"AQ Mforce Gen X","Atliq Exclusive",India,78
2021-01-01,"AQ Mforce Gen X","Atliq Exclusive",India,74
2021-01-01,"AQ Mforce Gen X","Atliq Exclusive",India,115
2021-01-01,"AQ Mforce Gen X","Atliq Exclusive",India,77
2021-01-01,"AQ Mforce Gen X","Atliq Exclusive",India,122
2021-01-01,"AQ Mforce Gen X","Atliq Exclusive",India,121
2021-01-01,"AQ Mforce Gen X","Atliq Exclusive",India,113
2021-01-01,"AQ Mforce Gen X","Atliq Exclusive",India,76
2021-01-01,"AQ Mforce Gen Y","Atliq Exclusive",India,150
2021-01-01,"AQ Mforce Gen Y","Atliq Exclusive",India,152
2021-01-01,"AQ Mforce Gen Y","Atliq Exclusive",India,144
2021-01-01,"AQ Mforce Gen Y","Atliq Exclusive",India,81
2021-01-01,"AQ Mforce Gen Y","Atliq Exclusive",India,166
2021-01-01,"AQ Mforce Gen Y","Atliq Exclusive",India,161
2021-01-01,"AQ Mforce Gen Y","Atliq Exclusive",India,59
2021-01-01,"AQ Mforce Gen Y","Atliq Exclusive",India,72
2021-01-01,"AQ Mforce Gen Y","Atliq Exclusive",India,118
2021-01-01,"AQ Mforce Gen Y","Atliq Exclusive",India,115
2021-01-01,"AQ Mforce Gen Y","Atliq Exclusive",India,58
2021-01-01,"AQ Mforce Gen Y","Atliq Exclusive",India,23
2021-01-01,"AQ Mforce Gen Y","Atliq Exclusive",India,94
2021-01-01,"AQ Mforce Gen Y","Atliq Exclusive",India,172
2021-01-01,"AQ Mforce Gen Y","Atliq Exclusive",India,193
2021-01-01,"AQ Mforce Gen Y","Atliq Exclusive",India,174
2021-01-01,"AQ Mforce Gen Z","Atliq Exclusive",India,113
2021-01-01,"AQ Mforce Gen Z","Atliq Exclusive",India,163
2021-01-01,"AQ Mforce Gen Z","Atliq Exclusive",India,57
2021-01-01,"AQ Mforce Gen Z","Atliq Exclusive",India,157
2021-01-01,"AQ Mforce Gen Z","Atliq Exclusive",India,110
2021-01-01,"AQ Mforce Gen Z","Atliq Exclusive",India,62
2021-01-01,"AQ Mforce Gen Z","Atliq Exclusive",India,158
2021-01-01,"AQ Mforce Gen Z","Atliq Exclusive",India,157
2021-01-01,"AQ Mforce Gen Z","Atliq Exclusive",India,72
2021-01-01,"AQ Mforce Gen Z","Atliq Exclusive",India,72
2021-01-01,"AQ Mforce Gen Z","Atliq Exclusive",India,31
2021-01-01,"AQ Mforce Gen Z","Atliq Exclusive",India,86
2021-01-01,"AQ Mforce Gen Z","Atliq Exclusive",India,22
2021-01-01,"AQ Mforce Gen Z","Atliq Exclusive",India,85
2021-01-01,"AQ Mforce Gen Z","Atliq Exclusive",India,38
2021-01-01,"AQ Mforce Gen Z","Atliq Exclusive",India,185
2021-01-01,"AQ GT 21","Atliq Exclusive",India,56
2021-01-01,"AQ GT 21","Atliq Exclusive",India,30
2021-01-01,"AQ GT 21","Atliq Exclusive",India,67
2021-01-01,"AQ GT 21","Atliq Exclusive",India,40
2021-01-01,"AQ GT 21","Atliq Exclusive",India,128
2021-01-01,"AQ GT 21","Atliq Exclusive",India,55
2021-01-01,"AQ GT 21","Atliq Exclusive",India,46
2021-01-01,"AQ GT 21","Atliq Exclusive",India,95
2021-01-01,"AQ Marquee P3","Atliq Exclusive",India,96
2021-01-01,"AQ Marquee P3","Atliq Exclusive",India,100
2021-01-01,"AQ Marquee P3","Atliq Exclusive",India,88
2021-01-01,"AQ Marquee P3","Atliq Exclusive",India,126
2021-01-01,"AQ Marquee P3","Atliq Exclusive",India,80
2021-01-01,"AQ Marquee P3","Atliq Exclusive",India,128
2021-01-01,"AQ Marquee P3","Atliq Exclusive",India,42
2021-01-01,"AQ Marquee P3","Atliq Exclusive",India,143
2021-01-01,"AQ Marquee P4","Atliq Exclusive",India,57
2021-01-01,"AQ Marquee P4","Atliq Exclusive",India,156
2021-01-01,"AQ 5000 Series Electron 9 5900X Desktop Processor","Atliq Exclusive",India,192
2021-01-01,"AQ 5000 Series Electron 9 5900X Desktop Processor","Atliq Exclusive",India,168
2021-01-01,"AQ 5000 Series Electron 9 5900X Desktop Processor","Atliq Exclusive",India,136
2021-01-01,"AQ 5000 Series Electron 9 5900X Desktop Processor","Atliq Exclusive",India,151
2021-01-01,"AQ 5000 Series Electron 9 5900X Desktop Processor","Atliq Exclusive",India,71
2021-01-01,"AQ 5000 Series Electron 9 5900X Desktop Processor","Atliq Exclusive",India,127
2021-01-01,"AQ 5000 Series Electron 8 5900X Desktop Processor","Atliq Exclusive",India,126
2021-01-01,"AQ 5000 Series Electron 8 5900X Desktop Processor","Atliq Exclusive",India,144
2021-01-01,"AQ 5000 Series Electron 8 5900X Desktop Processor","Atliq Exclusive",India,87
2021-01-01,"AQ 5000 Series Electron 8 5900X Desktop Processor","Atliq Exclusive",India,95
2021-01-01,"AQ 5000 Series Electron 8 5900X Desktop Processor","Atliq Exclusive",India,160
2021-01-01,"AQ 5000 Series Electron 8 5900X Desktop Processor","Atliq Exclusive",India,124
2021-01-01,"AQ 5000 Series Ultron 8 5900X Desktop Processor","Atliq Exclusive",India,24
2021-01-01,"AQ 5000 Series Ultron 8 5900X Desktop Processor","Atliq Exclusive",India,201
2021-01-01,"AQ 5000 Series Ultron 8 5900X Desktop Processor","Atliq Exclusive",India,146
2021-01-01,"AQ 5000 Series Ultron 8 5900X Desktop Processor","Atliq Exclusive",India,86
2021-01-01,"AQ 5000 Series Ultron 8 5900X Desktop Processor","Atliq Exclusive",India,89
2021-01-01,"AQ 5000 Series Ultron 8 5900X Desktop Processor","Atliq Exclusive",India,52
2021-01-01,"AQ Electron 5 3600 Desktop Processor","Atliq Exclusive",India,67
2021-01-01,"AQ Electron 5 3600 Desktop Processor","Atliq Exclusive",India,171
2021-01-01,"AQ Electron 5 3600 Desktop Processor","Atliq Exclusive",India,175
2021-01-01,"AQ Electron 5 3600 Desktop Processor","Atliq Exclusive",India,167
2021-01-01,"AQ Electron 5 3600 Desktop Processor","Atliq Exclusive",India,120
2021-01-01,"AQ Electron 5 3600 Desktop Processor","Atliq Exclusive",India,69
2021-01-01,"AQ Electron 4 3600 Desktop Processor","Atliq Exclusive",India,173
2021-01-01,"AQ Electron 4 3600 Desktop Processor","Atliq Exclusive",India,172
2021-01-01,"AQ Electron 4 3600 Desktop Processor","Atliq Exclusive",India,203
2021-01-01,"AQ Electron 4 3600 Desktop Processor","Atliq Exclusive",India,195
2021-01-01,"AQ Electron 4 3600 Desktop Processor","Atliq Exclusive",India,119
2021-01-01,"AQ Electron 4 3600 Desktop Processor","Atliq Exclusive",India,164
2021-01-01,"AQ Electron 3 3600 Desktop Processor","Atliq Exclusive",India,94
2021-01-01,"AQ Electron 3 3600 Desktop Processor","Atliq Exclusive",India,120
2021-01-01,"AQ Electron 3 3600 Desktop Processor","Atliq Exclusive",India,110
2021-01-01,"AQ Electron 3 3600 Desktop Processor","Atliq Exclusive",India,180
2021-01-01,"AQ MB Elite","Atliq Exclusive",India,82
2021-01-01,"AQ MB Elite","Atliq Exclusive",India,56
2021-01-01,"AQ MB Elite","Atliq Exclusive",India,58
2021-01-01,"AQ MB Elite","Atliq Exclusive",India,32
2021-01-01,"AQ MB Elite","Atliq Exclusive",India,56
2021-01-01,"AQ MB Elite","Atliq Exclusive",India,76
2021-01-01,"AQ MB Elite","Atliq Exclusive",India,63
2021-01-01,"AQ MB Elite","Atliq Exclusive",India,26
2021-01-01,"AQ MB Crossx","Atliq Exclusive",India,143
2021-01-01,"AQ MB Crossx","Atliq Exclusive",India,46
2021-01-01,"AQ MB Crossx","Atliq Exclusive",India,53
2021-01-01,"AQ MB Crossx","Atliq Exclusive",India,46
2021-01-01,"AQ MB Crossx","Atliq Exclusive",India,18
2021-01-01,"AQ MB Crossx","Atliq Exclusive",India,50
2021-01-01,"AQ MB Crossx","Atliq Exclusive",India,89
2021-01-01,"AQ MB Crossx","Atliq Exclusive",India,85
2021-01-01,"AQ MB Crossx 2","Atliq Exclusive",India,30
2021-01-01,"AQ MB Crossx 2","Atliq Exclusive",India,112
2021-01-01,"AQ MB Crossx 2","Atliq Exclusive",India,96
2021-01-01,"AQ MB Crossx 2","Atliq Exclusive",India,87
2021-01-01,"AQ MB Crossx 2","Atliq Exclusive",India,65
2021-01-01,"AQ MB Crossx 2","Atliq Exclusive",India,102
2021-01-01,"AQ MB Crossx 2","Atliq Exclusive",India,96
2021-01-01,"AQ MB Crossx 2","Atliq Exclusive",India,82
2021-01-01,"AQ MB Lito","Atliq Exclusive",India,131
2021-01-01,"AQ MB Lito","Atliq Exclusive",India,126
2021-01-01,"AQ MB Lito","Atliq Exclusive",India,102
2021-01-01,"AQ MB Lito","Atliq Exclusive",India,113
2021-01-01,"AQ MB Lito","Atliq Exclusive",India,130
2021-01-01,"AQ MB Lito","Atliq Exclusive",India,104
2021-01-01,"AQ MB Lito","Atliq Exclusive",India,70
2021-01-01,"AQ MB Lito","Atliq Exclusive",India,57
2021-01-01,"AQ MB Lito 2","Atliq Exclusive",India,94
2021-01-01,"AQ MB Lito 2","Atliq Exclusive",India,129
2021-01-01,"AQ MB Lito 2","Atliq Exclusive",India,90
2021-01-01,"AQ MB Lito 2","Atliq Exclusive",India,21
2021-01-01,"AQ MB Lito 2","Atliq Exclusive",India,19
2021-01-01,"AQ MB Lito 2","Atliq Exclusive",India,69
2021-01-01,"AQ Master wired x1 Ms","Atliq Exclusive",India,926
2021-01-01,"AQ Master wired x1 Ms","Atliq Exclusive",India,183
2021-01-01,"AQ Master wired x1 Ms","Atliq Exclusive",India,262
2021-01-01,"AQ Master wired x1 Ms","Atliq Exclusive",India,532
2021-01-01,"AQ Master wired x1 Ms","Atliq Exclusive",India,834
2021-01-01,"AQ Master wired x1 Ms","Atliq Exclusive",India,867
2021-01-01,"AQ Master wired x1 Ms","Atliq Exclusive",India,645
2021-01-01,"AQ Master wired x1 Ms","Atliq Exclusive",India,986
2021-01-01,"AQ Master wired x1 Ms","Atliq Exclusive",India,601
2021-01-01,"AQ Master wired x1 Ms","Atliq Exclusive",India,616
2021-01-01,"AQ Master wired x1 Ms","Atliq Exclusive",India,651
2021-01-01,"AQ Master wired x1 Ms","Atliq Exclusive",India,414
2021-01-01,"AQ Master wireless x1 Ms","Atliq Exclusive",India,485
2021-01-01,"AQ Master wireless x1 Ms","Atliq Exclusive",India,329
2021-01-01,"AQ Master wireless x1 Ms","Atliq Exclusive",India,428
2021-01-01,"AQ Master wireless x1 Ms","Atliq Exclusive",India,869
2021-01-01,"AQ Master wireless x1 Ms","Atliq Exclusive",India,562
2021-01-01,"AQ Master wireless x1 Ms","Atliq Exclusive",India,1019
2021-01-01,"AQ Master wireless x1 Ms","Atliq Exclusive",India,491
2021-01-01,"AQ Master wireless x1 Ms","Atliq Exclusive",India,624
2021-01-01,"AQ Master wireless x1 Ms","Atliq Exclusive",India,632
2021-01-01,"AQ Master wireless x1 Ms","Atliq Exclusive",India,374
2021-01-01,"AQ Master wireless x1 Ms","Atliq Exclusive",India,135
2021-01-01,"AQ Master wireless x1 Ms","Atliq Exclusive",India,649
2021-01-01,"AQ Gamers Ms","Atliq Exclusive",India,609
2021-01-01,"AQ Gamers Ms","Atliq Exclusive",India,156
2021-01-01,"AQ Gamers Ms","Atliq Exclusive",India,697
2021-01-01,"AQ Gamers Ms","Atliq Exclusive",India,967
2021-01-01,"AQ Gamers Ms","Atliq Exclusive",India,674
2021-01-01,"AQ Gamers Ms","Atliq Exclusive",India,514
2021-01-01,"AQ Gamers Ms","Atliq Exclusive",India,865
2021-01-01,"AQ Gamers Ms","Atliq Exclusive",India,747
2021-01-01,"AQ Gamers Ms","Atliq Exclusive",India,699
2021-01-01,"AQ Gamers Ms","Atliq Exclusive",India,795
2021-01-01,"AQ Gamers Ms","Atliq Exclusive",India,732
2021-01-01,"AQ Gamers Ms","Atliq Exclusive",India,874
2021-01-01,"AQ Lite Ms","Atliq Exclusive",India,564
2021-01-01,"AQ Lite Ms","Atliq Exclusive",India,749
2021-01-01,"AQ Lite Ms","Atliq Exclusive",India,676
2021-01-01,"AQ Lite Ms","Atliq Exclusive",India,420
2021-01-01,"AQ Lite Ms","Atliq Exclusive",India,275
2021-01-01,"AQ Lite Ms","Atliq Exclusive",India,851
2021-01-01,"AQ Lite Ms","Atliq Exclusive",India,156
2021-01-01,"AQ Lite Ms","Atliq Exclusive",India,112
2021-01-01,"AQ Lite Ms","Atliq Exclusive",India,768
2021-01-01,"AQ Lite Ms","Atliq Exclusive",India,287
2021-01-01,"AQ Lite Ms","Atliq Exclusive",India,358
2021-01-01,"AQ Lite Ms","Atliq Exclusive",India,946
2021-01-01,"AQ Maxima Ms","Atliq Exclusive",India,932
2021-01-01,"AQ Maxima Ms","Atliq Exclusive",India,772
2021-01-01,"AQ Maxima Ms","Atliq Exclusive",India,314
2021-01-01,"AQ Maxima Ms","Atliq Exclusive",India,711
2021-01-01,"AQ Maxima Ms","Atliq Exclusive",India,636
2021-01-01,"AQ Maxima Ms","Atliq Exclusive",India,343
2021-01-01,"AQ Maxima Ms","Atliq Exclusive",India,339
2021-01-01,"AQ Maxima Ms","Atliq Exclusive",India,734
2021-01-01,"AQ Maxima Ms","Atliq Exclusive",India,834
2021-01-01,"AQ Maxima Ms","Atliq Exclusive",India,352
2021-01-01,"AQ Maxima Ms","Atliq Exclusive",India,393
2021-01-01,"AQ Maxima Ms","Atliq Exclusive",India,243
2021-01-01,"AQ Qwerty Ms","Atliq Exclusive",India,545
2021-01-01,"AQ Qwerty Ms","Atliq Exclusive",India,474
2021-01-01,"AQ Qwerty Ms","Atliq Exclusive",India,934
2021-01-01,"AQ Qwerty Ms","Atliq Exclusive",India,333
2021-01-01,"AQ Qwerty Ms","Atliq Exclusive",India,491
2021-01-01,"AQ Qwerty Ms","Atliq Exclusive",India,792
2021-01-01,"AQ Qwerty Ms","Atliq Exclusive",India,354
2021-01-01,"AQ Qwerty Ms","Atliq Exclusive",India,959
2021-01-01,"AQ Qwerty Ms","Atliq Exclusive",India,264
2021-01-01,"AQ Qwerty Ms","Atliq Exclusive",India,811
2021-01-01,"AQ Qwerty Ms","Atliq Exclusive",India,485
2021-01-01,"AQ Qwerty Ms","Atliq Exclusive",India,424
2021-01-01,"AQ Trigger Ms","Atliq Exclusive",India,458
2021-01-01,"AQ Trigger Ms","Atliq Exclusive",India,329
2021-01-01,"AQ Trigger Ms","Atliq Exclusive",India,260
2021-01-01,"AQ Trigger Ms","Atliq Exclusive",India,795
2021-01-01,"AQ Trigger Ms","Atliq Exclusive",India,539
2021-01-01,"AQ Trigger Ms","Atliq Exclusive",India,926
2021-01-01,"AQ Trigger Ms","Atliq Exclusive",India,424
2021-01-01,"AQ Trigger Ms","Atliq Exclusive",India,1036
2021-01-01,"AQ Trigger Ms","Atliq Exclusive",India,618
2021-01-01,"AQ Trigger Ms","Atliq Exclusive",India,905
2021-01-01,"AQ Trigger Ms","Atliq Exclusive",India,566
2021-01-01,"AQ Trigger Ms","Atliq Exclusive",India,306
2021-01-01,"AQ Lumina Ms","Atliq Exclusive",India,185
2021-01-01,"AQ Lumina Ms","Atliq Exclusive",India,614
2021-01-01,"AQ Master wired x1","Atliq Exclusive",India,403
2021-01-01,"AQ Master wired x1","Atliq Exclusive",India,554
2021-01-01,"AQ Master wired x1","Atliq Exclusive",India,681
2021-01-01,"AQ Master wired x1","Atliq Exclusive",India,275
2021-01-01,"AQ Master wired x1","Atliq Exclusive",India,414
2021-01-01,"AQ Master wired x1","Atliq Exclusive",India,187
2021-01-01,"AQ Master wired x1","Atliq Exclusive",India,394
2021-01-01,"AQ Master wired x1","Atliq Exclusive",India,109
2021-01-01,"AQ Master wired x1","Atliq Exclusive",India,859
2021-01-01,"AQ Master wired x1","Atliq Exclusive",India,192
2021-01-01,"AQ Master wired x1","Atliq Exclusive",India,693
2021-01-01,"AQ Master wired x1","Atliq Exclusive",India,722
2021-01-01,"AQ Master wireless x1","Atliq Exclusive",India,259
2021-01-01,"AQ Master wireless x1","Atliq Exclusive",India,618
2021-01-01,"AQ Master wireless x1","Atliq Exclusive",India,102
2021-01-01,"AQ Master wireless x1","Atliq Exclusive",India,743
2021-01-01,"AQ Master wireless x1","Atliq Exclusive",India,213
2021-01-01,"AQ Master wireless x1","Atliq Exclusive",India,586
2021-01-01,"AQ Master wireless x1","Atliq Exclusive",India,289
2021-01-01,"AQ Master wireless x1","Atliq Exclusive",India,581
2021-01-01,"AQ Master wireless x1","Atliq Exclusive",India,669
2021-01-01,"AQ Master wireless x1","Atliq Exclusive",India,748
2021-01-01,"AQ Master wireless x1","Atliq Exclusive",India,422
2021-01-01,"AQ Master wireless x1","Atliq Exclusive",India,134
2021-01-01,"AQ Gamers ","Atliq Exclusive",India,440
2021-01-01,"AQ Gamers ","Atliq Exclusive",India,593
2021-01-01,"AQ Gamers ","Atliq Exclusive",India,716
2021-01-01,"AQ Gamers ","Atliq Exclusive",India,787
2021-01-01,"AQ Gamers ","Atliq Exclusive",India,470
2021-01-01,"AQ Gamers ","Atliq Exclusive",India,449
2021-01-01,"AQ Gamers ","Atliq Exclusive",India,220
2021-01-01,"AQ Gamers ","Atliq Exclusive",India,387
2021-01-01,"AQ Gamers ","Atliq Exclusive",India,375
2021-01-01,"AQ Gamers ","Atliq Exclusive",India,222
2021-01-01,"AQ Gamers ","Atliq Exclusive",India,822
2021-01-01,"AQ Gamers ","Atliq Exclusive",India,183
2021-01-01,"AQ Lite","Atliq Exclusive",India,623
2021-01-01,"AQ Lite","Atliq Exclusive",India,99
2021-01-01,"AQ Lite","Atliq Exclusive",India,113
2021-01-01,"AQ Lite","Atliq Exclusive",India,134
2021-01-01,"AQ Lite","Atliq Exclusive",India,671
2021-01-01,"AQ Lite","Atliq Exclusive",India,218
2021-01-01,"AQ Lite","Atliq Exclusive",India,123
2021-01-01,"AQ Lite","Atliq Exclusive",India,488
2021-01-01,"AQ Lite","Atliq Exclusive",India,224
2021-01-01,"AQ Lite","Atliq Exclusive",India,174
2021-01-01,"AQ Lite","Atliq Exclusive",India,642
2021-01-01,"AQ Lite","Atliq Exclusive",India,744
2021-01-01,"AQ Maxima","Atliq Exclusive",India,764
2021-01-01,"AQ Maxima","Atliq Exclusive",India,253
2021-01-01,"AQ Maxima","Atliq Exclusive",India,451
2021-01-01,"AQ Maxima","Atliq Exclusive",India,433
2021-01-01,"AQ Maxima","Atliq Exclusive",India,744
2021-01-01,"AQ Maxima","Atliq Exclusive",India,264
2021-01-01,"AQ Maxima","Atliq Exclusive",India,211
2021-01-01,"AQ Maxima","Atliq Exclusive",India,679
2021-01-01,"AQ Maxima","Atliq Exclusive",India,759
2021-01-01,"AQ Maxima","Atliq Exclusive",India,429
2021-01-01,"AQ Maxima","Atliq Exclusive",India,679
2021-01-01,"AQ Maxima","Atliq Exclusive",India,398
2021-01-01,"AQ Qwerty","Atliq Exclusive",India,746
2021-01-01,"AQ Qwerty","Atliq Exclusive",India,708
2021-01-01,"AQ Qwerty","Atliq Exclusive",India,493
2021-01-01,"AQ Qwerty","Atliq Exclusive",India,760
2021-01-01,"AQ Qwerty","Atliq Exclusive",India,146
2021-01-01,"AQ Qwerty","Atliq Exclusive",India,357
2021-01-01,"AQ Qwerty","Atliq Exclusive",India,774
2021-01-01,"AQ Qwerty","Atliq Exclusive",India,781
2021-01-01,"AQ Qwerty","Atliq Exclusive",India,192
2021-01-01,"AQ Qwerty","Atliq Exclusive",India,97
2021-01-01,"AQ Qwerty","Atliq Exclusive",India,637
2021-01-01,"AQ Qwerty","Atliq Exclusive",India,850
2021-01-01,"AQ Trigger","Atliq Exclusive",India,829
2021-01-01,"AQ Trigger","Atliq Exclusive",India,757
2021-01-01,"AQ Trigger","Atliq Exclusive",India,480
2021-01-01,"AQ Trigger","Atliq Exclusive",India,364
2021-01-01,"AQ Trigger","Atliq Exclusive",India,792
2021-01-01,"AQ Trigger","Atliq Exclusive",India,396
2021-01-01,"AQ Trigger","Atliq Exclusive",India,435
2021-01-01,"AQ Trigger","Atliq Exclusive",India,796
2021-01-01,"AQ Trigger","Atliq Exclusive",India,424
2021-01-01,"AQ Trigger","Atliq Exclusive",India,297
2021-01-01,"AQ LION x1","Atliq Exclusive",India,62
2021-01-01,"AQ LION x1","Atliq Exclusive",India,14
2021-01-01,"AQ LION x1","Atliq Exclusive",India,63
2021-01-01,"AQ LION x1","Atliq Exclusive",India,9
2021-01-01,"AQ LION x1","Atliq Exclusive",India,60
2021-01-01,"AQ LION x1","Atliq Exclusive",India,22
2021-01-01,"AQ LION x1","Atliq Exclusive",India,69
2021-01-01,"AQ LION x1","Atliq Exclusive",India,47
2021-01-01,"AQ LION x2","Atliq Exclusive",India,53
2021-01-01,"AQ LION x2","Atliq Exclusive",India,13
2021-01-01,"AQ LION x2","Atliq Exclusive",India,59
2021-01-01,"AQ LION x2","Atliq Exclusive",India,35
2021-01-01,"AQ LION x2","Atliq Exclusive",India,52
2021-01-01,"AQ LION x2","Atliq Exclusive",India,41
2021-01-01,"AQ LION x2","Atliq Exclusive",India,78
2021-01-01,"AQ LION x2","Atliq Exclusive",India,87
2021-01-01,"AQ LION x2","Atliq Exclusive",India,51
2021-01-01,"AQ LION x2","Atliq Exclusive",India,59
2021-01-01,"AQ LION x3","Atliq Exclusive",India,64
2021-01-01,"AQ LION x3","Atliq Exclusive",India,43
2021-01-01,"AQ LION x3","Atliq Exclusive",India,72
2021-01-01,"AQ LION x3","Atliq Exclusive",India,51
2021-01-01,"AQ LION x3","Atliq Exclusive",India,45
2021-01-01,"AQ LION x3","Atliq Exclusive",India,41
2021-01-01,"AQ LION x3","Atliq Exclusive",India,43
2021-01-01,"AQ LION x3","Atliq Exclusive",India,55
2021-01-01,"AQ LION x3","Atliq Exclusive",India,25
2021-01-01,"AQ LION x3","Atliq Exclusive",India,45
2021-01-01,"AQ Mx NB","Atliq Exclusive",India,9
2021-01-01,"AQ Mx NB","Atliq Exclusive",India,13
2021-01-01,"AQ Mx NB","Atliq Exclusive",India,67
2021-01-01,"AQ Mx NB","Atliq Exclusive",India,84
2021-01-01,"AQ Mx NB","Atliq Exclusive",India,85
2021-01-01,"AQ Mx NB","Atliq Exclusive",India,60
2021-01-01,"AQ Mx NB","Atliq Exclusive",India,84
2021-01-01,"AQ Mx NB","Atliq Exclusive",India,52
2021-01-01,"AQ Mx NB","Atliq Exclusive",India,30
2021-01-01,"AQ Mx NB","Atliq Exclusive",India,49
2021-01-01,"AQ Aspiron","Atliq Exclusive",India,15
2021-01-01,"AQ Aspiron","Atliq Exclusive",India,30
2021-01-01,"AQ Aspiron","Atliq Exclusive",India,38
2021-01-01,"AQ Aspiron","Atliq Exclusive",India,11
2021-01-01,"AQ Aspiron","Atliq Exclusive",India,26
2021-01-01,"AQ Aspiron","Atliq Exclusive",India,40
2021-01-01,"AQ Digit","Atliq Exclusive",India,14
2021-01-01,"AQ Digit","Atliq Exclusive",India,11
2021-01-01,"AQ Digit","Atliq Exclusive",India,30
2021-01-01,"AQ Digit","Atliq Exclusive",India,35
2021-01-01,"AQ Digit","Atliq Exclusive",India,19
2021-01-01,"AQ Digit","Atliq Exclusive",India,13
2021-01-01,"AQ Digit","Atliq Exclusive",India,27
2021-01-01,"AQ Digit","Atliq Exclusive",India,21
2021-01-01,"AQ Digit","Atliq Exclusive",India,9
2021-01-01,"AQ Digit","Atliq Exclusive",India,40
2021-01-01,"AQ Digit","Atliq Exclusive",India,24
2021-01-01,"AQ Digit","Atliq Exclusive",India,22
2021-01-01,"AQ Digit","Atliq Exclusive",India,36
2021-01-01,"AQ Digit","Atliq Exclusive",India,30
2021-01-01,"AQ Digit","Atliq Exclusive",India,40
2021-01-01,"AQ Digit","Atliq Exclusive",India,27
2021-01-01,"AQ Velocity","Atliq Exclusive",India,22
2021-01-01,"AQ Velocity","Atliq Exclusive",India,36
2021-01-01,"AQ Velocity","Atliq Exclusive",India,20
2021-01-01,"AQ Velocity","Atliq Exclusive",India,27
2021-01-01,"AQ Velocity","Atliq Exclusive",India,18
2021-01-01,"AQ Velocity","Atliq Exclusive",India,20
2021-01-01,"AQ Velocity","Atliq Exclusive",India,30
2021-01-01,"AQ Velocity","Atliq Exclusive",India,40
2021-01-01,"AQ Velocity","Atliq Exclusive",India,22
2021-01-01,"AQ Velocity","Atliq Exclusive",India,32
2021-01-01,"AQ Velocity","Atliq Exclusive",India,13
2021-01-01,"AQ Velocity","Atliq Exclusive",India,32
2021-01-01,"AQ Elite","Atliq Exclusive",India,22
2021-01-01,"AQ Elite","Atliq Exclusive",India,38
2021-01-01,"AQ Elite","Atliq Exclusive",India,31
2021-01-01,"AQ Elite","Atliq Exclusive",India,30
2021-01-01,"AQ Elite","Atliq Exclusive",India,13
2021-01-01,"AQ Elite","Atliq Exclusive",India,24
2021-01-01,"AQ Elite","Atliq Exclusive",India,21
2021-01-01,"AQ Elite","Atliq Exclusive",India,24
2021-01-01,"AQ Elite","Atliq Exclusive",India,35
2021-01-01,"AQ Elite","Atliq Exclusive",India,39
2021-01-01,"AQ Elite","Atliq Exclusive",India,7
2021-01-01,"AQ Elite","Atliq Exclusive",India,38
2021-01-01,"AQ Elite","Atliq Exclusive",India,33
2021-01-01,"AQ Elite","Atliq Exclusive",India,38
2021-01-01,"AQ Elite","Atliq Exclusive",India,31
2021-01-01,"AQ Elite","Atliq Exclusive",India,22
2021-01-01,"AQ Gen X","Atliq Exclusive",India,15
2021-01-01,"AQ Gen X","Atliq Exclusive",India,28
2021-01-01,"AQ Gen X","Atliq Exclusive",India,8
2021-01-01,"AQ Gen X","Atliq Exclusive",India,23
2021-01-01,"AQ Gen X","Atliq Exclusive",India,26
2021-01-01,"AQ Gen X","Atliq Exclusive",India,25
2021-01-01,"AQ Gen X","Atliq Exclusive",India,17
2021-01-01,"AQ Gen X","Atliq Exclusive",India,7
2021-01-01,"AQ Gen X","Atliq Exclusive",India,14
2021-01-01,"AQ Gen X","Atliq Exclusive",India,38
2021-01-01,"AQ Gen X","Atliq Exclusive",India,25
2021-01-01,"AQ Gen X","Atliq Exclusive",India,36
2021-01-01,"AQ Gen X","Atliq Exclusive",India,20
2021-01-01,"AQ Gen X","Atliq Exclusive",India,9
2021-01-01,"AQ Gen X","Atliq Exclusive",India,17
2021-01-01,"AQ Gen X","Atliq Exclusive",India,11
2021-01-01,"AQ Gen Y","Atliq Exclusive",India,38
2021-01-01,"AQ Gen Y","Atliq Exclusive",India,34
2021-01-01,"AQ Gen Y","Atliq Exclusive",India,22
2021-01-01,"AQ Gen Y","Atliq Exclusive",India,22
2021-01-01,"AQ Gen Y","Atliq Exclusive",India,9
2021-01-01,"AQ Gen Y","Atliq Exclusive",India,29
2021-01-01,"AQ Gen Y","Atliq Exclusive",India,9
2021-01-01,"AQ Gen Y","Atliq Exclusive",India,36
2021-01-01,"AQ Gen Y","Atliq Exclusive",India,20
2021-01-01,"AQ Gen Y","Atliq Exclusive",India,37
2021-01-01,"AQ Gen Y","Atliq Exclusive",India,21
2021-01-01,"AQ Gen Y","Atliq Exclusive",India,39
2021-01-01,"AQ Gen Y","Atliq Exclusive",India,13
2021-01-01,"AQ Gen Y","Atliq Exclusive",India,9
2021-01-01,"AQ Gen Y","Atliq Exclusive",India,28
2021-01-01,"AQ Gen Y","Atliq Exclusive",India,19
2021-01-01,"AQ GEN Z","Atliq Exclusive",India,10
2021-01-01,"AQ GEN Z","Atliq Exclusive",India,26
2021-01-01,"AQ GEN Z","Atliq Exclusive",India,7
2021-01-01,"AQ GEN Z","Atliq Exclusive",India,23
2021-01-01,"AQ GEN Z","Atliq Exclusive",India,31
2021-01-01,"AQ GEN Z","Atliq Exclusive",India,40
2021-01-01,"AQ GEN Z","Atliq Exclusive",India,27
2021-01-01,"AQ GEN Z","Atliq Exclusive",India,7
2021-01-01,"AQ GEN Z","Atliq Exclusive",India,13
2021-01-01,"AQ GEN Z","Atliq Exclusive",India,22
2021-01-01,"AQ BZ 101","Atliq Exclusive",India,17
2021-01-01,"AQ BZ 101","Atliq Exclusive",India,12
2021-01-01,"AQ BZ 101","Atliq Exclusive",India,7
2021-01-01,"AQ BZ 101","Atliq Exclusive",India,7
2021-01-01,"AQ BZ 101","Atliq Exclusive",India,20
2021-01-01,"AQ BZ 101","Atliq Exclusive",India,6
2021-01-01,"AQ BZ 101","Atliq Exclusive",India,12
2021-01-01,"AQ BZ 101","Atliq Exclusive",India,13
2021-01-01,"AQ BZ Compact","Atliq Exclusive",India,9
2021-01-01,"AQ BZ Compact","Atliq Exclusive",India,23
2021-01-01,"AQ BZ Compact","Atliq Exclusive",India,27
2021-01-01,"AQ BZ Compact","Atliq Exclusive",India,8
2021-01-01,"AQ BZ Compact","Atliq Exclusive",India,28
2021-01-01,"AQ BZ Compact","Atliq Exclusive",India,20
2021-01-01,"AQ BZ Compact","Atliq Exclusive",India,20
2021-01-01,"AQ BZ Compact","Atliq Exclusive",India,6
2021-01-01,"AQ BZ Compact","Atliq Exclusive",India,6
2021-01-01,"AQ BZ Compact","Atliq Exclusive",India,22
2021-01-01,"AQ BZ Compact","Atliq Exclusive",India,8
2021-01-01,"AQ BZ Compact","Atliq Exclusive",India,16
2021-01-01,"AQ BZ Compact","Atliq Exclusive",India,7
2021-01-01,"AQ BZ Compact","Atliq Exclusive",India,24
2021-01-01,"AQ BZ Compact","Atliq Exclusive",India,27
2021-01-01,"AQ BZ Compact","Atliq Exclusive",India,12
2021-01-01,"AQ BZ Gen Y","Atliq Exclusive",India,27
2021-01-01,"AQ BZ Gen Y","Atliq Exclusive",India,17
2021-01-01,"AQ BZ Gen Y","Atliq Exclusive",India,24
2021-01-01,"AQ BZ Gen Y","Atliq Exclusive",India,20
2021-01-01,"AQ BZ Gen Y","Atliq Exclusive",India,27
2021-01-01,"AQ BZ Gen Y","Atliq Exclusive",India,23
2021-01-01,"AQ BZ Gen Y","Atliq Exclusive",India,12
2021-01-01,"AQ BZ Gen Y","Atliq Exclusive",India,8
2021-01-01,"AQ BZ Gen Y","Atliq Exclusive",India,16
2021-01-01,"AQ BZ Gen Y","Atliq Exclusive",India,5
2021-01-01,"AQ BZ Gen Y","Atliq Exclusive",India,13
2021-01-01,"AQ BZ Gen Y","Atliq Exclusive",India,15
2021-01-01,"AQ BZ Gen Y","Atliq Exclusive",India,21
2021-01-01,"AQ BZ Gen Y","Atliq Exclusive",India,28
2021-01-01,"AQ BZ Gen Z","Atliq Exclusive",India,5
2021-01-01,"AQ BZ Gen Z","Atliq Exclusive",India,6
2021-01-01,"AQ BZ Gen Z","Atliq Exclusive",India,24
2021-01-01,"AQ BZ Gen Z","Atliq Exclusive",India,14
2021-01-01,"AQ BZ Gen Z","Atliq Exclusive",India,5
2021-01-01,"AQ BZ Gen Z","Atliq Exclusive",India,25
2021-01-01,"AQ BZ Gen Z","Atliq Exclusive",India,20
2021-01-01,"AQ BZ Gen Z","Atliq Exclusive",India,5
2021-01-01,"AQ BZ Gen Z","Atliq Exclusive",India,8
2021-01-01,"AQ BZ Gen Z","Atliq Exclusive",India,17
2021-01-01,"AQ BZ Gen Z","Atliq Exclusive",India,11
2021-01-01,"AQ BZ Gen Z","Atliq Exclusive",India,19
2021-01-01,"AQ BZ Gen Z","Atliq Exclusive",India,26
2021-01-01,"AQ BZ Gen Z","Atliq Exclusive",India,8
2021-01-01,"AQ Gamer 1","Atliq Exclusive",India,17
2021-01-01,"AQ Gamer 1","Atliq Exclusive",India,11
2021-01-01,"AQ Gamer 1","Atliq Exclusive",India,5
2021-01-01,"AQ Gamer 1","Atliq Exclusive",India,7
2021-01-01,"AQ Gamer 1","Atliq Exclusive",India,5
2021-01-01,"AQ Gamer 1","Atliq Exclusive",India,16
2021-01-01,"AQ Gamer 1","Atliq Exclusive",India,8
2021-01-01,"AQ Gamer 1","Atliq Exclusive",India,10
2021-01-01,"AQ Gamer 1","Atliq Exclusive",India,4
2021-01-01,"AQ Gamer 1","Atliq Exclusive",India,7
2021-01-01,"AQ Gamer 1","Atliq Exclusive",India,10
2021-01-01,"AQ Gamer 1","Atliq Exclusive",India,6
2021-01-01,"AQ Gamer 2","Atliq Exclusive",India,7
2021-01-01,"AQ Gamer 2","Atliq Exclusive",India,5
2021-01-01,"AQ Gamer 2","Atliq Exclusive",India,15
2021-01-01,"AQ Gamer 2","Atliq Exclusive",India,3
2021-01-01,"AQ Gamer 2","Atliq Exclusive",India,5
2021-01-01,"AQ Gamer 2","Atliq Exclusive",India,3
2021-01-01,"AQ Gamer 2","Atliq Exclusive",India,17
2021-01-01,"AQ Gamer 2","Atliq Exclusive",India,14
2021-01-01,"AQ Gamer 2","Atliq Exclusive",India,7
2021-01-01,"AQ Gamer 2","Atliq Exclusive",India,11
2021-01-01,"AQ Gamer 2","Atliq Exclusive",India,7
2021-01-01,"AQ Gamer 2","Atliq Exclusive",India,14
2021-01-01,"AQ Gamer 2","Atliq Exclusive",India,14
2021-01-01,"AQ Gamer 2","Atliq Exclusive",India,5
2021-01-01,"AQ Gamer 2","Atliq Exclusive",India,6
2021-01-01,"AQ Gamer 2","Atliq Exclusive",India,10
2021-01-01,"AQ Gamer 3","Atliq Exclusive",India,3
2021-01-01,"AQ Gamer 3","Atliq Exclusive",India,16
2021-01-01,"AQ Gamer 3","Atliq Exclusive",India,7
2021-01-01,"AQ Gamer 3","Atliq Exclusive",India,14
2021-01-01,"AQ Gamer 3","Atliq Exclusive",India,12
2021-01-01,"AQ Gamer 3","Atliq Exclusive",India,7
2021-01-01,"AQ Gamer 3","Atliq Exclusive",India,5
2021-01-01,"AQ Gamer 3","Atliq Exclusive",India,12
2021-01-01,"AQ Gamer 3","Atliq Exclusive",India,5
2021-01-01,"AQ Gamer 3","Atliq Exclusive",India,8
2021-01-01,"AQ Gamer 3","Atliq Exclusive",India,5
2021-01-01,"AQ Gamer 3","Atliq Exclusive",India,14
2021-01-01,"AQ Gamer 3","Atliq Exclusive",India,11
2021-01-01,"AQ Gamer 3","Atliq Exclusive",India,7
2021-01-01,"AQ Gamer 3","Atliq Exclusive",India,13
2021-01-01,"AQ Gamer 3","Atliq Exclusive",India,12
2021-01-01,"AQ Smash 1","Atliq Exclusive",India,15
2021-01-01,"AQ Smash 1","Atliq Exclusive",India,16
2021-01-01,"AQ Smash 1","Atliq Exclusive",India,8
2021-01-01,"AQ Smash 1","Atliq Exclusive",India,14
2021-01-01,"AQ Smash 1","Atliq Exclusive",India,3
2021-01-01,"AQ Smash 1","Atliq Exclusive",India,8
2021-01-01,"AQ Smash 1","Atliq Exclusive",India,13
2021-01-01,"AQ Smash 1","Atliq Exclusive",India,12
2021-01-01,"AQ Smash 1","Atliq Exclusive",India,14
2021-01-01,"AQ Smash 1","Atliq Exclusive",India,15
2021-01-01,"AQ Smash 1","Atliq Exclusive",India,5
2021-01-01,"AQ Smash 1","Atliq Exclusive",India,7
2021-01-01,"AQ Smash 1","Atliq Exclusive",India,14
2021-01-01,"AQ Smash 1","Atliq Exclusive",India,16
2021-01-01,"AQ Smash 1","Atliq Exclusive",India,17
2021-01-01,"AQ Smash 1","Atliq Exclusive",India,8
2021-01-01,"AQ Smash 2","Atliq Exclusive",India,3
2021-01-01,"AQ Smash 2","Atliq Exclusive",India,4
2021-01-01,"AQ Smash 2","Atliq Exclusive",India,8
2021-01-01,"AQ Smash 2","Atliq Exclusive",India,9
2021-01-01,"AQ Smash 2","Atliq Exclusive",India,10
2021-01-01,"AQ Smash 2","Atliq Exclusive",India,5
2021-01-01,"AQ Smash 2","Atliq Exclusive",India,8
2021-01-01,"AQ Smash 2","Atliq Exclusive",India,9
2021-01-01,"AQ Smash 2","Atliq Exclusive",India,10
2021-01-01,"AQ Smash 2","Atliq Exclusive",India,6
2021-01-01,"AQ Smash 2","Atliq Exclusive",India,14
2021-01-01,"AQ Smash 2","Atliq Exclusive",India,4
2021-01-01,"AQ BZ Allin1","Atliq Exclusive",India,11
2021-01-01,"AQ BZ Allin1","Atliq Exclusive",India,29
2021-01-01,"AQ BZ Allin1","Atliq Exclusive",India,28
2021-01-01,"AQ BZ Allin1","Atliq Exclusive",India,8
2021-01-01,"AQ BZ Allin1","Atliq Exclusive",India,16
2021-01-01,"AQ BZ Allin1","Atliq Exclusive",India,6
2021-01-01,"AQ BZ Allin1","Atliq Exclusive",India,9
2021-01-01,"AQ BZ Allin1","Atliq Exclusive",India,21
2021-01-01,"AQ BZ Allin1","Atliq Exclusive",India,11
2021-01-01,"AQ BZ Allin1","Atliq Exclusive",India,8
2021-01-01,"AQ BZ Allin1","Atliq Exclusive",India,7
2021-01-01,"AQ BZ Allin1","Atliq Exclusive",India,27
2021-01-01,"AQ BZ Allin1","Atliq Exclusive",India,22
2021-01-01,"AQ BZ Allin1","Atliq Exclusive",India,28
2021-01-01,"AQ BZ Allin1","Atliq Exclusive",India,8
2021-01-01,"AQ BZ Allin1","Atliq Exclusive",India,16
2021-01-01,"AQ Home Allin1","Atliq Exclusive",India,1
2021-01-01,"AQ Home Allin1","Atliq Exclusive",India,3
2021-01-01,"AQ Home Allin1","Atliq Exclusive",India,2
2021-01-01,"AQ Home Allin1","Atliq Exclusive",India,2
2021-01-01,"AQ Home Allin1","Atliq Exclusive",India,5
2021-01-01,"AQ Home Allin1","Atliq Exclusive",India,1
2021-01-01,"AQ Home Allin1","Atliq Exclusive",India,4
2021-01-01,"AQ Home Allin1","Atliq Exclusive",India,4
2021-01-01,"AQ Home Allin1","Atliq Exclusive",India,4
2021-01-01,"AQ Home Allin1","Atliq Exclusive",India,2
2021-01-01,"AQ Home Allin1","Atliq Exclusive",India,1
2021-01-01,"AQ Home Allin1","Atliq Exclusive",India,4
2021-01-01,"AQ Home Allin1","Atliq Exclusive",India,3
2021-01-01,"AQ Home Allin1","Atliq Exclusive",India,5
2021-01-01,"AQ Home Allin1","Atliq Exclusive",India,3
2021-01-01,"AQ Home Allin1","Atliq Exclusive",India,4
2021-01-01,"AQ HOME Allin1 Gen 2","Atliq Exclusive",India,5
2021-01-01,"AQ HOME Allin1 Gen 2","Atliq Exclusive",India,4
2021-01-01,"AQ HOME Allin1 Gen 2","Atliq Exclusive",India,4
2021-01-01,"AQ HOME Allin1 Gen 2","Atliq Exclusive",India,3
2021-01-01,"AQ HOME Allin1 Gen 2","Atliq Exclusive",India,5
2021-01-01,"AQ HOME Allin1 Gen 2","Atliq Exclusive",India,4
2021-01-01,"AQ HOME Allin1 Gen 2","Atliq Exclusive",India,2
2021-01-01,"AQ HOME Allin1 Gen 2","Atliq Exclusive",India,2
2021-01-01,"AQ HOME Allin1 Gen 2","Atliq Exclusive",India,1
2021-01-01,"AQ HOME Allin1 Gen 2","Atliq Exclusive",India,3
2021-01-01,"AQ HOME Allin1 Gen 2","Atliq Exclusive",India,2
2021-01-01,"AQ HOME Allin1 Gen 2","Atliq Exclusive",India,5
2021-01-01,"AQ Digit SSD","Atliq Exclusive",India,967
2021-01-01,"AQ Digit SSD","Atliq Exclusive",India,1032
2021-01-01,"AQ Digit SSD","Atliq Exclusive",India,938
2021-01-01,"AQ Digit SSD","Atliq Exclusive",India,926
2021-01-01,"AQ Digit SSD","Atliq Exclusive",India,499
2021-01-01,"AQ Digit SSD","Atliq Exclusive",India,248
2021-01-01,"AQ Neuer SSD","Atliq Exclusive",India,141
2021-01-01,"AQ Neuer SSD","Atliq Exclusive",India,281
2021-01-01,"AQ Neuer SSD","Atliq Exclusive",India,272
2021-01-01,"AQ Neuer SSD","Atliq Exclusive",India,722
2021-01-01,"AQ Neuer SSD","Atliq Exclusive",India,624
2021-01-01,"AQ Neuer SSD","Atliq Exclusive",India,944
2021-01-01,"AQ Clx1","Atliq Exclusive",India,913
2021-01-01,"AQ Clx1","Atliq Exclusive",India,453
2021-01-01,"AQ Clx1","Atliq Exclusive",India,890
2021-01-01,"AQ Clx1","Atliq Exclusive",India,262
2021-01-01,"AQ Clx1","Atliq Exclusive",India,1032
2021-01-01,"AQ Clx1","Atliq Exclusive",India,139
2021-01-01,"AQ Clx2","Atliq Exclusive",India,329
2021-01-01,"AQ Clx2","Atliq Exclusive",India,418
2021-01-01,"AQ Clx2","Atliq Exclusive",India,792
2021-01-01,"AQ Clx2","Atliq Exclusive",India,283
2021-01-01,"AQ Clx2","Atliq Exclusive",India,838
2021-01-01,"AQ Clx2","Atliq Exclusive",India,844
2021-01-01,"AQ Clx3","Atliq Exclusive",India,595
2021-01-01,"AQ Clx3","Atliq Exclusive",India,718
2021-01-01,"AQ Pen Drive 2 IN 1","Atliq Exclusive",India,306
2021-01-01,"AQ Pen Drive 2 IN 1","Atliq Exclusive",India,278
2021-01-01,"AQ Pen Drive DRC","Atliq Exclusive",India,398
2021-01-01,"AQ Pen Drive DRC","Atliq Exclusive",India,577
2021-01-01,"AQ Pen Drive DRC","Atliq Exclusive",India,1447
2021-01-01,"AQ Pen Drive DRC","Atliq Exclusive",India,1756
2021-01-01,"AQ Pen Drive DRC","Atliq Exclusive",India,648
2021-01-01,"AQ Pen Drive DRC","Atliq Exclusive",India,539
2021-01-01,"AQ Wi Power Dx1","Atliq Exclusive",India,403
2021-01-01,"AQ Wi Power Dx1","Atliq Exclusive",India,118
2021-01-01,"AQ Wi Power Dx1","Atliq Exclusive",India,691
2021-01-01,"AQ Wi Power Dx1","Atliq Exclusive",India,284
2021-01-01,"AQ Wi Power Dx1","Atliq Exclusive",India,96
2021-01-01,"AQ Wi Power Dx1","Atliq Exclusive",India,693
2021-01-01,"AQ Wi Power Dx2","Atliq Exclusive",India,238
2021-01-01,"AQ Wi Power Dx2","Atliq Exclusive",India,376
2021-01-01,"AQ Wi Power Dx2","Atliq Exclusive",India,343
2021-01-01,"AQ Wi Power Dx2","Atliq Exclusive",India,576
2021-01-01,"AQ Wi Power Dx2","Atliq Exclusive",India,337
2021-01-01,"AQ Wi Power Dx2","Atliq Exclusive",India,275
2021-01-01,"AQ Wi Power Dx3","Atliq Exclusive",India,156
2021-01-01,"AQ Wi Power Dx3","Atliq Exclusive",India,469
2021-01-01,"AQ Wi Power Dx3","Atliq Exclusive",India,197
2021-01-01,"AQ Wi Power Dx3","Atliq Exclusive",India,84
2021-01-01,"AQ Wi Power Dx3","Atliq Exclusive",India,697
2021-01-01,"AQ Wi Power Dx3","Atliq Exclusive",India,406
2021-02-01,"AQ Dracula HDD – 3.5 Inch SATA 6 Gb/s 5400 RPM 256 MB Cache","Atliq Exclusive",India,174
2021-02-01,"AQ Dracula HDD – 3.5 Inch SATA 6 Gb/s 5400 RPM 256 MB Cache","Atliq Exclusive",India,198
2021-02-01,"AQ Dracula HDD – 3.5 Inch SATA 6 Gb/s 5400 RPM 256 MB Cache","Atliq Exclusive",India,162
2021-02-01,"AQ Dracula HDD – 3.5 Inch SATA 6 Gb/s 5400 RPM 256 MB Cache","Atliq Exclusive",India,166
2021-02-01,"AQ WereWolf NAS Internal Hard Drive HDD – 8.89 cm","Atliq Exclusive",India,221
2021-02-01,"AQ WereWolf NAS Internal Hard Drive HDD – 8.89 cm","Atliq Exclusive",India,236
2021-02-01,"AQ WereWolf NAS Internal Hard Drive HDD – 8.89 cm","Atliq Exclusive",India,49
2021-02-01,"AQ Zion Saga","Atliq Exclusive",India,94
2021-02-01,"AQ Zion Saga","Atliq Exclusive",India,190
2021-02-01,"AQ Zion Saga","Atliq Exclusive",India,211
2021-02-01,"AQ Mforce Gen X","Atliq Exclusive",India,135
2021-02-01,"AQ Mforce Gen X","Atliq Exclusive",India,71
2021-02-01,"AQ Mforce Gen X","Atliq Exclusive",India,31
2021-02-01,"AQ Mforce Gen X","Atliq Exclusive",India,192
2021-02-01,"AQ Mforce Gen Y","Atliq Exclusive",India,71
2021-02-01,"AQ Mforce Gen Y","Atliq Exclusive",India,163
2021-02-01,"AQ Mforce Gen Y","Atliq Exclusive",India,156
2021-02-01,"AQ Mforce Gen Y","Atliq Exclusive",India,122
2021-02-01,"AQ Mforce Gen Y","Atliq Exclusive",India,111
2021-02-01,"AQ Mforce Gen Y","Atliq Exclusive",India,139
2021-02-01,"AQ Mforce Gen Y","Atliq Exclusive",India,80
2021-02-01,"AQ Mforce Gen Y","Atliq Exclusive",India,126
2021-02-01,"AQ Mforce Gen Z","Atliq Exclusive",India,90
2021-02-01,"AQ Mforce Gen Z","Atliq Exclusive",India,55
2021-02-01,"AQ Mforce Gen Z","Atliq Exclusive",India,73
2021-02-01,"AQ Mforce Gen Z","Atliq Exclusive",India,81
2021-02-01,"AQ Mforce Gen Z","Atliq Exclusive",India,85
2021-02-01,"AQ Mforce Gen Z","Atliq Exclusive",India,20
2021-02-01,"AQ Mforce Gen Z","Atliq Exclusive",India,38
2021-02-01,"AQ Mforce Gen Z","Atliq Exclusive",India,185
2021-02-01,"AQ GT 21","Atliq Exclusive",India,25
2021-02-01,"AQ GT 21","Atliq Exclusive",India,40
2021-02-01,"AQ GT 21","Atliq Exclusive",India,35
2021-02-01,"AQ GT 21","Atliq Exclusive",India,57
2021-02-01,"AQ Marquee P3","Atliq Exclusive",India,75
2021-02-01,"AQ Marquee P3","Atliq Exclusive",India,160
2021-02-01,"AQ Marquee P3","Atliq Exclusive",India,85
2021-02-01,"AQ Marquee P3","Atliq Exclusive",India,171
2021-02-01,"AQ Marquee P4","Atliq Exclusive",India,174
2021-02-01,"AQ 5000 Series Electron 9 5900X Desktop Processor","Atliq Exclusive",India,117
2021-02-01,"AQ 5000 Series Electron 9 5900X Desktop Processor","Atliq Exclusive",India,104
2021-02-01,"AQ 5000 Series Electron 9 5900X Desktop Processor","Atliq Exclusive",India,114
2021-02-01,"AQ 5000 Series Electron 8 5900X Desktop Processor","Atliq Exclusive",India,114
2021-02-01,"AQ 5000 Series Electron 8 5900X Desktop Processor","Atliq Exclusive",India,39
2021-02-01,"AQ 5000 Series Electron 8 5900X Desktop Processor","Atliq Exclusive",India,46
2021-02-01,"AQ 5000 Series Ultron 8 5900X Desktop Processor","Atliq Exclusive",India,181
2021-02-01,"AQ 5000 Series Ultron 8 5900X Desktop Processor","Atliq Exclusive",India,119
2021-02-01,"AQ 5000 Series Ultron 8 5900X Desktop Processor","Atliq Exclusive",India,203
2021-02-01,"AQ Electron 5 3600 Desktop Processor","Atliq Exclusive",India,174
2021-02-01,"AQ Electron 5 3600 Desktop Processor","Atliq Exclusive",India,77
2021-02-01,"AQ Electron 5 3600 Desktop Processor","Atliq Exclusive",India,142
2021-02-01,"AQ Electron 4 3600 Desktop Processor","Atliq Exclusive",India,139
2021-02-01,"AQ Electron 4 3600 Desktop Processor","Atliq Exclusive",India,129
2021-02-01,"AQ Electron 4 3600 Desktop Processor","Atliq Exclusive",India,178
2021-02-01,"AQ Electron 3 3600 Desktop Processor","Atliq Exclusive",India,161
2021-02-01,"AQ Electron 3 3600 Desktop Processor","Atliq Exclusive",India,83
2021-02-01,"AQ MB Elite","Atliq Exclusive",India,131
2021-02-01,"AQ MB Elite","Atliq Exclusive",India,23
2021-02-01,"AQ MB Elite","Atliq Exclusive",India,39
2021-02-01,"AQ MB Elite","Atliq Exclusive",India,102
2021-02-01,"AQ MB Crossx","Atliq Exclusive",India,131
2021-02-01,"AQ MB Crossx","Atliq Exclusive",India,89
2021-02-01,"AQ MB Crossx","Atliq Exclusive",India,35
2021-02-01,"AQ MB Crossx","Atliq Exclusive",India,110
2021-02-01,"AQ MB Crossx 2","Atliq Exclusive",India,130
2021-02-01,"AQ MB Crossx 2","Atliq Exclusive",India,54
2021-02-01,"AQ MB Crossx 2","Atliq Exclusive",India,134
2021-02-01,"AQ MB Crossx 2","Atliq Exclusive",India,117
2021-02-01,"AQ MB Lito","Atliq Exclusive",India,90
2021-02-01,"AQ MB Lito","Atliq Exclusive",India,69
2021-02-01,"AQ MB Lito","Atliq Exclusive",India,142
2021-02-01,"AQ MB Lito","Atliq Exclusive",India,55
2021-02-01,"AQ MB Lito 2","Atliq Exclusive",India,64
2021-02-01,"AQ MB Lito 2","Atliq Exclusive",India,32
2021-02-01,"AQ MB Lito 2","Atliq Exclusive",India,31
2021-02-01,"AQ Master wired x1 Ms","Atliq Exclusive",India,886
2021-02-01,"AQ Master wired x1 Ms","Atliq Exclusive",India,127
2021-02-01,"AQ Master wired x1 Ms","Atliq Exclusive",India,119
2021-02-01,"AQ Master wired x1 Ms","Atliq Exclusive",India,591
2021-02-01,"AQ Master wired x1 Ms","Atliq Exclusive",India,381
2021-02-01,"AQ Master wired x1 Ms","Atliq Exclusive",India,840
2021-02-01,"AQ Master wireless x1 Ms","Atliq Exclusive",India,200
2021-02-01,"AQ Master wireless x1 Ms","Atliq Exclusive",India,218
2021-02-01,"AQ Master wireless x1 Ms","Atliq Exclusive",India,757
2021-02-01,"AQ Master wireless x1 Ms","Atliq Exclusive",India,863
2021-02-01,"AQ Master wireless x1 Ms","Atliq Exclusive",India,406
2021-02-01,"AQ Master wireless x1 Ms","Atliq Exclusive",India,1007
2021-02-01,"AQ Gamers Ms","Atliq Exclusive",India,171
2021-02-01,"AQ Gamers Ms","Atliq Exclusive",India,283
2021-02-01,"AQ Gamers Ms","Atliq Exclusive",India,397
2021-02-01,"AQ Gamers Ms","Atliq Exclusive",India,308
2021-02-01,"AQ Gamers Ms","Atliq Exclusive",India,599
2021-02-01,"AQ Gamers Ms","Atliq Exclusive",India,878
2021-02-01,"AQ Lite Ms","Atliq Exclusive",India,520
2021-02-01,"AQ Lite Ms","Atliq Exclusive",India,809
2021-02-01,"AQ Lite Ms","Atliq Exclusive",India,233
2021-02-01,"AQ Lite Ms","Atliq Exclusive",India,420
2021-02-01,"AQ Lite Ms","Atliq Exclusive",India,297
2021-02-01,"AQ Lite Ms","Atliq Exclusive",India,736
2021-02-01,"AQ Maxima Ms","Atliq Exclusive",India,805
2021-02-01,"AQ Maxima Ms","Atliq Exclusive",India,718
2021-02-01,"AQ Maxima Ms","Atliq Exclusive",India,345
2021-02-01,"AQ Maxima Ms","Atliq Exclusive",India,464
2021-02-01,"AQ Maxima Ms","Atliq Exclusive",India,212
2021-02-01,"AQ Maxima Ms","Atliq Exclusive",India,1034
2021-02-01,"AQ Qwerty Ms","Atliq Exclusive",India,399
2021-02-01,"AQ Qwerty Ms","Atliq Exclusive",India,327
2021-02-01,"AQ Qwerty Ms","Atliq Exclusive",India,713
2021-02-01,"AQ Qwerty Ms","Atliq Exclusive",India,412
2021-02-01,"AQ Qwerty Ms","Atliq Exclusive",India,842
2021-02-01,"AQ Qwerty Ms","Atliq Exclusive",India,957
2021-02-01,"AQ Trigger Ms","Atliq Exclusive",India,653
2021-02-01,"AQ Trigger Ms","Atliq Exclusive",India,262
2021-02-01,"AQ Trigger Ms","Atliq Exclusive",India,822
2021-02-01,"AQ Trigger Ms","Atliq Exclusive",India,1038
2021-02-01,"AQ Trigger Ms","Atliq Exclusive",India,992
2021-02-01,"AQ Trigger Ms","Atliq Exclusive",India,412
2021-02-01,"AQ Lumina Ms","Atliq Exclusive",India,932
2021-02-01,"AQ Master wired x1","Atliq Exclusive",India,262
2021-02-01,"AQ Master wired x1","Atliq Exclusive",India,354
2021-02-01,"AQ Master wired x1","Atliq Exclusive",India,143
2021-02-01,"AQ Master wired x1","Atliq Exclusive",India,517
2021-02-01,"AQ Master wired x1","Atliq Exclusive",India,764
2021-02-01,"AQ Master wired x1","Atliq Exclusive",India,762
2021-02-01,"AQ Master wireless x1","Atliq Exclusive",India,667
2021-02-01,"AQ Master wireless x1","Atliq Exclusive",India,676
2021-02-01,"AQ Master wireless x1","Atliq Exclusive",India,639
2021-02-01,"AQ Master wireless x1","Atliq Exclusive",India,683
2021-02-01,"AQ Master wireless x1","Atliq Exclusive",India,560
2021-02-01,"AQ Master wireless x1","Atliq Exclusive",India,502
2021-02-01,"AQ Gamers ","Atliq Exclusive",India,227
2021-02-01,"AQ Gamers ","Atliq Exclusive",India,542
2021-02-01,"AQ Gamers ","Atliq Exclusive",India,303
2021-02-01,"AQ Gamers ","Atliq Exclusive",India,231
2021-02-01,"AQ Gamers ","Atliq Exclusive",India,811
2021-02-01,"AQ Gamers ","Atliq Exclusive",India,767
2021-02-01,"AQ Lite","Atliq Exclusive",India,524
2021-02-01,"AQ Lite","Atliq Exclusive",India,774
2021-02-01,"AQ Lite","Atliq Exclusive",India,380
2021-02-01,"AQ Lite","Atliq Exclusive",India,607
2021-02-01,"AQ Lite","Atliq Exclusive",India,338
2021-02-01,"AQ Lite","Atliq Exclusive",India,155
2021-02-01,"AQ Maxima","Atliq Exclusive",India,730
2021-02-01,"AQ Maxima","Atliq Exclusive",India,245
2021-02-01,"AQ Maxima","Atliq Exclusive",India,222
2021-02-01,"AQ Maxima","Atliq Exclusive",India,532
2021-02-01,"AQ Maxima","Atliq Exclusive",India,435
2021-02-01,"AQ Maxima","Atliq Exclusive",India,209
2021-02-01,"AQ Qwerty","Atliq Exclusive",India,547
2021-02-01,"AQ Qwerty","Atliq Exclusive",India,238
2021-02-01,"AQ Qwerty","Atliq Exclusive",India,568
2021-02-01,"AQ Qwerty","Atliq Exclusive",India,618
2021-02-01,"AQ Qwerty","Atliq Exclusive",India,452
2021-02-01,"AQ Qwerty","Atliq Exclusive",India,699
2021-02-01,"AQ Trigger","Atliq Exclusive",India,859
2021-02-01,"AQ Trigger","Atliq Exclusive",India,421
2021-02-01,"AQ Trigger","Atliq Exclusive",India,750
2021-02-01,"AQ Trigger","Atliq Exclusive",India,730
2021-02-01,"AQ Trigger","Atliq Exclusive",India,625
2021-02-01,"AQ LION x1","Atliq Exclusive",India,68
2021-02-01,"AQ LION x1","Atliq Exclusive",India,34
2021-02-01,"AQ LION x1","Atliq Exclusive",India,36
2021-02-01,"AQ LION x1","Atliq Exclusive",India,68
2021-02-01,"AQ LION x2","Atliq Exclusive",India,24
2021-02-01,"AQ LION x2","Atliq Exclusive",India,82
2021-02-01,"AQ LION x2","Atliq Exclusive",India,83
2021-02-01,"AQ LION x2","Atliq Exclusive",India,36
2021-02-01,"AQ LION x2","Atliq Exclusive",India,27
2021-02-01,"AQ LION x3","Atliq Exclusive",India,50
2021-02-01,"AQ LION x3","Atliq Exclusive",India,83
2021-02-01,"AQ LION x3","Atliq Exclusive",India,41
2021-02-01,"AQ LION x3","Atliq Exclusive",India,65
2021-02-01,"AQ LION x3","Atliq Exclusive",India,79
2021-02-01,"AQ Mx NB","Atliq Exclusive",India,41
2021-02-01,"AQ Mx NB","Atliq Exclusive",India,51
2021-02-01,"AQ Mx NB","Atliq Exclusive",India,20
2021-02-01,"AQ Mx NB","Atliq Exclusive",India,33
2021-02-01,"AQ Mx NB","Atliq Exclusive",India,20
2021-02-01,"AQ Aspiron","Atliq Exclusive",India,23
2021-02-01,"AQ Aspiron","Atliq Exclusive",India,34
2021-02-01,"AQ Aspiron","Atliq Exclusive",India,23
2021-02-01,"AQ Digit","Atliq Exclusive",India,27
2021-02-01,"AQ Digit","Atliq Exclusive",India,17
2021-02-01,"AQ Digit","Atliq Exclusive",India,38
2021-02-01,"AQ Digit","Atliq Exclusive",India,18
2021-02-01,"AQ Digit","Atliq Exclusive",India,24
2021-02-01,"AQ Digit","Atliq Exclusive",India,7
2021-02-01,"AQ Digit","Atliq Exclusive",India,19
2021-02-01,"AQ Digit","Atliq Exclusive",India,15
2021-02-01,"AQ Velocity","Atliq Exclusive",India,23
2021-02-01,"AQ Velocity","Atliq Exclusive",India,10
2021-02-01,"AQ Velocity","Atliq Exclusive",India,29
2021-02-01,"AQ Velocity","Atliq Exclusive",India,7
2021-02-01,"AQ Velocity","Atliq Exclusive",India,26
2021-02-01,"AQ Velocity","Atliq Exclusive",India,27
2021-02-01,"AQ Elite","Atliq Exclusive",India,20
2021-02-01,"AQ Elite","Atliq Exclusive",India,33
2021-02-01,"AQ Elite","Atliq Exclusive",India,32
2021-02-01,"AQ Elite","Atliq Exclusive",India,39
2021-02-01,"AQ Elite","Atliq Exclusive",India,32
2021-02-01,"AQ Elite","Atliq Exclusive",India,9
2021-02-01,"AQ Elite","Atliq Exclusive",India,19
2021-02-01,"AQ Elite","Atliq Exclusive",India,37
2021-02-01,"AQ Gen X","Atliq Exclusive",India,22
2021-02-01,"AQ Gen X","Atliq Exclusive",India,8
2021-02-01,"AQ Gen X","Atliq Exclusive",India,12
2021-02-01,"AQ Gen X","Atliq Exclusive",India,38
2021-02-01,"AQ Gen X","Atliq Exclusive",India,32
2021-02-01,"AQ Gen X","Atliq Exclusive",India,23
2021-02-01,"AQ Gen X","Atliq Exclusive",India,28
2021-02-01,"AQ Gen X","Atliq Exclusive",India,40
2021-02-01,"AQ Gen Y","Atliq Exclusive",India,17
2021-02-01,"AQ Gen Y","Atliq Exclusive",India,30
2021-02-01,"AQ Gen Y","Atliq Exclusive",India,18
2021-02-01,"AQ Gen Y","Atliq Exclusive",India,7
2021-02-01,"AQ Gen Y","Atliq Exclusive",India,39
2021-02-01,"AQ Gen Y","Atliq Exclusive",India,22
2021-02-01,"AQ Gen Y","Atliq Exclusive",India,24
2021-02-01,"AQ Gen Y","Atliq Exclusive",India,15
2021-02-01,"AQ GEN Z","Atliq Exclusive",India,24
2021-02-01,"AQ GEN Z","Atliq Exclusive",India,31
2021-02-01,"AQ GEN Z","Atliq Exclusive",India,17
2021-02-01,"AQ GEN Z","Atliq Exclusive",India,17
2021-02-01,"AQ GEN Z","Atliq Exclusive",India,12
2021-02-01,"AQ BZ 101","Atliq Exclusive",India,21
2021-02-01,"AQ BZ 101","Atliq Exclusive",India,9
2021-02-01,"AQ BZ 101","Atliq Exclusive",India,16
2021-02-01,"AQ BZ 101","Atliq Exclusive",India,24
2021-02-01,"AQ BZ Compact","Atliq Exclusive",India,13
2021-02-01,"AQ BZ Compact","Atliq Exclusive",India,26
2021-02-01,"AQ BZ Compact","Atliq Exclusive",India,28
2021-02-01,"AQ BZ Compact","Atliq Exclusive",India,16
2021-02-01,"AQ BZ Compact","Atliq Exclusive",India,26
2021-02-01,"AQ BZ Compact","Atliq Exclusive",India,13
2021-02-01,"AQ BZ Compact","Atliq Exclusive",India,16
2021-02-01,"AQ BZ Compact","Atliq Exclusive",India,27
2021-02-01,"AQ BZ Gen Y","Atliq Exclusive",India,27
2021-02-01,"AQ BZ Gen Y","Atliq Exclusive",India,24
2021-02-01,"AQ BZ Gen Y","Atliq Exclusive",India,19
2021-02-01,"AQ BZ Gen Y","Atliq Exclusive",India,16
2021-02-01,"AQ BZ Gen Y","Atliq Exclusive",India,19
2021-02-01,"AQ BZ Gen Y","Atliq Exclusive",India,28
2021-02-01,"AQ BZ Gen Y","Atliq Exclusive",India,19
2021-02-01,"AQ BZ Gen Z","Atliq Exclusive",India,12
2021-02-01,"AQ BZ Gen Z","Atliq Exclusive",India,7
2021-02-01,"AQ BZ Gen Z","Atliq Exclusive",India,8
2021-02-01,"AQ BZ Gen Z","Atliq Exclusive",India,10
2021-02-01,"AQ BZ Gen Z","Atliq Exclusive",India,18
2021-02-01,"AQ BZ Gen Z","Atliq Exclusive",India,13
2021-02-01,"AQ BZ Gen Z","Atliq Exclusive",India,17
2021-02-01,"AQ Gamer 1","Atliq Exclusive",India,8
2021-02-01,"AQ Gamer 1","Atliq Exclusive",India,8
2021-02-01,"AQ Gamer 1","Atliq Exclusive",India,4
2021-02-01,"AQ Gamer 1","Atliq Exclusive",India,7
2021-02-01,"AQ Gamer 1","Atliq Exclusive",India,8
2021-02-01,"AQ Gamer 1","Atliq Exclusive",India,7
2021-02-01,"AQ Gamer 2","Atliq Exclusive",India,6
2021-02-01,"AQ Gamer 2","Atliq Exclusive",India,15
2021-02-01,"AQ Gamer 2","Atliq Exclusive",India,6
2021-02-01,"AQ Gamer 2","Atliq Exclusive",India,14
2021-02-01,"AQ Gamer 2","Atliq Exclusive",India,6
2021-02-01,"AQ Gamer 2","Atliq Exclusive",India,4
2021-02-01,"AQ Gamer 2","Atliq Exclusive",India,10
2021-02-01,"AQ Gamer 2","Atliq Exclusive",India,13
2021-02-01,"AQ Gamer 3","Atliq Exclusive",India,12
2021-02-01,"AQ Gamer 3","Atliq Exclusive",India,7
2021-02-01,"AQ Gamer 3","Atliq Exclusive",India,9
2021-02-01,"AQ Gamer 3","Atliq Exclusive",India,15
2021-02-01,"AQ Gamer 3","Atliq Exclusive",India,14
2021-02-01,"AQ Gamer 3","Atliq Exclusive",India,15
2021-02-01,"AQ Gamer 3","Atliq Exclusive",India,9
2021-02-01,"AQ Gamer 3","Atliq Exclusive",India,13
2021-02-01,"AQ Smash 1","Atliq Exclusive",India,16
2021-02-01,"AQ Smash 1","Atliq Exclusive",India,7
2021-02-01,"AQ Smash 1","Atliq Exclusive",India,13
2021-02-01,"AQ Smash 1","Atliq Exclusive",India,10
2021-02-01,"AQ Smash 1","Atliq Exclusive",India,10
2021-02-01,"AQ Smash 1","Atliq Exclusive",India,5
2021-02-01,"AQ Smash 1","Atliq Exclusive",India,7
2021-02-01,"AQ Smash 1","Atliq Exclusive",India,14
2021-02-01,"AQ Smash 2","Atliq Exclusive",India,7
2021-02-01,"AQ Smash 2","Atliq Exclusive",India,16
2021-02-01,"AQ Smash 2","Atliq Exclusive",India,5
2021-02-01,"AQ Smash 2","Atliq Exclusive",India,5
2021-02-01,"AQ Smash 2","Atliq Exclusive",India,11
2021-02-01,"AQ Smash 2","Atliq Exclusive",India,15
2021-02-01,"AQ BZ Allin1","Atliq Exclusive",India,7
2021-02-01,"AQ BZ Allin1","Atliq Exclusive",India,16
2021-02-01,"AQ BZ Allin1","Atliq Exclusive",India,17
2021-02-01,"AQ BZ Allin1","Atliq Exclusive",India,28
2021-02-01,"AQ BZ Allin1","Atliq Exclusive",India,26
2021-02-01,"AQ BZ Allin1","Atliq Exclusive",India,26
2021-02-01,"AQ BZ Allin1","Atliq Exclusive",India,24
2021-02-01,"AQ BZ Allin1","Atliq Exclusive",India,16
2021-02-01,"AQ Home Allin1","Atliq Exclusive",India,5
2021-02-01,"AQ Home Allin1","Atliq Exclusive",India,2
2021-02-01,"AQ Home Allin1","Atliq Exclusive",India,3
2021-02-01,"AQ Home Allin1","Atliq Exclusive",India,1
2021-02-01,"AQ Home Allin1","Atliq Exclusive",India,3
2021-02-01,"AQ Home Allin1","Atliq Exclusive",India,6
2021-02-01,"AQ Home Allin1","Atliq Exclusive",India,4
2021-02-01,"AQ Home Allin1","Atliq Exclusive",India,1
2021-02-01,"AQ HOME Allin1 Gen 2","Atliq Exclusive",India,1
2021-02-01,"AQ HOME Allin1 Gen 2","Atliq Exclusive",India,5
2021-02-01,"AQ HOME Allin1 Gen 2","Atliq Exclusive",India,2
2021-02-01,"AQ HOME Allin1 Gen 2","Atliq Exclusive",India,1
2021-02-01,"AQ HOME Allin1 Gen 2","Atliq Exclusive",India,5
2021-02-01,"AQ HOME Allin1 Gen 2","Atliq Exclusive",India,2
2021-02-01,"AQ Digit SSD","Atliq Exclusive",India,701
2021-02-01,"AQ Digit SSD","Atliq Exclusive",India,279
2021-02-01,"AQ Digit SSD","Atliq Exclusive",India,324
2021-02-01,"AQ Neuer SSD","Atliq Exclusive",India,1009
2021-02-01,"AQ Neuer SSD","Atliq Exclusive",India,173
2021-02-01,"AQ Neuer SSD","Atliq Exclusive",India,859
2021-02-01,"AQ Clx1","Atliq Exclusive",India,187
2021-02-01,"AQ Clx1","Atliq Exclusive",India,1021
2021-02-01,"AQ Clx1","Atliq Exclusive",India,614
2021-02-01,"AQ Clx2","Atliq Exclusive",India,597
2021-02-01,"AQ Clx2","Atliq Exclusive",India,289
2021-02-01,"AQ Clx2","Atliq Exclusive",India,129
2021-02-01,"AQ Clx3","Atliq Exclusive",India,212
2021-02-01,"AQ Pen Drive 2 IN 1","Atliq Exclusive",India,591
2021-02-01,"AQ Pen Drive DRC","Atliq Exclusive",India,356
2021-02-01,"AQ Pen Drive DRC","Atliq Exclusive",India,1306
2021-02-01,"AQ Pen Drive DRC","Atliq Exclusive",India,1686
2021-02-01,"AQ Wi Power Dx1","Atliq Exclusive",India,160
2021-02-01,"AQ Wi Power Dx1","Atliq Exclusive",India,508
2021-02-01,"AQ Wi Power Dx1","Atliq Exclusive",India,271
2021-02-01,"AQ Wi Power Dx2","Atliq Exclusive",India,409
2021-02-01,"AQ Wi Power Dx2","Atliq Exclusive",India,255
2021-02-01,"AQ Wi Power Dx2","Atliq Exclusive",India,588
2021-02-01,"AQ Wi Power Dx3","Atliq Exclusive",India,212
2021-02-01,"AQ Wi Power Dx3","Atliq Exclusive",India,592
2021-02-01,"AQ Wi Power Dx3","Atliq Exclusive",India,585
2021-03-01,"AQ Dracula HDD – 3.5 Inch SATA 6 Gb/s 5400 RPM 256 MB Cache","Atliq Exclusive",India,161
2021-03-01,"AQ Dracula HDD – 3.5 Inch SATA 6 Gb/s 5400 RPM 256 MB Cache","Atliq Exclusive",India,41
2021-03-01,"AQ Dracula HDD – 3.5 Inch SATA 6 Gb/s 5400 RPM 256 MB Cache","Atliq Exclusive",India,69
2021-03-01,"AQ Dracula HDD – 3.5 Inch SATA 6 Gb/s 5400 RPM 256 MB Cache","Atliq Exclusive",India,44
2021-03-01,"AQ Dracula HDD – 3.5 Inch SATA 6 Gb/s 5400 RPM 256 MB Cache","Atliq Exclusive",India,84
2021-03-01,"AQ Dracula HDD – 3.5 Inch SATA 6 Gb/s 5400 RPM 256 MB Cache","Atliq Exclusive",India,51
2021-03-01,"AQ Dracula HDD – 3.5 Inch SATA 6 Gb/s 5400 RPM 256 MB Cache","Atliq Exclusive",India,40
2021-03-01,"AQ Dracula HDD – 3.5 Inch SATA 6 Gb/s 5400 RPM 256 MB Cache","Atliq Exclusive",India,165
2021-03-01,"AQ WereWolf NAS Internal Hard Drive HDD – 8.89 cm","Atliq Exclusive",India,209
2021-03-01,"AQ WereWolf NAS Internal Hard Drive HDD – 8.89 cm","Atliq Exclusive",India,50
2021-03-01,"AQ WereWolf NAS Internal Hard Drive HDD – 8.89 cm","Atliq Exclusive",India,150
2021-03-01,"AQ WereWolf NAS Internal Hard Drive HDD – 8.89 cm","Atliq Exclusive",India,215
2021-03-01,"AQ WereWolf NAS Internal Hard Drive HDD – 8.89 cm","Atliq Exclusive",India,144
2021-03-01,"AQ WereWolf NAS Internal Hard Drive HDD – 8.89 cm","Atliq Exclusive",India,61
2021-03-01,"AQ Zion Saga","Atliq Exclusive",India,125
2021-03-01,"AQ Zion Saga","Atliq Exclusive",India,205
2021-03-01,"AQ Zion Saga","Atliq Exclusive",India,176
2021-03-01,"AQ Zion Saga","Atliq Exclusive",India,79
2021-03-01,"AQ Zion Saga","Atliq Exclusive",India,56
2021-03-01,"AQ Zion Saga","Atliq Exclusive",India,121
2021-03-01,"AQ Mforce Gen X","Atliq Exclusive",India,37
2021-03-01,"AQ Mforce Gen X","Atliq Exclusive",India,125
2021-03-01,"AQ Mforce Gen X","Atliq Exclusive",India,130
2021-03-01,"AQ Mforce Gen X","Atliq Exclusive",India,174
2021-03-01,"AQ Mforce Gen X","Atliq Exclusive",India,105
2021-03-01,"AQ Mforce Gen X","Atliq Exclusive",India,154
2021-03-01,"AQ Mforce Gen X","Atliq Exclusive",India,81
2021-03-01,"AQ Mforce Gen X","Atliq Exclusive",India,72
2021-03-01,"AQ Mforce Gen Y","Atliq Exclusive",India,74
2021-03-01,"AQ Mforce Gen Y","Atliq Exclusive",India,182
2021-03-01,"AQ Mforce Gen Y","Atliq Exclusive",India,86
2021-03-01,"AQ Mforce Gen Y","Atliq Exclusive",India,87
2021-03-01,"AQ Mforce Gen Y","Atliq Exclusive",India,50
2021-03-01,"AQ Mforce Gen Y","Atliq Exclusive",India,198
2021-03-01,"AQ Mforce Gen Y","Atliq Exclusive",India,162
2021-03-01,"AQ Mforce Gen Y","Atliq Exclusive",India,122
2021-03-01,"AQ Mforce Gen Y","Atliq Exclusive",India,34
2021-03-01,"AQ Mforce Gen Y","Atliq Exclusive",India,38
2021-03-01,"AQ Mforce Gen Y","Atliq Exclusive",India,53
2021-03-01,"AQ Mforce Gen Y","Atliq Exclusive",India,138
2021-03-01,"AQ Mforce Gen Y","Atliq Exclusive",India,182
2021-03-01,"AQ Mforce Gen Y","Atliq Exclusive",India,148
2021-03-01,"AQ Mforce Gen Y","Atliq Exclusive",India,111
2021-03-01,"AQ Mforce Gen Y","Atliq Exclusive",India,106
2021-03-01,"AQ Mforce Gen Z","Atliq Exclusive",India,106
2021-03-01,"AQ Mforce Gen Z","Atliq Exclusive",India,131
2021-03-01,"AQ Mforce Gen Z","Atliq Exclusive",India,130
2021-03-01,"AQ Mforce Gen Z","Atliq Exclusive",India,49
2021-03-01,"AQ Mforce Gen Z","Atliq Exclusive",India,188
2021-03-01,"AQ Mforce Gen Z","Atliq Exclusive",India,45
2021-03-01,"AQ Mforce Gen Z","Atliq Exclusive",India,128
2021-03-01,"AQ Mforce Gen Z","Atliq Exclusive",India,31
2021-03-01,"AQ Mforce Gen Z","Atliq Exclusive",India,135
2021-03-01,"AQ Mforce Gen Z","Atliq Exclusive",India,171
2021-03-01,"AQ Mforce Gen Z","Atliq Exclusive",India,166
2021-03-01,"AQ Mforce Gen Z","Atliq Exclusive",India,172
2021-03-01,"AQ Mforce Gen Z","Atliq Exclusive",India,168
2021-03-01,"AQ Mforce Gen Z","Atliq Exclusive",India,22
2021-03-01,"AQ Mforce Gen Z","Atliq Exclusive",India,95
2021-03-01,"AQ Mforce Gen Z","Atliq Exclusive",India,68
2021-03-01,"AQ GT 21","Atliq Exclusive",India,81
2021-03-01,"AQ GT 21","Atliq Exclusive",India,118
2021-03-01,"AQ GT 21","Atliq Exclusive",India,170
2021-03-01,"AQ GT 21","Atliq Exclusive",India,178
2021-03-01,"AQ GT 21","Atliq Exclusive",India,56
2021-03-01,"AQ GT 21","Atliq Exclusive",India,47
2021-03-01,"AQ GT 21","Atliq Exclusive",India,172
2021-03-01,"AQ GT 21","Atliq Exclusive",India,139
2021-03-01,"AQ Marquee P3","Atliq Exclusive",India,89
2021-03-01,"AQ Marquee P3","Atliq Exclusive",India,95
2021-03-01,"AQ Marquee P3","Atliq Exclusive",India,134
2021-03-01,"AQ Marquee P3","Atliq Exclusive",India,199
2021-03-01,"AQ Marquee P3","Atliq Exclusive",India,115
2021-03-01,"AQ Marquee P3","Atliq Exclusive",India,135
2021-03-01,"AQ Marquee P3","Atliq Exclusive",India,103
2021-03-01,"AQ Marquee P3","Atliq Exclusive",India,106
2021-03-01,"AQ Marquee P4","Atliq Exclusive",India,160
2021-03-01,"AQ Marquee P4","Atliq Exclusive",India,103
2021-03-01,"AQ 5000 Series Electron 9 5900X Desktop Processor","Atliq Exclusive",India,195
2021-03-01,"AQ 5000 Series Electron 9 5900X Desktop Processor","Atliq Exclusive",India,194
2021-03-01,"AQ 5000 Series Electron 9 5900X Desktop Processor","Atliq Exclusive",India,42
2021-03-01,"AQ 5000 Series Electron 9 5900X Desktop Processor","Atliq Exclusive",India,139
2021-03-01,"AQ 5000 Series Electron 9 5900X Desktop Processor","Atliq Exclusive",India,65
2021-03-01,"AQ 5000 Series Electron 9 5900X Desktop Processor","Atliq Exclusive",India,59
2021-03-01,"AQ 5000 Series Electron 8 5900X Desktop Processor","Atliq Exclusive",India,172
2021-03-01,"AQ 5000 Series Electron 8 5900X Desktop Processor","Atliq Exclusive",India,26
2021-03-01,"AQ 5000 Series Electron 8 5900X Desktop Processor","Atliq Exclusive",India,22
2021-03-01,"AQ 5000 Series Electron 8 5900X Desktop Processor","Atliq Exclusive",India,29
2021-03-01,"AQ 5000 Series Electron 8 5900X Desktop Processor","Atliq Exclusive",India,183
2021-03-01,"AQ 5000 Series Electron 8 5900X Desktop Processor","Atliq Exclusive",India,68
2021-03-01,"AQ 5000 Series Ultron 8 5900X Desktop Processor","Atliq Exclusive",India,157
2021-03-01,"AQ 5000 Series Ultron 8 5900X Desktop Processor","Atliq Exclusive",India,98
2021-03-01,"AQ 5000 Series Ultron 8 5900X Desktop Processor","Atliq Exclusive",India,60
2021-03-01,"AQ 5000 Series Ultron 8 5900X Desktop Processor","Atliq Exclusive",India,105
2021-03-01,"AQ 5000 Series Ultron 8 5900X Desktop Processor","Atliq Exclusive",India,171
2021-03-01,"AQ 5000 Series Ultron 8 5900X Desktop Processor","Atliq Exclusive",India,176
2021-03-01,"AQ Electron 5 3600 Desktop Processor","Atliq Exclusive",India,112
2021-03-01,"AQ Electron 5 3600 Desktop Processor","Atliq Exclusive",India,28
2021-03-01,"AQ Electron 5 3600 Desktop Processor","Atliq Exclusive",India,180
2021-03-01,"AQ Electron 5 3600 Desktop Processor","Atliq Exclusive",India,24
2021-03-01,"AQ Electron 5 3600 Desktop Processor","Atliq Exclusive",India,134
2021-03-01,"AQ Electron 5 3600 Desktop Processor","Atliq Exclusive",India,69
2021-03-01,"AQ Electron 4 3600 Desktop Processor","Atliq Exclusive",India,198
2021-03-01,"AQ Electron 4 3600 Desktop Processor","Atliq Exclusive",India,188
2021-03-01,"AQ Electron 4 3600 Desktop Processor","Atliq Exclusive",India,130
2021-03-01,"AQ Electron 4 3600 Desktop Processor","Atliq Exclusive",India,177
2021-03-01,"AQ Electron 4 3600 Desktop Processor","Atliq Exclusive",India,111
2021-03-01,"AQ Electron 4 3600 Desktop Processor","Atliq Exclusive",India,193
2021-03-01,"AQ Electron 3 3600 Desktop Processor","Atliq Exclusive",India,119
2021-03-01,"AQ Electron 3 3600 Desktop Processor","Atliq Exclusive",India,202
2021-03-01,"AQ Electron 3 3600 Desktop Processor","Atliq Exclusive",India,180
2021-03-01,"AQ Electron 3 3600 Desktop Processor","Atliq Exclusive",India,202
2021-03-01,"AQ MB Elite","Atliq Exclusive",India,52
2021-03-01,"AQ MB Elite","Atliq Exclusive",India,54
2021-03-01,"AQ MB Elite","Atliq Exclusive",India,70
2021-03-01,"AQ MB Elite","Atliq Exclusive",India,61
2021-03-01,"AQ MB Elite","Atliq Exclusive",India,58
2021-03-01,"AQ MB Elite","Atliq Exclusive",India,62
2021-03-01,"AQ MB Elite","Atliq Exclusive",India,43
2021-03-01,"AQ MB Elite","Atliq Exclusive",India,94
2021-03-01,"AQ MB Crossx","Atliq Exclusive",India,102
2021-03-01,"AQ MB Crossx","Atliq Exclusive",India,52
2021-03-01,"AQ MB Crossx","Atliq Exclusive",India,131
2021-03-01,"AQ MB Crossx","Atliq Exclusive",India,141
2021-03-01,"AQ MB Crossx","Atliq Exclusive",India,106
2021-03-01,"AQ MB Crossx","Atliq Exclusive",India,132
2021-03-01,"AQ MB Crossx","Atliq Exclusive",India,109
2021-03-01,"AQ MB Crossx","Atliq Exclusive",India,96
2021-03-01,"AQ MB Crossx 2","Atliq Exclusive",India,34
2021-03-01,"AQ MB Crossx 2","Atliq Exclusive",India,35
2021-03-01,"AQ MB Crossx 2","Atliq Exclusive",India,58
2021-03-01,"AQ MB Crossx 2","Atliq Exclusive",India,39
2021-03-01,"AQ MB Crossx 2","Atliq Exclusive",India,39
2021-03-01,"AQ MB Crossx 2","Atliq Exclusive",India,79
2021-03-01,"AQ MB Crossx 2","Atliq Exclusive",India,94
2021-03-01,"AQ MB Crossx 2","Atliq Exclusive",India,119
2021-03-01,"AQ MB Lito","Atliq Exclusive",India,37
2021-03-01,"AQ MB Lito","Atliq Exclusive",India,57
2021-03-01,"AQ MB Lito","Atliq Exclusive",India,15
2021-03-01,"AQ MB Lito","Atliq Exclusive",India,58
2021-03-01,"AQ MB Lito","Atliq Exclusive",India,128
2021-03-01,"AQ MB Lito","Atliq Exclusive",India,60
2021-03-01,"AQ MB Lito","Atliq Exclusive",India,69
2021-03-01,"AQ MB Lito","Atliq Exclusive",India,75
2021-03-01,"AQ MB Lito 2","Atliq Exclusive",India,135
2021-03-01,"AQ MB Lito 2","Atliq Exclusive",India,84
2021-03-01,"AQ MB Lito 2","Atliq Exclusive",India,129
2021-03-01,"AQ MB Lito 2","Atliq Exclusive",India,22
2021-03-01,"AQ MB Lito 2","Atliq Exclusive",India,101
2021-03-01,"AQ MB Lito 2","Atliq Exclusive",India,61
2021-03-01,"AQ Master wired x1 Ms","Atliq Exclusive",India,678
2021-03-01,"AQ Master wired x1 Ms","Atliq Exclusive",India,915
2021-03-01,"AQ Master wired x1 Ms","Atliq Exclusive",India,659
2021-03-01,"AQ Master wired x1 Ms","Atliq Exclusive",India,976
2021-03-01,"AQ Master wired x1 Ms","Atliq Exclusive",India,946
2021-03-01,"AQ Master wired x1 Ms","Atliq Exclusive",India,670
2021-03-01,"AQ Master wired x1 Ms","Atliq Exclusive",India,803
2021-03-01,"AQ Master wired x1 Ms","Atliq Exclusive",India,890
2021-03-01,"AQ Master wired x1 Ms","Atliq Exclusive",India,996
2021-03-01,"AQ Master wired x1 Ms","Atliq Exclusive",India,418
2021-03-01,"AQ Master wired x1 Ms","Atliq Exclusive",India,268
2021-03-01,"AQ Master wired x1 Ms","Atliq Exclusive",India,840
2021-03-01,"AQ Master wireless x1 Ms","Atliq Exclusive",India,578
2021-03-01,"AQ Master wireless x1 Ms","Atliq Exclusive",India,738
2021-03-01,"AQ Master wireless x1 Ms","Atliq Exclusive",India,501
2021-03-01,"AQ Master wireless x1 Ms","Atliq Exclusive",India,266
2021-03-01,"AQ Master wireless x1 Ms","Atliq Exclusive",India,235
2021-03-01,"AQ Master wireless x1 Ms","Atliq Exclusive",India,329
2021-03-01,"AQ Master wireless x1 Ms","Atliq Exclusive",India,894
2021-03-01,"AQ Master wireless x1 Ms","Atliq Exclusive",India,489
2021-03-01,"AQ Master wireless x1 Ms","Atliq Exclusive",India,329
2021-03-01,"AQ Master wireless x1 Ms","Atliq Exclusive",India,928
2021-03-01,"AQ Master wireless x1 Ms","Atliq Exclusive",India,530
2021-03-01,"AQ Master wireless x1 Ms","Atliq Exclusive",India,418
2021-03-01,"AQ Gamers Ms","Atliq Exclusive",India,476
2021-03-01,"AQ Gamers Ms","Atliq Exclusive",India,580
2021-03-01,"AQ Gamers Ms","Atliq Exclusive",India,206
2021-03-01,"AQ Gamers Ms","Atliq Exclusive",India,628
2021-03-01,"AQ Gamers Ms","Atliq Exclusive",India,522
2021-03-01,"AQ Gamers Ms","Atliq Exclusive",India,722
2021-03-01,"AQ Gamers Ms","Atliq Exclusive",India,582
2021-03-01,"AQ Gamers Ms","Atliq Exclusive",India,1003
2021-03-01,"AQ Gamers Ms","Atliq Exclusive",India,200
2021-03-01,"AQ Gamers Ms","Atliq Exclusive",India,262
2021-03-01,"AQ Gamers Ms","Atliq Exclusive",India,948
2021-03-01,"AQ Gamers Ms","Atliq Exclusive",India,1017
2021-03-01,"AQ Lite Ms","Atliq Exclusive",India,310
2021-03-01,"AQ Lite Ms","Atliq Exclusive",India,526
2021-03-01,"AQ Lite Ms","Atliq Exclusive",India,747
2021-03-01,"AQ Lite Ms","Atliq Exclusive",India,501
2021-03-01,"AQ Lite Ms","Atliq Exclusive",India,119
2021-03-01,"AQ Lite Ms","Atliq Exclusive",India,208
2021-03-01,"AQ Lite Ms","Atliq Exclusive",India,751
2021-03-01,"AQ Lite Ms","Atliq Exclusive",India,892
2021-03-01,"AQ Lite Ms","Atliq Exclusive",India,487
2021-03-01,"AQ Lite Ms","Atliq Exclusive",India,141
2021-03-01,"AQ Lite Ms","Atliq Exclusive",India,123
2021-03-01,"AQ Lite Ms","Atliq Exclusive",India,129
2021-03-01,"AQ Maxima Ms","Atliq Exclusive",India,453
2021-03-01,"AQ Maxima Ms","Atliq Exclusive",India,397
2021-03-01,"AQ Maxima Ms","Atliq Exclusive",India,327
2021-03-01,"AQ Maxima Ms","Atliq Exclusive",India,722
2021-03-01,"AQ Maxima Ms","Atliq Exclusive",India,961
2021-03-01,"AQ Maxima Ms","Atliq Exclusive",India,304
2021-03-01,"AQ Maxima Ms","Atliq Exclusive",India,1028
2021-03-01,"AQ Maxima Ms","Atliq Exclusive",India,106
2021-03-01,"AQ Maxima Ms","Atliq Exclusive",India,235
2021-03-01,"AQ Maxima Ms","Atliq Exclusive",India,836
2021-03-01,"AQ Maxima Ms","Atliq Exclusive",India,969
2021-03-01,"AQ Maxima Ms","Atliq Exclusive",India,976
2021-03-01,"AQ Qwerty Ms","Atliq Exclusive",India,449
2021-03-01,"AQ Qwerty Ms","Atliq Exclusive",India,890
2021-03-01,"AQ Qwerty Ms","Atliq Exclusive",India,254
2021-03-01,"AQ Qwerty Ms","Atliq Exclusive",India,401
2021-03-01,"AQ Qwerty Ms","Atliq Exclusive",India,828
2021-03-01,"AQ Qwerty Ms","Atliq Exclusive",India,636
2021-03-01,"AQ Qwerty Ms","Atliq Exclusive",India,399
2021-03-01,"AQ Qwerty Ms","Atliq Exclusive",India,1003
2021-03-01,"AQ Qwerty Ms","Atliq Exclusive",India,716
2021-03-01,"AQ Qwerty Ms","Atliq Exclusive",India,953
2021-03-01,"AQ Qwerty Ms","Atliq Exclusive",India,815
2021-03-01,"AQ Qwerty Ms","Atliq Exclusive",India,817
2021-03-01,"AQ Trigger Ms","Atliq Exclusive",India,522
2021-03-01,"AQ Trigger Ms","Atliq Exclusive",India,258
2021-03-01,"AQ Trigger Ms","Atliq Exclusive",India,557
2021-03-01,"AQ Trigger Ms","Atliq Exclusive",India,595
2021-03-01,"AQ Trigger Ms","Atliq Exclusive",India,370
2021-03-01,"AQ Trigger Ms","Atliq Exclusive",India,965
2021-03-01,"AQ Trigger Ms","Atliq Exclusive",India,978
2021-03-01,"AQ Trigger Ms","Atliq Exclusive",India,645
2021-03-01,"AQ Trigger Ms","Atliq Exclusive",India,834
2021-03-01,"AQ Trigger Ms","Atliq Exclusive",India,264
2021-03-01,"AQ Trigger Ms","Atliq Exclusive",India,855
2021-03-01,"AQ Trigger Ms","Atliq Exclusive",India,131
2021-03-01,"AQ Lumina Ms","Atliq Exclusive",India,915
2021-03-01,"AQ Lumina Ms","Atliq Exclusive",India,780
2021-03-01,"AQ Master wired x1","Atliq Exclusive",India,658
2021-03-01,"AQ Master wired x1","Atliq Exclusive",India,303
2021-03-01,"AQ Master wired x1","Atliq Exclusive",India,602
2021-03-01,"AQ Master wired x1","Atliq Exclusive",India,231
2021-03-01,"AQ Master wired x1","Atliq Exclusive",India,662
2021-03-01,"AQ Master wired x1","Atliq Exclusive",India,560
2021-03-01,"AQ Master wired x1","Atliq Exclusive",India,797
2021-03-01,"AQ Master wired x1","Atliq Exclusive",India,699
2021-03-01,"AQ Master wired x1","Atliq Exclusive",India,387
2021-03-01,"AQ Master wired x1","Atliq Exclusive",India,678
2021-03-01,"AQ Master wired x1","Atliq Exclusive",India,570
2021-03-01,"AQ Master wired x1","Atliq Exclusive",India,426
2021-03-01,"AQ Master wireless x1","Atliq Exclusive",India,266
2021-03-01,"AQ Master wireless x1","Atliq Exclusive",India,597
2021-03-01,"AQ Master wireless x1","Atliq Exclusive",India,679
2021-03-01,"AQ Master wireless x1","Atliq Exclusive",India,787
2021-03-01,"AQ Master wireless x1","Atliq Exclusive",India,139
2021-03-01,"AQ Master wireless x1","Atliq Exclusive",India,831
2021-03-01,"AQ Master wireless x1","Atliq Exclusive",India,296
2021-03-01,"AQ Master wireless x1","Atliq Exclusive",India,722
2021-03-01,"AQ Master wireless x1","Atliq Exclusive",India,433
2021-03-01,"AQ Master wireless x1","Atliq Exclusive",India,102
2021-03-01,"AQ Master wireless x1","Atliq Exclusive",India,706
2021-03-01,"AQ Master wireless x1","Atliq Exclusive",India,855
2021-03-01,"AQ Gamers ","Atliq Exclusive",India,676
2021-03-01,"AQ Gamers ","Atliq Exclusive",India,780
2021-03-01,"AQ Gamers ","Atliq Exclusive",India,623
2021-03-01,"AQ Gamers ","Atliq Exclusive",India,454
2021-03-01,"AQ Gamers ","Atliq Exclusive",India,563
2021-03-01,"AQ Gamers ","Atliq Exclusive",India,407
2021-03-01,"AQ Gamers ","Atliq Exclusive",India,660
2021-03-01,"AQ Gamers ","Atliq Exclusive",India,334
2021-03-01,"AQ Gamers ","Atliq Exclusive",India,347
2021-03-01,"AQ Gamers ","Atliq Exclusive",India,873
2021-03-01,"AQ Gamers ","Atliq Exclusive",India,678
2021-03-01,"AQ Gamers ","Atliq Exclusive",India,503
2021-03-01,"AQ Lite","Atliq Exclusive",India,741
2021-03-01,"AQ Lite","Atliq Exclusive",India,496
2021-03-01,"AQ Lite","Atliq Exclusive",India,597
2021-03-01,"AQ Lite","Atliq Exclusive",India,723
2021-03-01,"AQ Lite","Atliq Exclusive",India,829
2021-03-01,"AQ Lite","Atliq Exclusive",India,155
2021-03-01,"AQ Lite","Atliq Exclusive",India,433
2021-03-01,"AQ Lite","Atliq Exclusive",India,774
2021-03-01,"AQ Lite","Atliq Exclusive",India,549
2021-03-01,"AQ Lite","Atliq Exclusive",India,304
2021-03-01,"AQ Lite","Atliq Exclusive",India,681
2021-03-01,"AQ Lite","Atliq Exclusive",India,660
2021-03-01,"AQ Maxima","Atliq Exclusive",India,729
2021-03-01,"AQ Maxima","Atliq Exclusive",India,672
2021-03-01,"AQ Maxima","Atliq Exclusive",India,185
2021-03-01,"AQ Maxima","Atliq Exclusive",India,253
2021-03-01,"AQ Maxima","Atliq Exclusive",India,148
2021-03-01,"AQ Maxima","Atliq Exclusive",India,357
2021-03-01,"AQ Maxima","Atliq Exclusive",India,750
2021-03-01,"AQ Maxima","Atliq Exclusive",India,857
2021-03-01,"AQ Maxima","Atliq Exclusive",India,544
2021-03-01,"AQ Maxima","Atliq Exclusive",India,356
2021-03-01,"AQ Maxima","Atliq Exclusive",India,331
2021-03-01,"AQ Maxima","Atliq Exclusive",India,838
2021-03-01,"AQ Qwerty","Atliq Exclusive",India,498
2021-03-01,"AQ Qwerty","Atliq Exclusive",India,674
2021-03-01,"AQ Qwerty","Atliq Exclusive",India,377
2021-03-01,"AQ Qwerty","Atliq Exclusive",India,262
2021-03-01,"AQ Qwerty","Atliq Exclusive",India,180
2021-03-01,"AQ Qwerty","Atliq Exclusive",India,627
2021-03-01,"AQ Qwerty","Atliq Exclusive",India,123
2021-03-01,"AQ Qwerty","Atliq Exclusive",India,836
2021-03-01,"AQ Qwerty","Atliq Exclusive",India,199
2021-03-01,"AQ Qwerty","Atliq Exclusive",India,90
2021-03-01,"AQ Qwerty","Atliq Exclusive",India,780
2021-03-01,"AQ Qwerty","Atliq Exclusive",India,711
2021-03-01,"AQ Trigger","Atliq Exclusive",India,859
2021-03-01,"AQ Trigger","Atliq Exclusive",India,382
2021-03-01,"AQ Trigger","Atliq Exclusive",India,549
2021-03-01,"AQ Trigger","Atliq Exclusive",India,319
2021-03-01,"AQ Trigger","Atliq Exclusive",India,313
2021-03-01,"AQ Trigger","Atliq Exclusive",India,472
2021-03-01,"AQ Trigger","Atliq Exclusive",India,127
2021-03-01,"AQ Trigger","Atliq Exclusive",India,746
2021-03-01,"AQ Trigger","Atliq Exclusive",India,377
2021-03-01,"AQ Trigger","Atliq Exclusive",India,583
2021-03-01,"AQ LION x1","Atliq Exclusive",India,63
2021-03-01,"AQ LION x1","Atliq Exclusive",India,70
2021-03-01,"AQ LION x1","Atliq Exclusive",India,58
2021-03-01,"AQ LION x1","Atliq Exclusive",India,30
2021-03-01,"AQ LION x1","Atliq Exclusive",India,17
2021-03-01,"AQ LION x1","Atliq Exclusive",India,15
2021-03-01,"AQ LION x1","Atliq Exclusive",India,73
2021-03-01,"AQ LION x1","Atliq Exclusive",India,84
2021-03-01,"AQ LION x2","Atliq Exclusive",India,12
2021-03-01,"AQ LION x2","Atliq Exclusive",India,9
2021-03-01,"AQ LION x2","Atliq Exclusive",India,40
2021-03-01,"AQ LION x2","Atliq Exclusive",India,27
2021-03-01,"AQ LION x2","Atliq Exclusive",India,22
2021-03-01,"AQ LION x2","Atliq Exclusive",India,13
2021-03-01,"AQ LION x2","Atliq Exclusive",India,55
2021-03-01,"AQ LION x2","Atliq Exclusive",India,78
2021-03-01,"AQ LION x2","Atliq Exclusive",India,9
2021-03-01,"AQ LION x2","Atliq Exclusive",India,80
2021-03-01,"AQ LION x3","Atliq Exclusive",India,26
2021-03-01,"AQ LION x3","Atliq Exclusive",India,19
2021-03-01,"AQ LION x3","Atliq Exclusive",India,74
2021-03-01,"AQ LION x3","Atliq Exclusive",India,60
2021-03-01,"AQ LION x3","Atliq Exclusive",India,35
2021-03-01,"AQ LION x3","Atliq Exclusive",India,40
2021-03-01,"AQ LION x3","Atliq Exclusive",India,29
2021-03-01,"AQ LION x3","Atliq Exclusive",India,16
2021-03-01,"AQ LION x3","Atliq Exclusive",India,21
2021-03-01,"AQ LION x3","Atliq Exclusive",India,44
2021-03-01,"AQ Mx NB","Atliq Exclusive",India,18
2021-03-01,"AQ Mx NB","Atliq Exclusive",India,65
2021-03-01,"AQ Mx NB","Atliq Exclusive",India,23
2021-03-01,"AQ Mx NB","Atliq Exclusive",India,47
2021-03-01,"AQ Mx NB","Atliq Exclusive",India,23
2021-03-01,"AQ Mx NB","Atliq Exclusive",India,70
2021-03-01,"AQ Mx NB","Atliq Exclusive",India,79
2021-03-01,"AQ Mx NB","Atliq Exclusive",India,80
2021-03-01,"AQ Mx NB","Atliq Exclusive",India,42
2021-03-01,"AQ Mx NB","Atliq Exclusive",India,77
2021-03-01,"AQ Aspiron","Atliq Exclusive",India,13
2021-03-01,"AQ Aspiron","Atliq Exclusive",India,17
2021-03-01,"AQ Aspiron","Atliq Exclusive",India,20
2021-03-01,"AQ Aspiron","Atliq Exclusive",India,38
2021-03-01,"AQ Aspiron","Atliq Exclusive",India,22
2021-03-01,"AQ Aspiron","Atliq Exclusive",India,36
2021-03-01,"AQ Digit","Atliq Exclusive",India,32
2021-03-01,"AQ Digit","Atliq Exclusive",India,28
2021-03-01,"AQ Digit","Atliq Exclusive",India,17
2021-03-01,"AQ Digit","Atliq Exclusive",India,22
2021-03-01,"AQ Digit","Atliq Exclusive",India,40
2021-03-01,"AQ Digit","Atliq Exclusive",India,38
2021-03-01,"AQ Digit","Atliq Exclusive",India,34
2021-03-01,"AQ Digit","Atliq Exclusive",India,27
2021-03-01,"AQ Digit","Atliq Exclusive",India,16
2021-03-01,"AQ Digit","Atliq Exclusive",India,38
2021-03-01,"AQ Digit","Atliq Exclusive",India,19
2021-03-01,"AQ Digit","Atliq Exclusive",India,34
2021-03-01,"AQ Digit","Atliq Exclusive",India,27
2021-03-01,"AQ Digit","Atliq Exclusive",India,31
2021-03-01,"AQ Digit","Atliq Exclusive",India,18
2021-03-01,"AQ Digit","Atliq Exclusive",India,27
2021-03-01,"AQ Velocity","Atliq Exclusive",India,36
2021-03-01,"AQ Velocity","Atliq Exclusive",India,13
2021-03-01,"AQ Velocity","Atliq Exclusive",India,9
2021-03-01,"AQ Velocity","Atliq Exclusive",India,11
2021-03-01,"AQ Velocity","Atliq Exclusive",India,39
2021-03-01,"AQ Velocity","Atliq Exclusive",India,26
2021-03-01,"AQ Velocity","Atliq Exclusive",India,34
2021-03-01,"AQ Velocity","Atliq Exclusive",India,37
2021-03-01,"AQ Velocity","Atliq Exclusive",India,19
2021-03-01,"AQ Velocity","Atliq Exclusive",India,11
2021-03-01,"AQ Velocity","Atliq Exclusive",India,18
2021-03-01,"AQ Velocity","Atliq Exclusive",India,19
2021-03-01,"AQ Elite","Atliq Exclusive",India,33
2021-03-01,"AQ Elite","Atliq Exclusive",India,33
2021-03-01,"AQ Elite","Atliq Exclusive",India,22
2021-03-01,"AQ Elite","Atliq Exclusive",India,17
2021-03-01,"AQ Elite","Atliq Exclusive",India,22
2021-03-01,"AQ Elite","Atliq Exclusive",India,37
2021-03-01,"AQ Elite","Atliq Exclusive",India,8
2021-03-01,"AQ Elite","Atliq Exclusive",India,38
2021-03-01,"AQ Elite","Atliq Exclusive",India,29
2021-03-01,"AQ Elite","Atliq Exclusive",India,19
2021-03-01,"AQ Elite","Atliq Exclusive",India,9
2021-03-01,"AQ Elite","Atliq Exclusive",India,32
2021-03-01,"AQ Elite","Atliq Exclusive",India,38
2021-03-01,"AQ Elite","Atliq Exclusive",India,19
2021-03-01,"AQ Elite","Atliq Exclusive",India,27
2021-03-01,"AQ Elite","Atliq Exclusive",India,17
2021-03-01,"AQ Gen X","Atliq Exclusive",India,23
2021-03-01,"AQ Gen X","Atliq Exclusive",India,23
2021-03-01,"AQ Gen X","Atliq Exclusive",India,29
2021-03-01,"AQ Gen X","Atliq Exclusive",India,34
2021-03-01,"AQ Gen X","Atliq Exclusive",India,24
2021-03-01,"AQ Gen X","Atliq Exclusive",India,38
2021-03-01,"AQ Gen X","Atliq Exclusive",India,34
2021-03-01,"AQ Gen X","Atliq Exclusive",India,12
2021-03-01,"AQ Gen X","Atliq Exclusive",India,9
2021-03-01,"AQ Gen X","Atliq Exclusive",India,19
2021-03-01,"AQ Gen X","Atliq Exclusive",India,11
2021-03-01,"AQ Gen X","Atliq Exclusive",India,40
2021-03-01,"AQ Gen X","Atliq Exclusive",India,21
2021-03-01,"AQ Gen X","Atliq Exclusive",India,32
2021-03-01,"AQ Gen X","Atliq Exclusive",India,26
2021-03-01,"AQ Gen X","Atliq Exclusive",India,27
2021-03-01,"AQ Gen Y","Atliq Exclusive",India,17
2021-03-01,"AQ Gen Y","Atliq Exclusive",India,15
2021-03-01,"AQ Gen Y","Atliq Exclusive",India,15
2021-03-01,"AQ Gen Y","Atliq Exclusive",India,34
2021-03-01,"AQ Gen Y","Atliq Exclusive",India,16
2021-03-01,"AQ Gen Y","Atliq Exclusive",India,8
2021-03-01,"AQ Gen Y","Atliq Exclusive",India,25
2021-03-01,"AQ Gen Y","Atliq Exclusive",India,7
2021-03-01,"AQ Gen Y","Atliq Exclusive",India,29
2021-03-01,"AQ Gen Y","Atliq Exclusive",India,27
2021-03-01,"AQ Gen Y","Atliq Exclusive",India,22
2021-03-01,"AQ Gen Y","Atliq Exclusive",India,26
2021-03-01,"AQ Gen Y","Atliq Exclusive",India,11
2021-03-01,"AQ Gen Y","Atliq Exclusive",India,13
2021-03-01,"AQ Gen Y","Atliq Exclusive",India,40
2021-03-01,"AQ Gen Y","Atliq Exclusive",India,30
2021-03-01,"AQ GEN Z","Atliq Exclusive",India,12
2021-03-01,"AQ GEN Z","Atliq Exclusive",India,10
2021-03-01,"AQ GEN Z","Atliq Exclusive",India,11
2021-03-01,"AQ GEN Z","Atliq Exclusive",India,16
2021-03-01,"AQ GEN Z","Atliq Exclusive",India,19
2021-03-01,"AQ GEN Z","Atliq Exclusive",India,22
2021-03-01,"AQ GEN Z","Atliq Exclusive",India,11
2021-03-01,"AQ GEN Z","Atliq Exclusive",India,28
2021-03-01,"AQ GEN Z","Atliq Exclusive",India,7
2021-03-01,"AQ GEN Z","Atliq Exclusive",India,23
2021-03-01,"AQ BZ 101","Atliq Exclusive",India,16
2021-03-01,"AQ BZ 101","Atliq Exclusive",India,5
2021-03-01,"AQ BZ 101","Atliq Exclusive",India,16
2021-03-01,"AQ BZ 101","Atliq Exclusive",India,27
2021-03-01,"AQ BZ 101","Atliq Exclusive",India,26
2021-03-01,"AQ BZ 101","Atliq Exclusive",India,18
2021-03-01,"AQ BZ 101","Atliq Exclusive",India,21
2021-03-01,"AQ BZ 101","Atliq Exclusive",India,29
2021-03-01,"AQ BZ Compact","Atliq Exclusive",India,7
2021-03-01,"AQ BZ Compact","Atliq Exclusive",India,22
2021-03-01,"AQ BZ Compact","Atliq Exclusive",India,11
2021-03-01,"AQ BZ Compact","Atliq Exclusive",India,8
2021-03-01,"AQ BZ Compact","Atliq Exclusive",India,21
2021-03-01,"AQ BZ Compact","Atliq Exclusive",India,18
2021-03-01,"AQ BZ Compact","Atliq Exclusive",India,27
2021-03-01,"AQ BZ Compact","Atliq Exclusive",India,24
2021-03-01,"AQ BZ Compact","Atliq Exclusive",India,24
2021-03-01,"AQ BZ Compact","Atliq Exclusive",India,8
2021-03-01,"AQ BZ Compact","Atliq Exclusive",India,8
2021-03-01,"AQ BZ Compact","Atliq Exclusive",India,28
2021-03-01,"AQ BZ Compact","Atliq Exclusive",India,7
2021-03-01,"AQ BZ Compact","Atliq Exclusive",India,25
2021-03-01,"AQ BZ Compact","Atliq Exclusive",India,14
2021-03-01,"AQ BZ Compact","Atliq Exclusive",India,8
2021-03-01,"AQ BZ Gen Y","Atliq Exclusive",India,7
2021-03-01,"AQ BZ Gen Y","Atliq Exclusive",India,7
2021-03-01,"AQ BZ Gen Y","Atliq Exclusive",India,11
2021-03-01,"AQ BZ Gen Y","Atliq Exclusive",India,13
2021-03-01,"AQ BZ Gen Y","Atliq Exclusive",India,24
2021-03-01,"AQ BZ Gen Y","Atliq Exclusive",India,22
2021-03-01,"AQ BZ Gen Y","Atliq Exclusive",India,8
2021-03-01,"AQ BZ Gen Y","Atliq Exclusive",India,8
2021-03-01,"AQ BZ Gen Y","Atliq Exclusive",India,22
2021-03-01,"AQ BZ Gen Y","Atliq Exclusive",India,18
2021-03-01,"AQ BZ Gen Y","Atliq Exclusive",India,14
2021-03-01,"AQ BZ Gen Y","Atliq Exclusive",India,6
2021-03-01,"AQ BZ Gen Y","Atliq Exclusive",India,22
2021-03-01,"AQ BZ Gen Y","Atliq Exclusive",India,28
2021-03-01,"AQ BZ Gen Z","Atliq Exclusive",India,28
2021-03-01,"AQ BZ Gen Z","Atliq Exclusive",India,19
2021-03-01,"AQ BZ Gen Z","Atliq Exclusive",India,17
2021-03-01,"AQ BZ Gen Z","Atliq Exclusive",India,10
2021-03-01,"AQ BZ Gen Z","Atliq Exclusive",India,24
2021-03-01,"AQ BZ Gen Z","Atliq Exclusive",India,7
2021-03-01,"AQ BZ Gen Z","Atliq Exclusive",India,20
2021-03-01,"AQ BZ Gen Z","Atliq Exclusive",India,21
2021-03-01,"AQ BZ Gen Z","Atliq Exclusive",India,16
2021-03-01,"AQ BZ Gen Z","Atliq Exclusive",India,9
2021-03-01,"AQ BZ Gen Z","Atliq Exclusive",India,28
2021-03-01,"AQ BZ Gen Z","Atliq Exclusive",India,9
2021-03-01,"AQ BZ Gen Z","Atliq Exclusive",India,17
2021-03-01,"AQ BZ Gen Z","Atliq Exclusive",India,19
2021-03-01,"AQ Gamer 1","Atliq Exclusive",India,15
2021-03-01,"AQ Gamer 1","Atliq Exclusive",India,5
2021-03-01,"AQ Gamer 1","Atliq Exclusive",India,15
2021-03-01,"AQ Gamer 1","Atliq Exclusive",India,12
2021-03-01,"AQ Gamer 1","Atliq Exclusive",India,16
2021-03-01,"AQ Gamer 1","Atliq Exclusive",India,9
2021-03-01,"AQ Gamer 1","Atliq Exclusive",India,16
2021-03-01,"AQ Gamer 1","Atliq Exclusive",India,8
2021-03-01,"AQ Gamer 1","Atliq Exclusive",India,12
2021-03-01,"AQ Gamer 1","Atliq Exclusive",India,15
2021-03-01,"AQ Gamer 1","Atliq Exclusive",India,14
2021-03-01,"AQ Gamer 1","Atliq Exclusive",India,6
2021-03-01,"AQ Gamer 2","Atliq Exclusive",India,8
2021-03-01,"AQ Gamer 2","Atliq Exclusive",India,10
2021-03-01,"AQ Gamer 2","Atliq Exclusive",India,13
2021-03-01,"AQ Gamer 2","Atliq Exclusive",India,11
2021-03-01,"AQ Gamer 2","Atliq Exclusive",India,16
2021-03-01,"AQ Gamer 2","Atliq Exclusive",India,15
2021-03-01,"AQ Gamer 2","Atliq Exclusive",India,13
2021-03-01,"AQ Gamer 2","Atliq Exclusive",India,3
2021-03-01,"AQ Gamer 2","Atliq Exclusive",India,16
2021-03-01,"AQ Gamer 2","Atliq Exclusive",India,13
2021-03-01,"AQ Gamer 2","Atliq Exclusive",India,3
2021-03-01,"AQ Gamer 2","Atliq Exclusive",India,9
2021-03-01,"AQ Gamer 2","Atliq Exclusive",India,7
2021-03-01,"AQ Gamer 2","Atliq Exclusive",India,10
2021-03-01,"AQ Gamer 2","Atliq Exclusive",India,6
2021-03-01,"AQ Gamer 2","Atliq Exclusive",India,12
2021-03-01,"AQ Gamer 3","Atliq Exclusive",India,15
2021-03-01,"AQ Gamer 3","Atliq Exclusive",India,10
2021-03-01,"AQ Gamer 3","Atliq Exclusive",India,11
2021-03-01,"AQ Gamer 3","Atliq Exclusive",India,16
2021-03-01,"AQ Gamer 3","Atliq Exclusive",India,9
2021-03-01,"AQ Gamer 3","Atliq Exclusive",India,17
2021-03-01,"AQ Gamer 3","Atliq Exclusive",India,4
2021-03-01,"AQ Gamer 3","Atliq Exclusive",India,10
2021-03-01,"AQ Gamer 3","Atliq Exclusive",India,9
2021-03-01,"AQ Gamer 3","Atliq Exclusive",India,10
2021-03-01,"AQ Gamer 3","Atliq Exclusive",India,4
2021-03-01,"AQ Gamer 3","Atliq Exclusive",India,15
2021-03-01,"AQ Gamer 3","Atliq Exclusive",India,4
2021-03-01,"AQ Gamer 3","Atliq Exclusive",India,6
2021-03-01,"AQ Gamer 3","Atliq Exclusive",India,12
2021-03-01,"AQ Gamer 3","Atliq Exclusive",India,17
2021-03-01,"AQ Smash 1","Atliq Exclusive",India,5
2021-03-01,"AQ Smash 1","Atliq Exclusive",India,10
2021-03-01,"AQ Smash 1","Atliq Exclusive",India,13
2021-03-01,"AQ Smash 1","Atliq Exclusive",India,16
2021-03-01,"AQ Smash 1","Atliq Exclusive",India,7
2021-03-01,"AQ Smash 1","Atliq Exclusive",India,6
2021-03-01,"AQ Smash 1","Atliq Exclusive",India,15
2021-03-01,"AQ Smash 1","Atliq Exclusive",India,12
2021-03-01,"AQ Smash 1","Atliq Exclusive",India,15
2021-03-01,"AQ Smash 1","Atliq Exclusive",India,10
2021-03-01,"AQ Smash 1","Atliq Exclusive",India,7
2021-03-01,"AQ Smash 1","Atliq Exclusive",India,12
2021-03-01,"AQ Smash 1","Atliq Exclusive",India,12
2021-03-01,"AQ Smash 1","Atliq Exclusive",India,15
2021-03-01,"AQ Smash 1","Atliq Exclusive",India,12
2021-03-01,"AQ Smash 1","Atliq Exclusive",India,11
2021-03-01,"AQ Smash 2","Atliq Exclusive",India,6
2021-03-01,"AQ Smash 2","Atliq Exclusive",India,7
2021-03-01,"AQ Smash 2","Atliq Exclusive",India,12
2021-03-01,"AQ Smash 2","Atliq Exclusive",India,4
2021-03-01,"AQ Smash 2","Atliq Exclusive",India,13
2021-03-01,"AQ Smash 2","Atliq Exclusive",India,15
2021-03-01,"AQ Smash 2","Atliq Exclusive",India,13
2021-03-01,"AQ Smash 2","Atliq Exclusive",India,15
2021-03-01,"AQ Smash 2","Atliq Exclusive",India,7
2021-03-01,"AQ Smash 2","Atliq Exclusive",India,16
2021-03-01,"AQ Smash 2","Atliq Exclusive",India,9
2021-03-01,"AQ Smash 2","Atliq Exclusive",India,7
2021-03-01,"AQ BZ Allin1","Atliq Exclusive",India,14
2021-03-01,"AQ BZ Allin1","Atliq Exclusive",India,10
2021-03-01,"AQ BZ Allin1","Atliq Exclusive",India,27
2021-03-01,"AQ BZ Allin1","Atliq Exclusive",India,19
2021-03-01,"AQ BZ Allin1","Atliq Exclusive",India,13
2021-03-01,"AQ BZ Allin1","Atliq Exclusive",India,16
2021-03-01,"AQ BZ Allin1","Atliq Exclusive",India,25
2021-03-01,"AQ BZ Allin1","Atliq Exclusive",India,17
2021-03-01,"AQ BZ Allin1","Atliq Exclusive",India,11
2021-03-01,"AQ BZ Allin1","Atliq Exclusive",India,21
2021-03-01,"AQ BZ Allin1","Atliq Exclusive",India,14
2021-03-01,"AQ BZ Allin1","Atliq Exclusive",India,19
2021-03-01,"AQ BZ Allin1","Atliq Exclusive",India,27
2021-03-01,"AQ BZ Allin1","Atliq Exclusive",India,23
2021-03-01,"AQ BZ Allin1","Atliq Exclusive",India,9
2021-03-01,"AQ BZ Allin1","Atliq Exclusive",India,12
2021-03-01,"AQ Home Allin1","Atliq Exclusive",India,4
2021-03-01,"AQ Home Allin1","Atliq Exclusive",India,1
2021-03-01,"AQ Home Allin1","Atliq Exclusive",India,1
2021-03-01,"AQ Home Allin1","Atliq Exclusive",India,4
2021-03-01,"AQ Home Allin1","Atliq Exclusive",India,3
2021-03-01,"AQ Home Allin1","Atliq Exclusive",India,4
2021-03-01,"AQ Home Allin1","Atliq Exclusive",India,1
2021-03-01,"AQ Home Allin1","Atliq Exclusive",India,5
2021-03-01,"AQ Home Allin1","Atliq Exclusive",India,4
2021-03-01,"AQ Home Allin1","Atliq Exclusive",India,3
2021-03-01,"AQ Home Allin1","Atliq Exclusive",India,2
2021-03-01,"AQ Home Allin1","Atliq Exclusive",India,1
2021-03-01,"AQ Home Allin1","Atliq Exclusive",India,3
2021-03-01,"AQ Home Allin1","Atliq Exclusive",India,2
2021-03-01,"AQ Home Allin1","Atliq Exclusive",India,2
2021-03-01,"AQ Home Allin1","Atliq Exclusive",India,1
2021-03-01,"AQ HOME Allin1 Gen 2","Atliq Exclusive",India,4
2021-03-01,"AQ HOME Allin1 Gen 2","Atliq Exclusive",India,5
2021-03-01,"AQ HOME Allin1 Gen 2","Atliq Exclusive",India,1
2021-03-01,"AQ HOME Allin1 Gen 2","Atliq Exclusive",India,1
2021-03-01,"AQ HOME Allin1 Gen 2","Atliq Exclusive",India,2
2021-03-01,"AQ HOME Allin1 Gen 2","Atliq Exclusive",India,4
2021-03-01,"AQ HOME Allin1 Gen 2","Atliq Exclusive",India,4
2021-03-01,"AQ HOME Allin1 Gen 2","Atliq Exclusive",India,2
2021-03-01,"AQ HOME Allin1 Gen 2","Atliq Exclusive",India,1
2021-03-01,"AQ HOME Allin1 Gen 2","Atliq Exclusive",India,6
2021-03-01,"AQ HOME Allin1 Gen 2","Atliq Exclusive",India,4
2021-03-01,"AQ HOME Allin1 Gen 2","Atliq Exclusive",India,5
2021-03-01,"AQ Digit SSD","Atliq Exclusive",India,942
2021-03-01,"AQ Digit SSD","Atliq Exclusive",India,955
2021-03-01,"AQ Digit SSD","Atliq Exclusive",India,678
2021-03-01,"AQ Digit SSD","Atliq Exclusive",India,680
2021-03-01,"AQ Digit SSD","Atliq Exclusive",India,310
2021-03-01,"AQ Digit SSD","Atliq Exclusive",India,422
2021-03-01,"AQ Neuer SSD","Atliq Exclusive",India,593
2021-03-01,"AQ Neuer SSD","Atliq Exclusive",India,560
2021-03-01,"AQ Neuer SSD","Atliq Exclusive",India,724
2021-03-01,"AQ Neuer SSD","Atliq Exclusive",India,322
2021-03-01,"AQ Neuer SSD","Atliq Exclusive",India,258
2021-03-01,"AQ Neuer SSD","Atliq Exclusive",India,295
2021-03-01,"AQ Clx1","Atliq Exclusive",India,896
2021-03-01,"AQ Clx1","Atliq Exclusive",India,510
2021-03-01,"AQ Clx1","Atliq Exclusive",India,834
2021-03-01,"AQ Clx1","Atliq Exclusive",India,283
2021-03-01,"AQ Clx1","Atliq Exclusive",India,849
2021-03-01,"AQ Clx1","Atliq Exclusive",India,630
2021-03-01,"AQ Clx2","Atliq Exclusive",India,391
2021-03-01,"AQ Clx2","Atliq Exclusive",India,227
2021-03-01,"AQ Clx2","Atliq Exclusive",India,919
2021-03-01,"AQ Clx2","Atliq Exclusive",India,220
2021-03-01,"AQ Clx2","Atliq Exclusive",India,468
2021-03-01,"AQ Clx2","Atliq Exclusive",India,254
2021-03-01,"AQ Clx3","Atliq Exclusive",India,830
2021-03-01,"AQ Clx3","Atliq Exclusive",India,978
2021-03-01,"AQ Pen Drive 2 IN 1","Atliq Exclusive",India,1338
2021-03-01,"AQ Pen Drive 2 IN 1","Atliq Exclusive",India,961
2021-03-01,"AQ Pen Drive DRC","Atliq Exclusive",India,1063
2021-03-01,"AQ Pen Drive DRC","Atliq Exclusive",India,972
2021-03-01,"AQ Pen Drive DRC","Atliq Exclusive",India,257
2021-03-01,"AQ Pen Drive DRC","Atliq Exclusive",India,940
2021-03-01,"AQ Pen Drive DRC","Atliq Exclusive",India,697
2021-03-01,"AQ Pen Drive DRC","Atliq Exclusive",India,1200
2021-03-01,"AQ Wi Power Dx1","Atliq Exclusive",India,215
2021-03-01,"AQ Wi Power Dx1","Atliq Exclusive",India,130
2021-03-01,"AQ Wi Power Dx1","Atliq Exclusive",India,272
2021-03-01,"AQ Wi Power Dx1","Atliq Exclusive",India,436
2021-03-01,"AQ Wi Power Dx1","Atliq Exclusive",India,200
2021-03-01,"AQ Wi Power Dx1","Atliq Exclusive",India,488
2021-03-01,"AQ Wi Power Dx2","Atliq Exclusive",India,363
2021-03-01,"AQ Wi Power Dx2","Atliq Exclusive",India,628
2021-03-01,"AQ Wi Power Dx2","Atliq Exclusive",India,396
2021-03-01,"AQ Wi Power Dx2","Atliq Exclusive",India,600
2021-03-01,"AQ Wi Power Dx2","Atliq Exclusive",India,648
2021-03-01,"AQ Wi Power Dx2","Atliq Exclusive",India,130
2021-03-01,"AQ Wi Power Dx3","Atliq Exclusive",India,408
2021-03-01,"AQ Wi Power Dx3","Atliq Exclusive",India,114
2021-03-01,"AQ Wi Power Dx3","Atliq Exclusive",India,638
2021-03-01,"AQ Wi Power Dx3","Atliq Exclusive",India,540
2021-03-01,"AQ Wi Power Dx3","Atliq Exclusive",India,75
2021-03-01,"AQ Wi Power Dx3","Atliq Exclusive",India,523
2021-04-01,"AQ Dracula HDD – 3.5 Inch SATA 6 Gb/s 5400 RPM 256 MB Cache","Atliq Exclusive",India,147
2021-04-01,"AQ Dracula HDD – 3.5 Inch SATA 6 Gb/s 5400 RPM 256 MB Cache","Atliq Exclusive",India,94
2021-04-01,"AQ Dracula HDD – 3.5 Inch SATA 6 Gb/s 5400 RPM 256 MB Cache","Atliq Exclusive",India,225
2021-04-01,"AQ Dracula HDD – 3.5 Inch SATA 6 Gb/s 5400 RPM 256 MB Cache","Atliq Exclusive",India,32
2021-04-01,"AQ WereWolf NAS Internal Hard Drive HDD – 8.89 cm","Atliq Exclusive",India,67
2021-04-01,"AQ WereWolf NAS Internal Hard Drive HDD – 8.89 cm","Atliq Exclusive",India,243
2021-04-01,"AQ WereWolf NAS Internal Hard Drive HDD – 8.89 cm","Atliq Exclusive",India,54
2021-04-01,"AQ Zion Saga","Atliq Exclusive",India,233
2021-04-01,"AQ Zion Saga","Atliq Exclusive",India,122
2021-04-01,"AQ Zion Saga","Atliq Exclusive",India,84
2021-04-01,"AQ Mforce Gen X","Atliq Exclusive",India,183
2021-04-01,"AQ Mforce Gen X","Atliq Exclusive",India,172
2021-04-01,"AQ Mforce Gen X","Atliq Exclusive",India,178
2021-04-01,"AQ Mforce Gen X","Atliq Exclusive",India,117
2021-04-01,"AQ Mforce Gen Y","Atliq Exclusive",India,74
2021-04-01,"AQ Mforce Gen Y","Atliq Exclusive",India,103
2021-04-01,"AQ Mforce Gen Y","Atliq Exclusive",India,63
2021-04-01,"AQ Mforce Gen Y","Atliq Exclusive",India,62
2021-04-01,"AQ Mforce Gen Y","Atliq Exclusive",India,98
2021-04-01,"AQ Mforce Gen Y","Atliq Exclusive",India,82
2021-04-01,"AQ Mforce Gen Y","Atliq Exclusive",India,75
2021-04-01,"AQ Mforce Gen Y","Atliq Exclusive",India,97
2021-04-01,"AQ Mforce Gen Z","Atliq Exclusive",India,23
2021-04-01,"AQ Mforce Gen Z","Atliq Exclusive",India,92
2021-04-01,"AQ Mforce Gen Z","Atliq Exclusive",India,92
2021-04-01,"AQ Mforce Gen Z","Atliq Exclusive",India,23
2021-04-01,"AQ Mforce Gen Z","Atliq Exclusive",India,39
2021-04-01,"AQ Mforce Gen Z","Atliq Exclusive",India,78
2021-04-01,"AQ Mforce Gen Z","Atliq Exclusive",India,46
2021-04-01,"AQ Mforce Gen Z","Atliq Exclusive",India,40
2021-04-01,"AQ GT 21","Atliq Exclusive",India,33
2021-04-01,"AQ GT 21","Atliq Exclusive",India,127
2021-04-01,"AQ GT 21","Atliq Exclusive",India,27
2021-04-01,"AQ GT 21","Atliq Exclusive",India,43
2021-04-01,"AQ Marquee P3","Atliq Exclusive",India,172
2021-04-01,"AQ Marquee P3","Atliq Exclusive",India,33
2021-04-01,"AQ Marquee P3","Atliq Exclusive",India,111
2021-04-01,"AQ Marquee P3","Atliq Exclusive",India,48
2021-04-01,"AQ Marquee P4","Atliq Exclusive",India,85
2021-04-01,"AQ 5000 Series Electron 9 5900X Desktop Processor","Atliq Exclusive",India,171
2021-04-01,"AQ 5000 Series Electron 9 5900X Desktop Processor","Atliq Exclusive",India,108
2021-04-01,"AQ 5000 Series Electron 9 5900X Desktop Processor","Atliq Exclusive",India,100
2021-04-01,"AQ 5000 Series Electron 8 5900X Desktop Processor","Atliq Exclusive",India,172
2021-04-01,"AQ 5000 Series Electron 8 5900X Desktop Processor","Atliq Exclusive",India,96
2021-04-01,"AQ 5000 Series Electron 8 5900X Desktop Processor","Atliq Exclusive",India,27
2021-04-01,"AQ 5000 Series Ultron 8 5900X Desktop Processor","Atliq Exclusive",India,122
2021-04-01,"AQ 5000 Series Ultron 8 5900X Desktop Processor","Atliq Exclusive",India,162
2021-04-01,"AQ 5000 Series Ultron 8 5900X Desktop Processor","Atliq Exclusive",India,91
2021-04-01,"AQ Electron 5 3600 Desktop Processor","Atliq Exclusive",India,159
2021-04-01,"AQ Electron 5 3600 Desktop Processor","Atliq Exclusive",India,35
2021-04-01,"AQ Electron 5 3600 Desktop Processor","Atliq Exclusive",India,166
2021-04-01,"AQ Electron 4 3600 Desktop Processor","Atliq Exclusive",India,55
2021-04-01,"AQ Electron 4 3600 Desktop Processor","Atliq Exclusive",India,110
2021-04-01,"AQ Electron 4 3600 Desktop Processor","Atliq Exclusive",India,89
2021-04-01,"AQ Electron 3 3600 Desktop Processor","Atliq Exclusive",India,191
2021-04-01,"AQ Electron 3 3600 Desktop Processor","Atliq Exclusive",India,200
2021-04-01,"AQ MB Elite","Atliq Exclusive",India,139
2021-04-01,"AQ MB Elite","Atliq Exclusive",India,63
2021-04-01,"AQ MB Elite","Atliq Exclusive",India,69
2021-04-01,"AQ MB Elite","Atliq Exclusive",India,55
2021-04-01,"AQ MB Crossx","Atliq Exclusive",India,40
2021-04-01,"AQ MB Crossx","Atliq Exclusive",India,87
2021-04-01,"AQ MB Crossx","Atliq Exclusive",India,102
2021-04-01,"AQ MB Crossx","Atliq Exclusive",India,103
2021-04-01,"AQ MB Crossx 2","Atliq Exclusive",India,31
2021-04-01,"AQ MB Crossx 2","Atliq Exclusive",India,143
2021-04-01,"AQ MB Crossx 2","Atliq Exclusive",India,46
2021-04-01,"AQ MB Crossx 2","Atliq Exclusive",India,84
2021-04-01,"AQ MB Lito","Atliq Exclusive",India,108
2021-04-01,"AQ MB Lito","Atliq Exclusive",India,125
2021-04-01,"AQ MB Lito","Atliq Exclusive",India,96
2021-04-01,"AQ MB Lito","Atliq Exclusive",India,108
2021-04-01,"AQ MB Lito 2","Atliq Exclusive",India,15
2021-04-01,"AQ MB Lito 2","Atliq Exclusive",India,141
2021-04-01,"AQ MB Lito 2","Atliq Exclusive",India,101
2021-04-01,"AQ Master wired x1 Ms","Atliq Exclusive",India,726
2021-04-01,"AQ Master wired x1 Ms","Atliq Exclusive",India,485
2021-04-01,"AQ Master wired x1 Ms","Atliq Exclusive",India,973
2021-04-01,"AQ Master wired x1 Ms","Atliq Exclusive",India,137
2021-04-01,"AQ Master wired x1 Ms","Atliq Exclusive",India,824
2021-04-01,"AQ Master wired x1 Ms","Atliq Exclusive",India,678
2021-04-01,"AQ Master wireless x1 Ms","Atliq Exclusive",India,863
2021-04-01,"AQ Master wireless x1 Ms","Atliq Exclusive",India,580
2021-04-01,"AQ Master wireless x1 Ms","Atliq Exclusive",India,499
2021-04-01,"AQ Master wireless x1 Ms","Atliq Exclusive",India,770
2021-04-01,"AQ Master wireless x1 Ms","Atliq Exclusive",India,543
2021-04-01,"AQ Master wireless x1 Ms","Atliq Exclusive",India,882
2021-04-01,"AQ Gamers Ms","Atliq Exclusive",India,173
2021-04-01,"AQ Gamers Ms","Atliq Exclusive",India,428
2021-04-01,"AQ Gamers Ms","Atliq Exclusive",India,639
2021-04-01,"AQ Gamers Ms","Atliq Exclusive",India,853
2021-04-01,"AQ Gamers Ms","Atliq Exclusive",India,106
2021-04-01,"AQ Gamers Ms","Atliq Exclusive",India,233
2021-04-01,"AQ Lite Ms","Atliq Exclusive",India,776
2021-04-01,"AQ Lite Ms","Atliq Exclusive",India,582
2021-04-01,"AQ Lite Ms","Atliq Exclusive",India,1025
2021-04-01,"AQ Lite Ms","Atliq Exclusive",India,709
2021-04-01,"AQ Lite Ms","Atliq Exclusive",India,123
2021-04-01,"AQ Lite Ms","Atliq Exclusive",India,847
2021-04-01,"AQ Maxima Ms","Atliq Exclusive",India,653
2021-04-01,"AQ Maxima Ms","Atliq Exclusive",India,204
2021-04-01,"AQ Maxima Ms","Atliq Exclusive",India,668
2021-04-01,"AQ Maxima Ms","Atliq Exclusive",India,618
2021-04-01,"AQ Maxima Ms","Atliq Exclusive",India,512
2021-04-01,"AQ Maxima Ms","Atliq Exclusive",India,520
2021-04-01,"AQ Qwerty Ms","Atliq Exclusive",India,853
2021-04-01,"AQ Qwerty Ms","Atliq Exclusive",India,801
2021-04-01,"AQ Qwerty Ms","Atliq Exclusive",India,293
2021-04-01,"AQ Qwerty Ms","Atliq Exclusive",India,595
2021-04-01,"AQ Qwerty Ms","Atliq Exclusive",India,890
2021-04-01,"AQ Qwerty Ms","Atliq Exclusive",India,428
2021-04-01,"AQ Trigger Ms","Atliq Exclusive",India,620
2021-04-01,"AQ Trigger Ms","Atliq Exclusive",India,570
2021-04-01,"AQ Trigger Ms","Atliq Exclusive",India,304
2021-04-01,"AQ Trigger Ms","Atliq Exclusive",India,784
2021-04-01,"AQ Trigger Ms","Atliq Exclusive",India,231
2021-04-01,"AQ Trigger Ms","Atliq Exclusive",India,339
2021-04-01,"AQ Lumina Ms","Atliq Exclusive",India,366
2021-04-01,"AQ Master wired x1","Atliq Exclusive",India,333
2021-04-01,"AQ Master wired x1","Atliq Exclusive",India,350
2021-04-01,"AQ Master wired x1","Atliq Exclusive",India,781
2021-04-01,"AQ Master wired x1","Atliq Exclusive",India,831
2021-04-01,"AQ Master wired x1","Atliq Exclusive",India,155
2021-04-01,"AQ Master wired x1","Atliq Exclusive",India,187
2021-04-01,"AQ Master wireless x1","Atliq Exclusive",India,732
2021-04-01,"AQ Master wireless x1","Atliq Exclusive",India,384
2021-04-01,"AQ Master wireless x1","Atliq Exclusive",India,421
2021-04-01,"AQ Master wireless x1","Atliq Exclusive",India,361
2021-04-01,"AQ Master wireless x1","Atliq Exclusive",India,869
2021-04-01,"AQ Master wireless x1","Atliq Exclusive",India,262
2021-04-01,"AQ Gamers ","Atliq Exclusive",India,759
2021-04-01,"AQ Gamers ","Atliq Exclusive",India,695
2021-04-01,"AQ Gamers ","Atliq Exclusive",India,144
2021-04-01,"AQ Gamers ","Atliq Exclusive",India,271
2021-04-01,"AQ Gamers ","Atliq Exclusive",India,480
2021-04-01,"AQ Gamers ","Atliq Exclusive",India,387
2021-04-01,"AQ Lite","Atliq Exclusive",India,296
2021-04-01,"AQ Lite","Atliq Exclusive",India,109
2021-04-01,"AQ Lite","Atliq Exclusive",India,695
2021-04-01,"AQ Lite","Atliq Exclusive",India,864
2021-04-01,"AQ Lite","Atliq Exclusive",India,815
2021-04-01,"AQ Lite","Atliq Exclusive",India,421
2021-04-01,"AQ Maxima","Atliq Exclusive",India,338
2021-04-01,"AQ Maxima","Atliq Exclusive",India,398
2021-04-01,"AQ Maxima","Atliq Exclusive",India,396
2021-04-01,"AQ Maxima","Atliq Exclusive",India,239
2021-04-01,"AQ Maxima","Atliq Exclusive",India,211
2021-04-01,"AQ Maxima","Atliq Exclusive",India,429
2021-04-01,"AQ Qwerty","Atliq Exclusive",India,591
2021-04-01,"AQ Qwerty","Atliq Exclusive",India,162
2021-04-01,"AQ Qwerty","Atliq Exclusive",India,458
2021-04-01,"AQ Qwerty","Atliq Exclusive",India,766
2021-04-01,"AQ Qwerty","Atliq Exclusive",India,479
2021-04-01,"AQ Qwerty","Atliq Exclusive",India,595
2021-04-01,"AQ Trigger","Atliq Exclusive",India,454
2021-04-01,"AQ Trigger","Atliq Exclusive",India,313
2021-04-01,"AQ Trigger","Atliq Exclusive",India,655
2021-04-01,"AQ Trigger","Atliq Exclusive",India,377
2021-04-01,"AQ Trigger","Atliq Exclusive",India,533
2021-04-01,"AQ LION x1","Atliq Exclusive",India,40
2021-04-01,"AQ LION x1","Atliq Exclusive",India,15
2021-04-01,"AQ LION x1","Atliq Exclusive",India,62
2021-04-01,"AQ LION x1","Atliq Exclusive",India,42
2021-04-01,"AQ LION x2","Atliq Exclusive",India,23
2021-04-01,"AQ LION x2","Atliq Exclusive",India,39
2021-04-01,"AQ LION x2","Atliq Exclusive",India,20
2021-04-01,"AQ LION x2","Atliq Exclusive",India,54
2021-04-01,"AQ LION x2","Atliq Exclusive",India,55
2021-04-01,"AQ LION x3","Atliq Exclusive",India,76
2021-04-01,"AQ LION x3","Atliq Exclusive",India,56
2021-04-01,"AQ LION x3","Atliq Exclusive",India,56
2021-04-01,"AQ LION x3","Atliq Exclusive",India,21
2021-04-01,"AQ LION x3","Atliq Exclusive",India,49
2021-04-01,"AQ Mx NB","Atliq Exclusive",India,74
2021-04-01,"AQ Mx NB","Atliq Exclusive",India,73
2021-04-01,"AQ Mx NB","Atliq Exclusive",India,38
2021-04-01,"AQ Mx NB","Atliq Exclusive",India,43
2021-04-01,"AQ Mx NB","Atliq Exclusive",India,19
2021-04-01,"AQ Aspiron","Atliq Exclusive",India,30
2021-04-01,"AQ Aspiron","Atliq Exclusive",India,39
2021-04-01,"AQ Aspiron","Atliq Exclusive",India,36
2021-04-01,"AQ Digit","Atliq Exclusive",India,38
2021-04-01,"AQ Digit","Atliq Exclusive",India,38
2021-04-01,"AQ Digit","Atliq Exclusive",India,14
2021-04-01,"AQ Digit","Atliq Exclusive",India,15
2021-04-01,"AQ Digit","Atliq Exclusive",India,24
2021-04-01,"AQ Digit","Atliq Exclusive",India,32
2021-04-01,"AQ Digit","Atliq Exclusive",India,18
2021-04-01,"AQ Digit","Atliq Exclusive",India,20
2021-04-01,"AQ Velocity","Atliq Exclusive",India,13
2021-04-01,"AQ Velocity","Atliq Exclusive",India,32
2021-04-01,"AQ Velocity","Atliq Exclusive",India,23
2021-04-01,"AQ Velocity","Atliq Exclusive",India,12
2021-04-01,"AQ Velocity","Atliq Exclusive",India,22
2021-04-01,"AQ Velocity","Atliq Exclusive",India,34
2021-04-01,"AQ Elite","Atliq Exclusive",India,7
2021-04-01,"AQ Elite","Atliq Exclusive",India,16
2021-04-01,"AQ Elite","Atliq Exclusive",India,15
2021-04-01,"AQ Elite","Atliq Exclusive",India,22
2021-04-01,"AQ Elite","Atliq Exclusive",India,23
2021-04-01,"AQ Elite","Atliq Exclusive",India,13
2021-04-01,"AQ Elite","Atliq Exclusive",India,31
2021-04-01,"AQ Elite","Atliq Exclusive",India,15
2021-04-01,"AQ Gen X","Atliq Exclusive",India,36
2021-04-01,"AQ Gen X","Atliq Exclusive",India,16
2021-04-01,"AQ Gen X","Atliq Exclusive",India,8
2021-04-01,"AQ Gen X","Atliq Exclusive",India,16
2021-04-01,"AQ Gen X","Atliq Exclusive",India,35
2021-04-01,"AQ Gen X","Atliq Exclusive",India,18
2021-04-01,"AQ Gen X","Atliq Exclusive",India,11
2021-04-01,"AQ Gen X","Atliq Exclusive",India,35
2021-04-01,"AQ Gen Y","Atliq Exclusive",India,27
2021-04-01,"AQ Gen Y","Atliq Exclusive",India,30
2021-04-01,"AQ Gen Y","Atliq Exclusive",India,16
2021-04-01,"AQ Gen Y","Atliq Exclusive",India,40
2021-04-01,"AQ Gen Y","Atliq Exclusive",India,8
2021-04-01,"AQ Gen Y","Atliq Exclusive",India,23
2021-04-01,"AQ Gen Y","Atliq Exclusive",India,26
2021-04-01,"AQ Gen Y","Atliq Exclusive",India,31
2021-04-01,"AQ GEN Z","Atliq Exclusive",India,12
2021-04-01,"AQ GEN Z","Atliq Exclusive",India,30
2021-04-01,"AQ GEN Z","Atliq Exclusive",India,16
2021-04-01,"AQ GEN Z","Atliq Exclusive",India,30
2021-04-01,"AQ GEN Z","Atliq Exclusive",India,31
2021-04-01,"AQ BZ 101","Atliq Exclusive",India,22
2021-04-01,"AQ BZ 101","Atliq Exclusive",India,27
2021-04-01,"AQ BZ 101","Atliq Exclusive",India,27
2021-04-01,"AQ BZ 101","Atliq Exclusive",India,14
2021-04-01,"AQ BZ Compact","Atliq Exclusive",India,15
2021-04-01,"AQ BZ Compact","Atliq Exclusive",India,14
2021-04-01,"AQ BZ Compact","Atliq Exclusive",India,25
2021-04-01,"AQ BZ Compact","Atliq Exclusive",India,20
2021-04-01,"AQ BZ Compact","Atliq Exclusive",India,27
2021-04-01,"AQ BZ Compact","Atliq Exclusive",India,9
2021-04-01,"AQ BZ Compact","Atliq Exclusive",India,12
2021-04-01,"AQ BZ Compact","Atliq Exclusive",India,6
2021-04-01,"AQ BZ Gen Y","Atliq Exclusive",India,11
2021-04-01,"AQ BZ Gen Y","Atliq Exclusive",India,6
2021-04-01,"AQ BZ Gen Y","Atliq Exclusive",India,18
2021-04-01,"AQ BZ Gen Y","Atliq Exclusive",India,9
2021-04-01,"AQ BZ Gen Y","Atliq Exclusive",India,8
2021-04-01,"AQ BZ Gen Y","Atliq Exclusive",India,7
2021-04-01,"AQ BZ Gen Y","Atliq Exclusive",India,7
2021-04-01,"AQ BZ Gen Z","Atliq Exclusive",India,13
2021-04-01,"AQ BZ Gen Z","Atliq Exclusive",India,21
2021-04-01,"AQ BZ Gen Z","Atliq Exclusive",India,28
2021-04-01,"AQ BZ Gen Z","Atliq Exclusive",India,15
2021-04-01,"AQ BZ Gen Z","Atliq Exclusive",India,13
2021-04-01,"AQ BZ Gen Z","Atliq Exclusive",India,9
2021-04-01,"AQ BZ Gen Z","Atliq Exclusive",India,16
2021-04-01,"AQ Gamer 1","Atliq Exclusive",India,5
2021-04-01,"AQ Gamer 1","Atliq Exclusive",India,3
2021-04-01,"AQ Gamer 1","Atliq Exclusive",India,16
2021-04-01,"AQ Gamer 1","Atliq Exclusive",India,14
2021-04-01,"AQ Gamer 1","Atliq Exclusive",India,4
2021-04-01,"AQ Gamer 1","Atliq Exclusive",India,11
2021-04-01,"AQ Gamer 2","Atliq Exclusive",India,5
2021-04-01,"AQ Gamer 2","Atliq Exclusive",India,15
2021-04-01,"AQ Gamer 2","Atliq Exclusive",India,9
2021-04-01,"AQ Gamer 2","Atliq Exclusive",India,13
2021-04-01,"AQ Gamer 2","Atliq Exclusive",India,12
2021-04-01,"AQ Gamer 2","Atliq Exclusive",India,14
2021-04-01,"AQ Gamer 2","Atliq Exclusive",India,13
2021-04-01,"AQ Gamer 2","Atliq Exclusive",India,9
2021-04-01,"AQ Gamer 3","Atliq Exclusive",India,4
2021-04-01,"AQ Gamer 3","Atliq Exclusive",India,5
2021-04-01,"AQ Gamer 3","Atliq Exclusive",India,11
2021-04-01,"AQ Gamer 3","Atliq Exclusive",India,16
2021-04-01,"AQ Gamer 3","Atliq Exclusive",India,14
2021-04-01,"AQ Gamer 3","Atliq Exclusive",India,13
2021-04-01,"AQ Gamer 3","Atliq Exclusive",India,9
2021-04-01,"AQ Gamer 3","Atliq Exclusive",India,10
2021-04-01,"AQ Smash 1","Atliq Exclusive",India,14
2021-04-01,"AQ Smash 1","Atliq Exclusive",India,15
2021-04-01,"AQ Smash 1","Atliq Exclusive",India,7
2021-04-01,"AQ Smash 1","Atliq Exclusive",India,13
2021-04-01,"AQ Smash 1","Atliq Exclusive",India,9
2021-04-01,"AQ Smash 1","Atliq Exclusive",India,16
2021-04-01,"AQ Smash 1","Atliq Exclusive",India,10
2021-04-01,"AQ Smash 1","Atliq Exclusive",India,4
2021-04-01,"AQ Smash 2","Atliq Exclusive",India,4
2021-04-01,"AQ Smash 2","Atliq Exclusive",India,12
2021-04-01,"AQ Smash 2","Atliq Exclusive",India,15
2021-04-01,"AQ Smash 2","Atliq Exclusive",India,9
2021-04-01,"AQ Smash 2","Atliq Exclusive",India,10
2021-04-01,"AQ Smash 2","Atliq Exclusive",India,12
2021-04-01,"AQ BZ Allin1","Atliq Exclusive",India,13
2021-04-01,"AQ BZ Allin1","Atliq Exclusive",India,12
2021-04-01,"AQ BZ Allin1","Atliq Exclusive",India,12
2021-04-01,"AQ BZ Allin1","Atliq Exclusive",India,20
2021-04-01,"AQ BZ Allin1","Atliq Exclusive",India,11
2021-04-01,"AQ BZ Allin1","Atliq Exclusive",India,21
2021-04-01,"AQ BZ Allin1","Atliq Exclusive",India,26
2021-04-01,"AQ BZ Allin1","Atliq Exclusive",India,18
2021-04-01,"AQ Home Allin1","Atliq Exclusive",India,2
2021-04-01,"AQ Home Allin1","Atliq Exclusive",India,3
2021-04-01,"AQ Home Allin1","Atliq Exclusive",India,3
2021-04-01,"AQ Home Allin1","Atliq Exclusive",India,4
2021-04-01,"AQ Home Allin1","Atliq Exclusive",India,2
2021-04-01,"AQ Home Allin1","Atliq Exclusive",India,2
2021-04-01,"AQ Home Allin1","Atliq Exclusive",India,2
2021-04-01,"AQ Home Allin1","Atliq Exclusive",India,3
2021-04-01,"AQ HOME Allin1 Gen 2","Atliq Exclusive",India,2
2021-04-01,"AQ HOME Allin1 Gen 2","Atliq Exclusive",India,4
2021-04-01,"AQ HOME Allin1 Gen 2","Atliq Exclusive",India,5
2021-04-01,"AQ HOME Allin1 Gen 2","Atliq Exclusive",India,4
2021-04-01,"AQ HOME Allin1 Gen 2","Atliq Exclusive",India,5
2021-04-01,"AQ HOME Allin1 Gen 2","Atliq Exclusive",India,5
2021-04-01,"AQ Digit SSD","Atliq Exclusive",India,641
2021-04-01,"AQ Digit SSD","Atliq Exclusive",India,784
2021-04-01,"AQ Digit SSD","Atliq Exclusive",India,813
2021-04-01,"AQ Neuer SSD","Atliq Exclusive",India,842
2021-04-01,"AQ Neuer SSD","Atliq Exclusive",India,605
2021-04-01,"AQ Neuer SSD","Atliq Exclusive",India,433
2021-04-01,"AQ Clx1","Atliq Exclusive",India,354
2021-04-01,"AQ Clx1","Atliq Exclusive",India,483
2021-04-01,"AQ Clx1","Atliq Exclusive",India,499
2021-04-01,"AQ Clx2","Atliq Exclusive",India,293
2021-04-01,"AQ Clx2","Atliq Exclusive",India,547
2021-04-01,"AQ Clx2","Atliq Exclusive",India,688
2021-04-01,"AQ Clx3","Atliq Exclusive",India,838
2021-04-01,"AQ Pen Drive 2 IN 1","Atliq Exclusive",India,1464
2021-04-01,"AQ Pen Drive DRC","Atliq Exclusive",India,1580
2021-04-01,"AQ Pen Drive DRC","Atliq Exclusive",India,1756
2021-04-01,"AQ Pen Drive DRC","Atliq Exclusive",India,1433
2021-04-01,"AQ Wi Power Dx1","Atliq Exclusive",India,681
2021-04-01,"AQ Wi Power Dx1","Atliq Exclusive",India,693
2021-04-01,"AQ Wi Power Dx1","Atliq Exclusive",India,374
2021-04-01,"AQ Wi Power Dx2","Atliq Exclusive",India,634
2021-04-01,"AQ Wi Power Dx2","Atliq Exclusive",India,577
2021-04-01,"AQ Wi Power Dx2","Atliq Exclusive",India,383
2021-04-01,"AQ Wi Power Dx3","Atliq Exclusive",India,320
2021-04-01,"AQ Wi Power Dx3","Atliq Exclusive",India,642
2021-04-01,"AQ Wi Power Dx3","Atliq Exclusive",India,605
2021-05-01,"AQ Dracula HDD – 3.5 Inch SATA 6 Gb/s 5400 RPM 256 MB Cache","Atliq Exclusive",India,187
2021-05-01,"AQ Dracula HDD – 3.5 Inch SATA 6 Gb/s 5400 RPM 256 MB Cache","Atliq Exclusive",India,132
2021-05-01,"AQ Dracula HDD – 3.5 Inch SATA 6 Gb/s 5400 RPM 256 MB Cache","Atliq Exclusive",India,113
2021-05-01,"AQ Dracula HDD – 3.5 Inch SATA 6 Gb/s 5400 RPM 256 MB Cache","Atliq Exclusive",India,102
2021-05-01,"AQ Dracula HDD – 3.5 Inch SATA 6 Gb/s 5400 RPM 256 MB Cache","Atliq Exclusive",India,109
2021-05-01,"AQ Dracula HDD – 3.5 Inch SATA 6 Gb/s 5400 RPM 256 MB Cache","Atliq Exclusive",India,183
2021-05-01,"AQ Dracula HDD – 3.5 Inch SATA 6 Gb/s 5400 RPM 256 MB Cache","Atliq Exclusive",India,130
2021-05-01,"AQ Dracula HDD – 3.5 Inch SATA 6 Gb/s 5400 RPM 256 MB Cache","Atliq Exclusive",India,171
2021-05-01,"AQ WereWolf NAS Internal Hard Drive HDD – 8.89 cm","Atliq Exclusive",India,198
2021-05-01,"AQ WereWolf NAS Internal Hard Drive HDD – 8.89 cm","Atliq Exclusive",India,197
2021-05-01,"AQ WereWolf NAS Internal Hard Drive HDD – 8.89 cm","Atliq Exclusive",India,180
2021-05-01,"AQ WereWolf NAS Internal Hard Drive HDD – 8.89 cm","Atliq Exclusive",India,238
2021-05-01,"AQ WereWolf NAS Internal Hard Drive HDD – 8.89 cm","Atliq Exclusive",India,160
2021-05-01,"AQ WereWolf NAS Internal Hard Drive HDD – 8.89 cm","Atliq Exclusive",India,180
2021-05-01,"AQ Zion Saga","Atliq Exclusive",India,122
2021-05-01,"AQ Zion Saga","Atliq Exclusive",India,106
2021-05-01,"AQ Zion Saga","Atliq Exclusive",India,118
2021-05-01,"AQ Zion Saga","Atliq Exclusive",India,182
2021-05-01,"AQ Zion Saga","Atliq Exclusive",India,39
2021-05-01,"AQ Zion Saga","Atliq Exclusive",India,182
2021-05-01,"AQ Mforce Gen X","Atliq Exclusive",India,22
2021-05-01,"AQ Mforce Gen X","Atliq Exclusive",India,123
2021-05-01,"AQ Mforce Gen X","Atliq Exclusive",India,156
2021-05-01,"AQ Mforce Gen X","Atliq Exclusive",India,76
2021-05-01,"AQ Mforce Gen X","Atliq Exclusive",India,149
2021-05-01,"AQ Mforce Gen X","Atliq Exclusive",India,52
2021-05-01,"AQ Mforce Gen X","Atliq Exclusive",India,185
2021-05-01,"AQ Mforce Gen X","Atliq Exclusive",India,41
2021-05-01,"AQ Mforce Gen Y","Atliq Exclusive",India,83
2021-05-01,"AQ Mforce Gen Y","Atliq Exclusive",India,54
2021-05-01,"AQ Mforce Gen Y","Atliq Exclusive",India,127
2021-05-01,"AQ Mforce Gen Y","Atliq Exclusive",India,96
2021-05-01,"AQ Mforce Gen Y","Atliq Exclusive",India,69
2021-05-01,"AQ Mforce Gen Y","Atliq Exclusive",India,37
2021-05-01,"AQ Mforce Gen Y","Atliq Exclusive",India,44
2021-05-01,"AQ Mforce Gen Y","Atliq Exclusive",India,65
2021-05-01,"AQ Mforce Gen Y","Atliq Exclusive",India,149
2021-05-01,"AQ Mforce Gen Y","Atliq Exclusive",India,23
2021-05-01,"AQ Mforce Gen Y","Atliq Exclusive",India,132
2021-05-01,"AQ Mforce Gen Y","Atliq Exclusive",India,127
2021-05-01,"AQ Mforce Gen Y","Atliq Exclusive",India,185
2021-05-01,"AQ Mforce Gen Y","Atliq Exclusive",India,38
2021-05-01,"AQ Mforce Gen Y","Atliq Exclusive",India,34
2021-05-01,"AQ Mforce Gen Y","Atliq Exclusive",India,172
2021-05-01,"AQ Mforce Gen Z","Atliq Exclusive",India,137
2021-05-01,"AQ Mforce Gen Z","Atliq Exclusive",India,106
2021-05-01,"AQ Mforce Gen Z","Atliq Exclusive",India,74
2021-05-01,"AQ Mforce Gen Z","Atliq Exclusive",India,42
2021-05-01,"AQ Mforce Gen Z","Atliq Exclusive",India,114
2021-05-01,"AQ Mforce Gen Z","Atliq Exclusive",India,128
2021-05-01,"AQ Mforce Gen Z","Atliq Exclusive",India,28
2021-05-01,"AQ Mforce Gen Z","Atliq Exclusive",India,79
2021-05-01,"AQ Mforce Gen Z","Atliq Exclusive",India,150
2021-05-01,"AQ Mforce Gen Z","Atliq Exclusive",India,194
2021-05-01,"AQ Mforce Gen Z","Atliq Exclusive",India,135
2021-05-01,"AQ Mforce Gen Z","Atliq Exclusive",India,57
2021-05-01,"AQ Mforce Gen Z","Atliq Exclusive",India,170
2021-05-01,"AQ Mforce Gen Z","Atliq Exclusive",India,74
2021-05-01,"AQ Mforce Gen Z","Atliq Exclusive",India,48
2021-05-01,"AQ Mforce Gen Z","Atliq Exclusive",India,97
2021-05-01,"AQ GT 21","Atliq Exclusive",India,38
2021-05-01,"AQ GT 21","Atliq Exclusive",India,178
2021-05-01,"AQ GT 21","Atliq Exclusive",India,44
2021-05-01,"AQ GT 21","Atliq Exclusive",India,98
2021-05-01,"AQ GT 21","Atliq Exclusive",India,122
2021-05-01,"AQ GT 21","Atliq Exclusive",India,190
2021-05-01,"AQ GT 21","Atliq Exclusive",India,104
2021-05-01,"AQ GT 21","Atliq Exclusive",India,73
2021-05-01,"AQ Marquee P3","Atliq Exclusive",India,146
2021-05-01,"AQ Marquee P3","Atliq Exclusive",India,190
2021-05-01,"AQ Marquee P3","Atliq Exclusive",India,146
2021-05-01,"AQ Marquee P3","Atliq Exclusive",India,99
2021-05-01,"AQ Marquee P3","Atliq Exclusive",India,33
2021-05-01,"AQ Marquee P3","Atliq Exclusive",India,148
2021-05-01,"AQ Marquee P3","Atliq Exclusive",India,75
2021-05-01,"AQ Marquee P3","Atliq Exclusive",India,32
2021-05-01,"AQ Marquee P4","Atliq Exclusive",India,118
2021-05-01,"AQ Marquee P4","Atliq Exclusive",India,141
2021-05-01,"AQ 5000 Series Electron 9 5900X Desktop Processor","Atliq Exclusive",India,64
2021-05-01,"AQ 5000 Series Electron 9 5900X Desktop Processor","Atliq Exclusive",India,181
2021-05-01,"AQ 5000 Series Electron 9 5900X Desktop Processor","Atliq Exclusive",India,195
2021-05-01,"AQ 5000 Series Electron 9 5900X Desktop Processor","Atliq Exclusive",India,75
2021-05-01,"AQ 5000 Series Electron 9 5900X Desktop Processor","Atliq Exclusive",India,74
2021-05-01,"AQ 5000 Series Electron 9 5900X Desktop Processor","Atliq Exclusive",India,119
2021-05-01,"AQ 5000 Series Electron 8 5900X Desktop Processor","Atliq Exclusive",India,72
2021-05-01,"AQ 5000 Series Electron 8 5900X Desktop Processor","Atliq Exclusive",India,194
2021-05-01,"AQ 5000 Series Electron 8 5900X Desktop Processor","Atliq Exclusive",India,169
2021-05-01,"AQ 5000 Series Electron 8 5900X Desktop Processor","Atliq Exclusive",India,94
2021-05-01,"AQ 5000 Series Electron 8 5900X Desktop Processor","Atliq Exclusive",India,104
2021-05-01,"AQ 5000 Series Electron 8 5900X Desktop Processor","Atliq Exclusive",India,95
2021-05-01,"AQ 5000 Series Ultron 8 5900X Desktop Processor","Atliq Exclusive",India,62
2021-05-01,"AQ 5000 Series Ultron 8 5900X Desktop Processor","Atliq Exclusive",India,84
2021-05-01,"AQ 5000 Series Ultron 8 5900X Desktop Processor","Atliq Exclusive",India,82
2021-05-01,"AQ 5000 Series Ultron 8 5900X Desktop Processor","Atliq Exclusive",India,195
2021-05-01,"AQ 5000 Series Ultron 8 5900X Desktop Processor","Atliq Exclusive",India,58
2021-05-01,"AQ 5000 Series Ultron 8 5900X Desktop Processor","Atliq Exclusive",India,160
2021-05-01,"AQ Electron 5 3600 Desktop Processor","Atliq Exclusive",India,84
2021-05-01,"AQ Electron 5 3600 Desktop Processor","Atliq Exclusive",India,44
2021-05-01,"AQ Electron 5 3600 Desktop Processor","Atliq Exclusive",India,89
2021-05-01,"AQ Electron 5 3600 Desktop Processor","Atliq Exclusive",India,37
2021-05-01,"AQ Electron 5 3600 Desktop Processor","Atliq Exclusive",India,60
2021-05-01,"AQ Electron 5 3600 Desktop Processor","Atliq Exclusive",India,99
2021-05-01,"AQ Electron 4 3600 Desktop Processor","Atliq Exclusive",India,206
2021-05-01,"AQ Electron 4 3600 Desktop Processor","Atliq Exclusive",India,152
2021-05-01,"AQ Electron 4 3600 Desktop Processor","Atliq Exclusive",India,191
2021-05-01,"AQ Electron 4 3600 Desktop Processor","Atliq Exclusive",India,86
2021-05-01,"AQ Electron 4 3600 Desktop Processor","Atliq Exclusive",India,109
2021-05-01,"AQ Electron 4 3600 Desktop Processor","Atliq Exclusive",India,127
2021-05-01,"AQ Electron 3 3600 Desktop Processor","Atliq Exclusive",India,149
2021-05-01,"AQ Electron 3 3600 Desktop Processor","Atliq Exclusive",India,55
2021-05-01,"AQ Electron 3 3600 Desktop Processor","Atliq Exclusive",India,91
2021-05-01,"AQ Electron 3 3600 Desktop Processor","Atliq Exclusive",India,157
2021-05-01,"AQ MB Elite","Atliq Exclusive",India,48
2021-05-01,"AQ MB Elite","Atliq Exclusive",India,90
2021-05-01,"AQ MB Elite","Atliq Exclusive",India,132
2021-05-01,"AQ MB Elite","Atliq Exclusive",India,20
2021-05-01,"AQ MB Elite","Atliq Exclusive",India,58
2021-05-01,"AQ MB Elite","Atliq Exclusive",India,23
2021-05-01,"AQ MB Elite","Atliq Exclusive",India,103
2021-05-01,"AQ MB Elite","Atliq Exclusive",India,17
2021-05-01,"AQ MB Crossx","Atliq Exclusive",India,15
2021-05-01,"AQ MB Crossx","Atliq Exclusive",India,15
2021-05-01,"AQ MB Crossx","Atliq Exclusive",India,77
2021-05-01,"AQ MB Crossx","Atliq Exclusive",India,141
2021-05-01,"AQ MB Crossx","Atliq Exclusive",India,98
2021-05-01,"AQ MB Crossx","Atliq Exclusive",India,105
2021-05-01,"AQ MB Crossx","Atliq Exclusive",India,131
2021-05-01,"AQ MB Crossx","Atliq Exclusive",India,54
2021-05-01,"AQ MB Crossx 2","Atliq Exclusive",India,95
2021-05-01,"AQ MB Crossx 2","Atliq Exclusive",India,107
2021-05-01,"AQ MB Crossx 2","Atliq Exclusive",India,26
2021-05-01,"AQ MB Crossx 2","Atliq Exclusive",India,88
2021-05-01,"AQ MB Crossx 2","Atliq Exclusive",India,95
2021-05-01,"AQ MB Crossx 2","Atliq Exclusive",India,61
2021-05-01,"AQ MB Crossx 2","Atliq Exclusive",India,91
2021-05-01,"AQ MB Crossx 2","Atliq Exclusive",India,121
2021-05-01,"AQ MB Lito","Atliq Exclusive",India,15
2021-05-01,"AQ MB Lito","Atliq Exclusive",India,118
2021-05-01,"AQ MB Lito","Atliq Exclusive",India,102
2021-05-01,"AQ MB Lito","Atliq Exclusive",India,117
2021-05-01,"AQ MB Lito","Atliq Exclusive",India,69
2021-05-01,"AQ MB Lito","Atliq Exclusive",India,93
2021-05-01,"AQ MB Lito","Atliq Exclusive",India,73
2021-05-01,"AQ MB Lito","Atliq Exclusive",India,55
2021-05-01,"AQ MB Lito 2","Atliq Exclusive",India,79
2021-05-01,"AQ MB Lito 2","Atliq Exclusive",India,71
2021-05-01,"AQ MB Lito 2","Atliq Exclusive",India,100
2021-05-01,"AQ MB Lito 2","Atliq Exclusive",India,129
2021-05-01,"AQ MB Lito 2","Atliq Exclusive",India,110
2021-05-01,"AQ MB Lito 2","Atliq Exclusive",India,139
2021-05-01,"AQ Master wired x1 Ms","Atliq Exclusive",India,508
2021-05-01,"AQ Master wired x1 Ms","Atliq Exclusive",India,713
2021-05-01,"AQ Master wired x1 Ms","Atliq Exclusive",India,765
2021-05-01,"AQ Master wired x1 Ms","Atliq Exclusive",India,926
2021-05-01,"AQ Master wired x1 Ms","Atliq Exclusive",India,894
2021-05-01,"AQ Master wired x1 Ms","Atliq Exclusive",India,383
2021-05-01,"AQ Master wired x1 Ms","Atliq Exclusive",India,331
2021-05-01,"AQ Master wired x1 Ms","Atliq Exclusive",India,580
2021-05-01,"AQ Master wired x1 Ms","Atliq Exclusive",India,707
2021-05-01,"AQ Master wired x1 Ms","Atliq Exclusive",India,986
2021-05-01,"AQ Master wired x1 Ms","Atliq Exclusive",India,624
2021-05-01,"AQ Master wired x1 Ms","Atliq Exclusive",India,589
2021-05-01,"AQ Master wireless x1 Ms","Atliq Exclusive",India,406
2021-05-01,"AQ Master wireless x1 Ms","Atliq Exclusive",India,716
2021-05-01,"AQ Master wireless x1 Ms","Atliq Exclusive",India,387
2021-05-01,"AQ Master wireless x1 Ms","Atliq Exclusive",India,978
2021-05-01,"AQ Master wireless x1 Ms","Atliq Exclusive",India,416
2021-05-01,"AQ Master wireless x1 Ms","Atliq Exclusive",India,838
2021-05-01,"AQ Master wireless x1 Ms","Atliq Exclusive",India,780
2021-05-01,"AQ Master wireless x1 Ms","Atliq Exclusive",India,686
2021-05-01,"AQ Master wireless x1 Ms","Atliq Exclusive",India,185
2021-05-01,"AQ Master wireless x1 Ms","Atliq Exclusive",India,206
2021-05-01,"AQ Master wireless x1 Ms","Atliq Exclusive",India,680
2021-05-01,"AQ Master wireless x1 Ms","Atliq Exclusive",India,955
2021-05-01,"AQ Gamers Ms","Atliq Exclusive",India,684
2021-05-01,"AQ Gamers Ms","Atliq Exclusive",India,969
2021-05-01,"AQ Gamers Ms","Atliq Exclusive",India,480
2021-05-01,"AQ Gamers Ms","Atliq Exclusive",India,905
2021-05-01,"AQ Gamers Ms","Atliq Exclusive",India,917
2021-05-01,"AQ Gamers Ms","Atliq Exclusive",India,932
2021-05-01,"AQ Gamers Ms","Atliq Exclusive",India,358
2021-05-01,"AQ Gamers Ms","Atliq Exclusive",India,424
2021-05-01,"AQ Gamers Ms","Atliq Exclusive",India,491
2021-05-01,"AQ Gamers Ms","Atliq Exclusive",India,541
2021-05-01,"AQ Gamers Ms","Atliq Exclusive",India,379
2021-05-01,"AQ Gamers Ms","Atliq Exclusive",India,653
2021-05-01,"AQ Lite Ms","Atliq Exclusive",India,869
2021-05-01,"AQ Lite Ms","Atliq Exclusive",India,609
2021-05-01,"AQ Lite Ms","Atliq Exclusive",India,262
2021-05-01,"AQ Lite Ms","Atliq Exclusive",India,951
2021-05-01,"AQ Lite Ms","Atliq Exclusive",India,458
2021-05-01,"AQ Lite Ms","Atliq Exclusive",India,703
2021-05-01,"AQ Lite Ms","Atliq Exclusive",India,262
2021-05-01,"AQ Lite Ms","Atliq Exclusive",India,241
2021-05-01,"AQ Lite Ms","Atliq Exclusive",India,896
2021-05-01,"AQ Lite Ms","Atliq Exclusive",India,651
2021-05-01,"AQ Lite Ms","Atliq Exclusive",India,813
2021-05-01,"AQ Lite Ms","Atliq Exclusive",India,1032
2021-05-01,"AQ Maxima Ms","Atliq Exclusive",India,175
2021-05-01,"AQ Maxima Ms","Atliq Exclusive",India,435
2021-05-01,"AQ Maxima Ms","Atliq Exclusive",India,135
2021-05-01,"AQ Maxima Ms","Atliq Exclusive",India,395
2021-05-01,"AQ Maxima Ms","Atliq Exclusive",India,788
2021-05-01,"AQ Maxima Ms","Atliq Exclusive",India,520
2021-05-01,"AQ Maxima Ms","Atliq Exclusive",India,493
2021-05-01,"AQ Maxima Ms","Atliq Exclusive",India,574
2021-05-01,"AQ Maxima Ms","Atliq Exclusive",India,1021
2021-05-01,"AQ Maxima Ms","Atliq Exclusive",India,888
2021-05-01,"AQ Maxima Ms","Atliq Exclusive",India,761
2021-05-01,"AQ Maxima Ms","Atliq Exclusive",India,223
2021-05-01,"AQ Qwerty Ms","Atliq Exclusive",India,953
2021-05-01,"AQ Qwerty Ms","Atliq Exclusive",India,738
2021-05-01,"AQ Qwerty Ms","Atliq Exclusive",India,957
2021-05-01,"AQ Qwerty Ms","Atliq Exclusive",India,391
2021-05-01,"AQ Qwerty Ms","Atliq Exclusive",India,404
2021-05-01,"AQ Qwerty Ms","Atliq Exclusive",India,322
2021-05-01,"AQ Qwerty Ms","Atliq Exclusive",India,872
2021-05-01,"AQ Qwerty Ms","Atliq Exclusive",India,256
2021-05-01,"AQ Qwerty Ms","Atliq Exclusive",India,855
2021-05-01,"AQ Qwerty Ms","Atliq Exclusive",India,166
2021-05-01,"AQ Qwerty Ms","Atliq Exclusive",India,146
2021-05-01,"AQ Qwerty Ms","Atliq Exclusive",India,158
2021-05-01,"AQ Trigger Ms","Atliq Exclusive",India,670
2021-05-01,"AQ Trigger Ms","Atliq Exclusive",India,809
2021-05-01,"AQ Trigger Ms","Atliq Exclusive",India,780
2021-05-01,"AQ Trigger Ms","Atliq Exclusive",India,817
2021-05-01,"AQ Trigger Ms","Atliq Exclusive",India,936
2021-05-01,"AQ Trigger Ms","Atliq Exclusive",India,345
2021-05-01,"AQ Trigger Ms","Atliq Exclusive",India,603
2021-05-01,"AQ Trigger Ms","Atliq Exclusive",India,928
2021-05-01,"AQ Trigger Ms","Atliq Exclusive",India,853
2021-05-01,"AQ Trigger Ms","Atliq Exclusive",India,601
2021-05-01,"AQ Trigger Ms","Atliq Exclusive",India,214
2021-05-01,"AQ Trigger Ms","Atliq Exclusive",India,235
2021-05-01,"AQ Lumina Ms","Atliq Exclusive",India,389
2021-05-01,"AQ Lumina Ms","Atliq Exclusive",India,768
2021-05-01,"AQ Master wired x1","Atliq Exclusive",India,144
2021-05-01,"AQ Master wired x1","Atliq Exclusive",India,435
2021-05-01,"AQ Master wired x1","Atliq Exclusive",India,148
2021-05-01,"AQ Master wired x1","Atliq Exclusive",India,380
2021-05-01,"AQ Master wired x1","Atliq Exclusive",India,829
2021-05-01,"AQ Master wired x1","Atliq Exclusive",India,563
2021-05-01,"AQ Master wired x1","Atliq Exclusive",India,678
2021-05-01,"AQ Master wired x1","Atliq Exclusive",India,375
2021-05-01,"AQ Master wired x1","Atliq Exclusive",India,290
2021-05-01,"AQ Master wired x1","Atliq Exclusive",India,176
2021-05-01,"AQ Master wired x1","Atliq Exclusive",India,686
2021-05-01,"AQ Master wired x1","Atliq Exclusive",India,363
2021-05-01,"AQ Master wireless x1","Atliq Exclusive",India,859
2021-05-01,"AQ Master wireless x1","Atliq Exclusive",India,308
2021-05-01,"AQ Master wireless x1","Atliq Exclusive",India,655
2021-05-01,"AQ Master wireless x1","Atliq Exclusive",India,338
2021-05-01,"AQ Master wireless x1","Atliq Exclusive",India,547
2021-05-01,"AQ Master wireless x1","Atliq Exclusive",India,773
2021-05-01,"AQ Master wireless x1","Atliq Exclusive",India,516
2021-05-01,"AQ Master wireless x1","Atliq Exclusive",India,433
2021-05-01,"AQ Master wireless x1","Atliq Exclusive",India,447
2021-05-01,"AQ Master wireless x1","Atliq Exclusive",India,590
2021-05-01,"AQ Master wireless x1","Atliq Exclusive",India,341
2021-05-01,"AQ Master wireless x1","Atliq Exclusive",India,319
2021-05-01,"AQ Gamers ","Atliq Exclusive",India,627
2021-05-01,"AQ Gamers ","Atliq Exclusive",India,700
2021-05-01,"AQ Gamers ","Atliq Exclusive",India,820
2021-05-01,"AQ Gamers ","Atliq Exclusive",India,290
2021-05-01,"AQ Gamers ","Atliq Exclusive",India,187
2021-05-01,"AQ Gamers ","Atliq Exclusive",India,686
2021-05-01,"AQ Gamers ","Atliq Exclusive",India,620
2021-05-01,"AQ Gamers ","Atliq Exclusive",India,308
2021-05-01,"AQ Gamers ","Atliq Exclusive",India,104
2021-05-01,"AQ Gamers ","Atliq Exclusive",India,312
2021-05-01,"AQ Gamers ","Atliq Exclusive",India,109
2021-05-01,"AQ Gamers ","Atliq Exclusive",India,304
2021-05-01,"AQ Lite","Atliq Exclusive",India,405
2021-05-01,"AQ Lite","Atliq Exclusive",India,598
2021-05-01,"AQ Lite","Atliq Exclusive",India,720
2021-05-01,"AQ Lite","Atliq Exclusive",India,445
2021-05-01,"AQ Lite","Atliq Exclusive",India,333
2021-05-01,"AQ Lite","Atliq Exclusive",India,255
2021-05-01,"AQ Lite","Atliq Exclusive",India,121
2021-05-01,"AQ Lite","Atliq Exclusive",India,95
2021-05-01,"AQ Lite","Atliq Exclusive",India,153
2021-05-01,"AQ Lite","Atliq Exclusive",India,473
2021-05-01,"AQ Lite","Atliq Exclusive",India,371
2021-05-01,"AQ Lite","Atliq Exclusive",India,496
2021-05-01,"AQ Maxima","Atliq Exclusive",India,431
2021-05-01,"AQ Maxima","Atliq Exclusive",India,590
2021-05-01,"AQ Maxima","Atliq Exclusive",India,482
2021-05-01,"AQ Maxima","Atliq Exclusive",India,878
2021-05-01,"AQ Maxima","Atliq Exclusive",India,88
2021-05-01,"AQ Maxima","Atliq Exclusive",India,614
2021-05-01,"AQ Maxima","Atliq Exclusive",India,444
2021-05-01,"AQ Maxima","Atliq Exclusive",India,568
2021-05-01,"AQ Maxima","Atliq Exclusive",India,565
2021-05-01,"AQ Maxima","Atliq Exclusive",India,377
2021-05-01,"AQ Maxima","Atliq Exclusive",India,123
2021-05-01,"AQ Maxima","Atliq Exclusive",India,510
2021-05-01,"AQ Qwerty","Atliq Exclusive",India,171
2021-05-01,"AQ Qwerty","Atliq Exclusive",India,100
2021-05-01,"AQ Qwerty","Atliq Exclusive",India,678
2021-05-01,"AQ Qwerty","Atliq Exclusive",India,472
2021-05-01,"AQ Qwerty","Atliq Exclusive",India,422
2021-05-01,"AQ Qwerty","Atliq Exclusive",India,246
2021-05-01,"AQ Qwerty","Atliq Exclusive",India,417
2021-05-01,"AQ Qwerty","Atliq Exclusive",India,794
2021-05-01,"AQ Qwerty","Atliq Exclusive",India,204
2021-05-01,"AQ Qwerty","Atliq Exclusive",India,854
2021-05-01,"AQ Qwerty","Atliq Exclusive",India,148
2021-05-01,"AQ Qwerty","Atliq Exclusive",India,312
2021-05-01,"AQ Trigger","Atliq Exclusive",India,114
2021-05-01,"AQ Trigger","Atliq Exclusive",India,644
2021-05-01,"AQ Trigger","Atliq Exclusive",India,693
2021-05-01,"AQ Trigger","Atliq Exclusive",India,461
2021-05-01,"AQ Trigger","Atliq Exclusive",India,419
2021-05-01,"AQ Trigger","Atliq Exclusive",India,326
2021-05-01,"AQ Trigger","Atliq Exclusive",India,521
2021-05-01,"AQ Trigger","Atliq Exclusive",India,100
2021-05-01,"AQ Trigger","Atliq Exclusive",India,187
2021-05-01,"AQ Trigger","Atliq Exclusive",India,732
2021-05-01,"AQ LION x1","Atliq Exclusive",India,25
2021-05-01,"AQ LION x1","Atliq Exclusive",India,87
2021-05-01,"AQ LION x1","Atliq Exclusive",India,49
2021-05-01,"AQ LION x1","Atliq Exclusive",India,31
2021-05-01,"AQ LION x1","Atliq Exclusive",India,43
2021-05-01,"AQ LION x1","Atliq Exclusive",India,78
2021-05-01,"AQ LION x1","Atliq Exclusive",India,68
2021-05-01,"AQ LION x1","Atliq Exclusive",India,13
2021-05-01,"AQ LION x2","Atliq Exclusive",India,60
2021-05-01,"AQ LION x2","Atliq Exclusive",India,80
2021-05-01,"AQ LION x2","Atliq Exclusive",India,84
2021-05-01,"AQ LION x2","Atliq Exclusive",India,40
2021-05-01,"AQ LION x2","Atliq Exclusive",India,62
2021-05-01,"AQ LION x2","Atliq Exclusive",India,55
2021-05-01,"AQ LION x2","Atliq Exclusive",India,51
2021-05-01,"AQ LION x2","Atliq Exclusive",India,10
2021-05-01,"AQ LION x2","Atliq Exclusive",India,61
2021-05-01,"AQ LION x2","Atliq Exclusive",India,28
2021-05-01,"AQ LION x3","Atliq Exclusive",India,13
2021-05-01,"AQ LION x3","Atliq Exclusive",India,61
2021-05-01,"AQ LION x3","Atliq Exclusive",India,61
2021-05-01,"AQ LION x3","Atliq Exclusive",India,51
2021-05-01,"AQ LION x3","Atliq Exclusive",India,66
2021-05-01,"AQ LION x3","Atliq Exclusive",India,54
2021-05-01,"AQ LION x3","Atliq Exclusive",India,39
2021-05-01,"AQ LION x3","Atliq Exclusive",India,80
2021-05-01,"AQ LION x3","Atliq Exclusive",India,82
2021-05-01,"AQ LION x3","Atliq Exclusive",India,66
2021-05-01,"AQ Mx NB","Atliq Exclusive",India,23
2021-05-01,"AQ Mx NB","Atliq Exclusive",India,49
2021-05-01,"AQ Mx NB","Atliq Exclusive",India,30
2021-05-01,"AQ Mx NB","Atliq Exclusive",India,44
2021-05-01,"AQ Mx NB","Atliq Exclusive",India,11
2021-05-01,"AQ Mx NB","Atliq Exclusive",India,9
2021-05-01,"AQ Mx NB","Atliq Exclusive",India,76
2021-05-01,"AQ Mx NB","Atliq Exclusive",India,50
2021-05-01,"AQ Mx NB","Atliq Exclusive",India,61
2021-05-01,"AQ Mx NB","Atliq Exclusive",India,71
2021-05-01,"AQ Aspiron","Atliq Exclusive",India,9
2021-05-01,"AQ Aspiron","Atliq Exclusive",India,27
2021-05-01,"AQ Aspiron","Atliq Exclusive",India,23
2021-05-01,"AQ Aspiron","Atliq Exclusive",India,13
2021-05-01,"AQ Aspiron","Atliq Exclusive",India,9
2021-05-01,"AQ Aspiron","Atliq Exclusive",India,31
2021-05-01,"AQ Digit","Atliq Exclusive",India,32
2021-05-01,"AQ Digit","Atliq Exclusive",India,29
2021-05-01,"AQ Digit","Atliq Exclusive",India,38
2021-05-01,"AQ Digit","Atliq Exclusive",India,11
2021-05-01,"AQ Digit","Atliq Exclusive",India,28
2021-05-01,"AQ Digit","Atliq Exclusive",India,19
2021-05-01,"AQ Digit","Atliq Exclusive",India,12
2021-05-01,"AQ Digit","Atliq Exclusive",India,35
2021-05-01,"AQ Digit","Atliq Exclusive",India,9
2021-05-01,"AQ Digit","Atliq Exclusive",India,10
2021-05-01,"AQ Digit","Atliq Exclusive",India,32
2021-05-01,"AQ Digit","Atliq Exclusive",India,13
2021-05-01,"AQ Digit","Atliq Exclusive",India,21
2021-05-01,"AQ Digit","Atliq Exclusive",India,27
2021-05-01,"AQ Digit","Atliq Exclusive",India,16
2021-05-01,"AQ Digit","Atliq Exclusive",India,13
2021-05-01,"AQ Velocity","Atliq Exclusive",India,37
2021-05-01,"AQ Velocity","Atliq Exclusive",India,7
2021-05-01,"AQ Velocity","Atliq Exclusive",India,7
2021-05-01,"AQ Velocity","Atliq Exclusive",India,30
2021-05-01,"AQ Velocity","Atliq Exclusive",India,18
2021-05-01,"AQ Velocity","Atliq Exclusive",India,23
2021-05-01,"AQ Velocity","Atliq Exclusive",India,39
2021-05-01,"AQ Velocity","Atliq Exclusive",India,35
2021-05-01,"AQ Velocity","Atliq Exclusive",India,8
2021-05-01,"AQ Velocity","Atliq Exclusive",India,28
2021-05-01,"AQ Velocity","Atliq Exclusive",India,22
2021-05-01,"AQ Velocity","Atliq Exclusive",India,26
2021-05-01,"AQ Elite","Atliq Exclusive",India,20
2021-05-01,"AQ Elite","Atliq Exclusive",India,19
2021-05-01,"AQ Elite","Atliq Exclusive",India,18
2021-05-01,"AQ Elite","Atliq Exclusive",India,35
2021-05-01,"AQ Elite","Atliq Exclusive",India,37
2021-05-01,"AQ Elite","Atliq Exclusive",India,36
2021-05-01,"AQ Elite","Atliq Exclusive",India,34
2021-05-01,"AQ Elite","Atliq Exclusive",India,17
2021-05-01,"AQ Elite","Atliq Exclusive",India,39
2021-05-01,"AQ Elite","Atliq Exclusive",India,33
2021-05-01,"AQ Elite","Atliq Exclusive",India,15
2021-05-01,"AQ Elite","Atliq Exclusive",India,28
2021-05-01,"AQ Elite","Atliq Exclusive",India,26
2021-05-01,"AQ Elite","Atliq Exclusive",India,38
2021-05-01,"AQ Elite","Atliq Exclusive",India,16
2021-05-01,"AQ Elite","Atliq Exclusive",India,7
2021-05-01,"AQ Gen X","Atliq Exclusive",India,32
2021-05-01,"AQ Gen X","Atliq Exclusive",India,20
2021-05-01,"AQ Gen X","Atliq Exclusive",India,37
2021-05-01,"AQ Gen X","Atliq Exclusive",India,27
2021-05-01,"AQ Gen X","Atliq Exclusive",India,28
2021-05-01,"AQ Gen X","Atliq Exclusive",India,26
2021-05-01,"AQ Gen X","Atliq Exclusive",India,17
2021-05-01,"AQ Gen X","Atliq Exclusive",India,7
2021-05-01,"AQ Gen X","Atliq Exclusive",India,15
2021-05-01,"AQ Gen X","Atliq Exclusive",India,37
2021-05-01,"AQ Gen X","Atliq Exclusive",India,36
2021-05-01,"AQ Gen X","Atliq Exclusive",India,17
2021-05-01,"AQ Gen X","Atliq Exclusive",India,20
2021-05-01,"AQ Gen X","Atliq Exclusive",India,19
2021-05-01,"AQ Gen X","Atliq Exclusive",India,19
2021-05-01,"AQ Gen X","Atliq Exclusive",India,9
2021-05-01,"AQ Gen Y","Atliq Exclusive",India,18
2021-05-01,"AQ Gen Y","Atliq Exclusive",India,39
2021-05-01,"AQ Gen Y","Atliq Exclusive",India,27
2021-05-01,"AQ Gen Y","Atliq Exclusive",India,11
2021-05-01,"AQ Gen Y","Atliq Exclusive",India,10
2021-05-01,"AQ Gen Y","Atliq Exclusive",India,7
2021-05-01,"AQ Gen Y","Atliq Exclusive",India,13
2021-05-01,"AQ Gen Y","Atliq Exclusive",India,12
2021-05-01,"AQ Gen Y","Atliq Exclusive",India,40
2021-05-01,"AQ Gen Y","Atliq Exclusive",India,35
2021-05-01,"AQ Gen Y","Atliq Exclusive",India,13
2021-05-01,"AQ Gen Y","Atliq Exclusive",India,18
2021-05-01,"AQ Gen Y","Atliq Exclusive",India,10
2021-05-01,"AQ Gen Y","Atliq Exclusive",India,29
2021-05-01,"AQ Gen Y","Atliq Exclusive",India,32
2021-05-01,"AQ Gen Y","Atliq Exclusive",India,19
2021-05-01,"AQ GEN Z","Atliq Exclusive",India,12
2021-05-01,"AQ GEN Z","Atliq Exclusive",India,22
2021-05-01,"AQ GEN Z","Atliq Exclusive",India,34
2021-05-01,"AQ GEN Z","Atliq Exclusive",India,32
2021-05-01,"AQ GEN Z","Atliq Exclusive",India,26
2021-05-01,"AQ GEN Z","Atliq Exclusive",India,24
2021-05-01,"AQ GEN Z","Atliq Exclusive",India,11
2021-05-01,"AQ GEN Z","Atliq Exclusive",India,39
2021-05-01,"AQ GEN Z","Atliq Exclusive",India,17
2021-05-01,"AQ GEN Z","Atliq Exclusive",India,11
2021-05-01,"AQ BZ 101","Atliq Exclusive",India,20
2021-05-01,"AQ BZ 101","Atliq Exclusive",India,10
2021-05-01,"AQ BZ 101","Atliq Exclusive",India,29
2021-05-01,"AQ BZ 101","Atliq Exclusive",India,16
2021-05-01,"AQ BZ 101","Atliq Exclusive",India,27
2021-05-01,"AQ BZ 101","Atliq Exclusive",India,7
2021-05-01,"AQ BZ 101","Atliq Exclusive",India,16
2021-05-01,"AQ BZ 101","Atliq Exclusive",India,26
2021-05-01,"AQ BZ Compact","Atliq Exclusive",India,18
2021-05-01,"AQ BZ Compact","Atliq Exclusive",India,28
2021-05-01,"AQ BZ Compact","Atliq Exclusive",India,13
2021-05-01,"AQ BZ Compact","Atliq Exclusive",India,17
2021-05-01,"AQ BZ Compact","Atliq Exclusive",India,22
2021-05-01,"AQ BZ Compact","Atliq Exclusive",India,11
2021-05-01,"AQ BZ Compact","Atliq Exclusive",India,28
2021-05-01,"AQ BZ Compact","Atliq Exclusive",India,6
2021-05-01,"AQ BZ Compact","Atliq Exclusive",India,14
2021-05-01,"AQ BZ Compact","Atliq Exclusive",India,11
2021-05-01,"AQ BZ Compact","Atliq Exclusive",India,6
2021-05-01,"AQ BZ Compact","Atliq Exclusive",India,20
2021-05-01,"AQ BZ Compact","Atliq Exclusive",India,12
2021-05-01,"AQ BZ Compact","Atliq Exclusive",India,27
2021-05-01,"AQ BZ Compact","Atliq Exclusive",India,6
2021-05-01,"AQ BZ Compact","Atliq Exclusive",India,19
2021-05-01,"AQ BZ Gen Y","Atliq Exclusive",India,13
2021-05-01,"AQ BZ Gen Y","Atliq Exclusive",India,7
2021-05-01,"AQ BZ Gen Y","Atliq Exclusive",India,18
2021-05-01,"AQ BZ Gen Y","Atliq Exclusive",India,11
2021-05-01,"AQ BZ Gen Y","Atliq Exclusive",India,15
2021-05-01,"AQ BZ Gen Y","Atliq Exclusive",India,21
2021-05-01,"AQ BZ Gen Y","Atliq Exclusive",India,13
2021-05-01,"AQ BZ Gen Y","Atliq Exclusive",India,18
2021-05-01,"AQ BZ Gen Y","Atliq Exclusive",India,26
2021-05-01,"AQ BZ Gen Y","Atliq Exclusive",India,7
2021-05-01,"AQ BZ Gen Y","Atliq Exclusive",India,12
2021-05-01,"AQ BZ Gen Y","Atliq Exclusive",India,25
2021-05-01,"AQ BZ Gen Y","Atliq Exclusive",India,10
2021-05-01,"AQ BZ Gen Y","Atliq Exclusive",India,6
2021-05-01,"AQ BZ Gen Z","Atliq Exclusive",India,12
2021-05-01,"AQ BZ Gen Z","Atliq Exclusive",India,7
2021-05-01,"AQ BZ Gen Z","Atliq Exclusive",India,27
2021-05-01,"AQ BZ Gen Z","Atliq Exclusive",India,24
2021-05-01,"AQ BZ Gen Z","Atliq Exclusive",India,19
2021-05-01,"AQ BZ Gen Z","Atliq Exclusive",India,21
2021-05-01,"AQ BZ Gen Z","Atliq Exclusive",India,27
2021-05-01,"AQ BZ Gen Z","Atliq Exclusive",India,5
2021-05-01,"AQ BZ Gen Z","Atliq Exclusive",India,21
2021-05-01,"AQ BZ Gen Z","Atliq Exclusive",India,9
2021-05-01,"AQ BZ Gen Z","Atliq Exclusive",India,12
2021-05-01,"AQ BZ Gen Z","Atliq Exclusive",India,22
2021-05-01,"AQ BZ Gen Z","Atliq Exclusive",India,24
2021-05-01,"AQ BZ Gen Z","Atliq Exclusive",India,10
2021-05-01,"AQ Gamer 1","Atliq Exclusive",India,5
2021-05-01,"AQ Gamer 1","Atliq Exclusive",India,10
2021-05-01,"AQ Gamer 1","Atliq Exclusive",India,7
2021-05-01,"AQ Gamer 1","Atliq Exclusive",India,17
2021-05-01,"AQ Gamer 1","Atliq Exclusive",India,11
2021-05-01,"AQ Gamer 1","Atliq Exclusive",India,5
2021-05-01,"AQ Gamer 1","Atliq Exclusive",India,3
2021-05-01,"AQ Gamer 1","Atliq Exclusive",India,5
2021-05-01,"AQ Gamer 1","Atliq Exclusive",India,4
2021-05-01,"AQ Gamer 1","Atliq Exclusive",India,9
2021-05-01,"AQ Gamer 1","Atliq Exclusive",India,5
2021-05-01,"AQ Gamer 1","Atliq Exclusive",India,7
2021-05-01,"AQ Gamer 2","Atliq Exclusive",India,7
2021-05-01,"AQ Gamer 2","Atliq Exclusive",India,4
2021-05-01,"AQ Gamer 2","Atliq Exclusive",India,12
2021-05-01,"AQ Gamer 2","Atliq Exclusive",India,5
2021-05-01,"AQ Gamer 2","Atliq Exclusive",India,7
2021-05-01,"AQ Gamer 2","Atliq Exclusive",India,14
2021-05-01,"AQ Gamer 2","Atliq Exclusive",India,6
2021-05-01,"AQ Gamer 2","Atliq Exclusive",India,16
2021-05-01,"AQ Gamer 2","Atliq Exclusive",India,10
2021-05-01,"AQ Gamer 2","Atliq Exclusive",India,5
2021-05-01,"AQ Gamer 2","Atliq Exclusive",India,8
2021-05-01,"AQ Gamer 2","Atliq Exclusive",India,7
2021-05-01,"AQ Gamer 2","Atliq Exclusive",India,7
2021-05-01,"AQ Gamer 2","Atliq Exclusive",India,5
2021-05-01,"AQ Gamer 2","Atliq Exclusive",India,9
2021-05-01,"AQ Gamer 2","Atliq Exclusive",India,15
2021-05-01,"AQ Gamer 3","Atliq Exclusive",India,10
2021-05-01,"AQ Gamer 3","Atliq Exclusive",India,11
2021-05-01,"AQ Gamer 3","Atliq Exclusive",India,8
2021-05-01,"AQ Gamer 3","Atliq Exclusive",India,7
2021-05-01,"AQ Gamer 3","Atliq Exclusive",India,12
2021-05-01,"AQ Gamer 3","Atliq Exclusive",India,8
2021-05-01,"AQ Gamer 3","Atliq Exclusive",India,7
2021-05-01,"AQ Gamer 3","Atliq Exclusive",India,5
2021-05-01,"AQ Gamer 3","Atliq Exclusive",India,16
2021-05-01,"AQ Gamer 3","Atliq Exclusive",India,8
2021-05-01,"AQ Gamer 3","Atliq Exclusive",India,16
2021-05-01,"AQ Gamer 3","Atliq Exclusive",India,7
2021-05-01,"AQ Gamer 3","Atliq Exclusive",India,9
2021-05-01,"AQ Gamer 3","Atliq Exclusive",India,15
2021-05-01,"AQ Gamer 3","Atliq Exclusive",India,14
2021-05-01,"AQ Gamer 3","Atliq Exclusive",India,14
2021-05-01,"AQ Smash 1","Atliq Exclusive",India,4
2021-05-01,"AQ Smash 1","Atliq Exclusive",India,9
2021-05-01,"AQ Smash 1","Atliq Exclusive",India,11
2021-05-01,"AQ Smash 1","Atliq Exclusive",India,12
2021-05-01,"AQ Smash 1","Atliq Exclusive",India,15
2021-05-01,"AQ Smash 1","Atliq Exclusive",India,10
2021-05-01,"AQ Smash 1","Atliq Exclusive",India,9
2021-05-01,"AQ Smash 1","Atliq Exclusive",India,4
2021-05-01,"AQ Smash 1","Atliq Exclusive",India,10
2021-05-01,"AQ Smash 1","Atliq Exclusive",India,15
2021-05-01,"AQ Smash 1","Atliq Exclusive",India,14
2021-05-01,"AQ Smash 1","Atliq Exclusive",India,17
2021-05-01,"AQ Smash 1","Atliq Exclusive",India,14
2021-05-01,"AQ Smash 1","Atliq Exclusive",India,6
2021-05-01,"AQ Smash 1","Atliq Exclusive",India,4
2021-05-01,"AQ Smash 1","Atliq Exclusive",India,13
2021-05-01,"AQ Smash 2","Atliq Exclusive",India,6
2021-05-01,"AQ Smash 2","Atliq Exclusive",India,8
2021-05-01,"AQ Smash 2","Atliq Exclusive",India,17
2021-05-01,"AQ Smash 2","Atliq Exclusive",India,7
2021-05-01,"AQ Smash 2","Atliq Exclusive",India,17
2021-05-01,"AQ Smash 2","Atliq Exclusive",India,6
2021-05-01,"AQ Smash 2","Atliq Exclusive",India,12
2021-05-01,"AQ Smash 2","Atliq Exclusive",India,12
2021-05-01,"AQ Smash 2","Atliq Exclusive",India,7
2021-05-01,"AQ Smash 2","Atliq Exclusive",India,8
2021-05-01,"AQ Smash 2","Atliq Exclusive",India,12
2021-05-01,"AQ Smash 2","Atliq Exclusive",India,3
2021-05-01,"AQ BZ Allin1","Atliq Exclusive",India,8
2021-05-01,"AQ BZ Allin1","Atliq Exclusive",India,9
2021-05-01,"AQ BZ Allin1","Atliq Exclusive",India,19
2021-05-01,"AQ BZ Allin1","Atliq Exclusive",India,24
2021-05-01,"AQ BZ Allin1","Atliq Exclusive",India,18
2021-05-01,"AQ BZ Allin1","Atliq Exclusive",India,15
2021-05-01,"AQ BZ Allin1","Atliq Exclusive",India,8
2021-05-01,"AQ BZ Allin1","Atliq Exclusive",India,18
2021-05-01,"AQ BZ Allin1","Atliq Exclusive",India,10
2021-05-01,"AQ BZ Allin1","Atliq Exclusive",India,11
2021-05-01,"AQ BZ Allin1","Atliq Exclusive",India,18
2021-05-01,"AQ BZ Allin1","Atliq Exclusive",India,23
2021-05-01,"AQ BZ Allin1","Atliq Exclusive",India,26
2021-05-01,"AQ BZ Allin1","Atliq Exclusive",India,24
2021-05-01,"AQ BZ Allin1","Atliq Exclusive",India,24
2021-05-01,"AQ BZ Allin1","Atliq Exclusive",India,9
2021-05-01,"AQ Home Allin1","Atliq Exclusive",India,2
2021-05-01,"AQ Home Allin1","Atliq Exclusive",India,5
2021-05-01,"AQ Home Allin1","Atliq Exclusive",India,3
2021-05-01,"AQ Home Allin1","Atliq Exclusive",India,3
2021-05-01,"AQ Home Allin1","Atliq Exclusive",India,3
2021-05-01,"AQ Home Allin1","Atliq Exclusive",India,3
2021-05-01,"AQ Home Allin1","Atliq Exclusive",India,2
2021-05-01,"AQ Home Allin1","Atliq Exclusive",India,6
2021-05-01,"AQ Home Allin1","Atliq Exclusive",India,2
2021-05-01,"AQ Home Allin1","Atliq Exclusive",India,1
2021-05-01,"AQ Home Allin1","Atliq Exclusive",India,2
2021-05-01,"AQ Home Allin1","Atliq Exclusive",India,5
2021-05-01,"AQ Home Allin1","Atliq Exclusive",India,4
2021-05-01,"AQ Home Allin1","Atliq Exclusive",India,2
2021-05-01,"AQ Home Allin1","Atliq Exclusive",India,5
2021-05-01,"AQ Home Allin1","Atliq Exclusive",India,5
2021-05-01,"AQ HOME Allin1 Gen 2","Atliq Exclusive",India,2
2021-05-01,"AQ HOME Allin1 Gen 2","Atliq Exclusive",India,2
2021-05-01,"AQ HOME Allin1 Gen 2","Atliq Exclusive",India,3
2021-05-01,"AQ HOME Allin1 Gen 2","Atliq Exclusive",India,2
2021-05-01,"AQ HOME Allin1 Gen 2","Atliq Exclusive",India,2
2021-05-01,"AQ HOME Allin1 Gen 2","Atliq Exclusive",India,2
2021-05-01,"AQ HOME Allin1 Gen 2","Atliq Exclusive",India,3
2021-05-01,"AQ HOME Allin1 Gen 2","Atliq Exclusive",India,5
2021-05-01,"AQ HOME Allin1 Gen 2","Atliq Exclusive",India,3
2021-05-01,"AQ HOME Allin1 Gen 2","Atliq Exclusive",India,3
2021-05-01,"AQ HOME Allin1 Gen 2","Atliq Exclusive",India,3
2021-05-01,"AQ HOME Allin1 Gen 2","Atliq Exclusive",India,4
2021-05-01,"AQ Digit SSD","Atliq Exclusive",India,874
2021-05-01,"AQ Digit SSD","Atliq Exclusive",India,1000
2021-05-01,"AQ Digit SSD","Atliq Exclusive",India,957
2021-05-01,"AQ Digit SSD","Atliq Exclusive",India,820
2021-05-01,"AQ Digit SSD","Atliq Exclusive",India,489
2021-05-01,"AQ Digit SSD","Atliq Exclusive",India,944
2021-05-01,"AQ Neuer SSD","Atliq Exclusive",India,961
2021-05-01,"AQ Neuer SSD","Atliq Exclusive",India,493
2021-05-01,"AQ Neuer SSD","Atliq Exclusive",India,426
2021-05-01,"AQ Neuer SSD","Atliq Exclusive",India,655
2021-05-01,"AQ Neuer SSD","Atliq Exclusive",India,133
2021-05-01,"AQ Neuer SSD","Atliq Exclusive",India,395
2021-05-01,"AQ Clx1","Atliq Exclusive",India,795
2021-05-01,"AQ Clx1","Atliq Exclusive",India,942
2021-05-01,"AQ Clx1","Atliq Exclusive",India,275
2021-05-01,"AQ Clx1","Atliq Exclusive",India,890
2021-05-01,"AQ Clx1","Atliq Exclusive",India,549
2021-05-01,"AQ Clx1","Atliq Exclusive",India,736
2021-05-01,"AQ Clx2","Atliq Exclusive",India,331
2021-05-01,"AQ Clx2","Atliq Exclusive",India,917
2021-05-01,"AQ Clx2","Atliq Exclusive",India,401
2021-05-01,"AQ Clx2","Atliq Exclusive",India,674
2021-05-01,"AQ Clx2","Atliq Exclusive",India,865
2021-05-01,"AQ Clx2","Atliq Exclusive",India,944
2021-05-01,"AQ Clx3","Atliq Exclusive",India,780
2021-05-01,"AQ Clx3","Atliq Exclusive",India,661
2021-05-01,"AQ Pen Drive 2 IN 1","Atliq Exclusive",India,788
2021-05-01,"AQ Pen Drive 2 IN 1","Atliq Exclusive",India,880
2021-05-01,"AQ Pen Drive DRC","Atliq Exclusive",India,922
2021-05-01,"AQ Pen Drive DRC","Atliq Exclusive",India,623
2021-05-01,"AQ Pen Drive DRC","Atliq Exclusive",India,982
2021-05-01,"AQ Pen Drive DRC","Atliq Exclusive",India,743
2021-05-01,"AQ Pen Drive DRC","Atliq Exclusive",India,693
2021-05-01,"AQ Pen Drive DRC","Atliq Exclusive",India,1683
2021-05-01,"AQ Wi Power Dx1","Atliq Exclusive",India,379
2021-05-01,"AQ Wi Power Dx1","Atliq Exclusive",India,590
2021-05-01,"AQ Wi Power Dx1","Atliq Exclusive",India,563
2021-05-01,"AQ Wi Power Dx1","Atliq Exclusive",India,491
2021-05-01,"AQ Wi Power Dx1","Atliq Exclusive",India,629
2021-05-01,"AQ Wi Power Dx1","Atliq Exclusive",India,199
2021-05-01,"AQ Wi Power Dx2","Atliq Exclusive",India,557
2021-05-01,"AQ Wi Power Dx2","Atliq Exclusive",India,451
2021-05-01,"AQ Wi Power Dx2","Atliq Exclusive",India,589
2021-05-01,"AQ Wi Power Dx2","Atliq Exclusive",India,197
2021-05-01,"AQ Wi Power Dx2","Atliq Exclusive",India,94
2021-05-01,"AQ Wi Power Dx2","Atliq Exclusive",India,475
2021-05-01,"AQ Wi Power Dx3","Atliq Exclusive",India,513
2021-05-01,"AQ Wi Power Dx3","Atliq Exclusive",India,344
2021-05-01,"AQ Wi Power Dx3","Atliq Exclusive",India,458
2021-05-01,"AQ Wi Power Dx3","Atliq Exclusive",India,220
2021-05-01,"AQ Wi Power Dx3","Atliq Exclusive",India,567
2021-05-01,"AQ Wi Power Dx3","Atliq Exclusive",India,204
2021-06-01,"AQ Dracula HDD – 3.5 Inch SATA 6 Gb/s 5400 RPM 256 MB Cache","Atliq Exclusive",India,123
2021-06-01,"AQ Dracula HDD – 3.5 Inch SATA 6 Gb/s 5400 RPM 256 MB Cache","Atliq Exclusive",India,213
2021-06-01,"AQ Dracula HDD – 3.5 Inch SATA 6 Gb/s 5400 RPM 256 MB Cache","Atliq Exclusive",India,234
2021-06-01,"AQ Dracula HDD – 3.5 Inch SATA 6 Gb/s 5400 RPM 256 MB Cache","Atliq Exclusive",India,122
2021-06-01,"AQ WereWolf NAS Internal Hard Drive HDD – 8.89 cm","Atliq Exclusive",India,41
2021-06-01,"AQ WereWolf NAS Internal Hard Drive HDD – 8.89 cm","Atliq Exclusive",India,133
2021-06-01,"AQ WereWolf NAS Internal Hard Drive HDD – 8.89 cm","Atliq Exclusive",India,153
2021-06-01,"AQ Zion Saga","Atliq Exclusive",India,110
2021-06-01,"AQ Zion Saga","Atliq Exclusive",India,50
2021-06-01,"AQ Zion Saga","Atliq Exclusive",India,102
2021-06-01,"AQ Mforce Gen X","Atliq Exclusive",India,26
2021-06-01,"AQ Mforce Gen X","Atliq Exclusive",India,187
2021-06-01,"AQ Mforce Gen X","Atliq Exclusive",India,30
2021-06-01,"AQ Mforce Gen X","Atliq Exclusive",India,58
2021-06-01,"AQ Mforce Gen Y","Atliq Exclusive",India,48
2021-06-01,"AQ Mforce Gen Y","Atliq Exclusive",India,37
2021-06-01,"AQ Mforce Gen Y","Atliq Exclusive",India,115
2021-06-01,"AQ Mforce Gen Y","Atliq Exclusive",India,62
2021-06-01,"AQ Mforce Gen Y","Atliq Exclusive",India,80
2021-06-01,"AQ Mforce Gen Y","Atliq Exclusive",India,40
2021-06-01,"AQ Mforce Gen Y","Atliq Exclusive",India,28
2021-06-01,"AQ Mforce Gen Y","Atliq Exclusive",India,128
2021-06-01,"AQ Mforce Gen Z","Atliq Exclusive",India,42
2021-06-01,"AQ Mforce Gen Z","Atliq Exclusive",India,186
2021-06-01,"AQ Mforce Gen Z","Atliq Exclusive",India,195
2021-06-01,"AQ Mforce Gen Z","Atliq Exclusive",India,126
2021-06-01,"AQ Mforce Gen Z","Atliq Exclusive",India,55
2021-06-01,"AQ Mforce Gen Z","Atliq Exclusive",India,31
2021-06-01,"AQ Mforce Gen Z","Atliq Exclusive",India,138
2021-06-01,"AQ Mforce Gen Z","Atliq Exclusive",India,166
2021-06-01,"AQ GT 21","Atliq Exclusive",India,26
2021-06-01,"AQ GT 21","Atliq Exclusive",India,143
2021-06-01,"AQ GT 21","Atliq Exclusive",India,65
2021-06-01,"AQ GT 21","Atliq Exclusive",India,48
2021-06-01,"AQ Marquee P3","Atliq Exclusive",India,32
2021-06-01,"AQ Marquee P3","Atliq Exclusive",India,107
2021-06-01,"AQ Marquee P3","Atliq Exclusive",India,35
2021-06-01,"AQ Marquee P3","Atliq Exclusive",India,81
2021-06-01,"AQ Marquee P4","Atliq Exclusive",India,105
2021-06-01,"AQ 5000 Series Electron 9 5900X Desktop Processor","Atliq Exclusive",India,71
2021-06-01,"AQ 5000 Series Electron 9 5900X Desktop Processor","Atliq Exclusive",India,102
2021-06-01,"AQ 5000 Series Electron 9 5900X Desktop Processor","Atliq Exclusive",India,34
2021-06-01,"AQ 5000 Series Electron 8 5900X Desktop Processor","Atliq Exclusive",India,106
2021-06-01,"AQ 5000 Series Electron 8 5900X Desktop Processor","Atliq Exclusive",India,38
2021-06-01,"AQ 5000 Series Electron 8 5900X Desktop Processor","Atliq Exclusive",India,157
2021-06-01,"AQ 5000 Series Ultron 8 5900X Desktop Processor","Atliq Exclusive",India,136
2021-06-01,"AQ 5000 Series Ultron 8 5900X Desktop Processor","Atliq Exclusive",India,208
2021-06-01,"AQ 5000 Series Ultron 8 5900X Desktop Processor","Atliq Exclusive",India,186
2021-06-01,"AQ Electron 5 3600 Desktop Processor","Atliq Exclusive",India,30
2021-06-01,"AQ Electron 5 3600 Desktop Processor","Atliq Exclusive",India,85
2021-06-01,"AQ Electron 5 3600 Desktop Processor","Atliq Exclusive",India,72
2021-06-01,"AQ Electron 4 3600 Desktop Processor","Atliq Exclusive",India,194
2021-06-01,"AQ Electron 4 3600 Desktop Processor","Atliq Exclusive",India,120
2021-06-01,"AQ Electron 4 3600 Desktop Processor","Atliq Exclusive",India,119
2021-06-01,"AQ Electron 3 3600 Desktop Processor","Atliq Exclusive",India,181
2021-06-01,"AQ Electron 3 3600 Desktop Processor","Atliq Exclusive",India,178
2021-06-01,"AQ MB Elite","Atliq Exclusive",India,77
2021-06-01,"AQ MB Elite","Atliq Exclusive",India,67
2021-06-01,"AQ MB Elite","Atliq Exclusive",India,64
2021-06-01,"AQ MB Elite","Atliq Exclusive",India,15
2021-06-01,"AQ MB Crossx","Atliq Exclusive",India,80
2021-06-01,"AQ MB Crossx","Atliq Exclusive",India,41
2021-06-01,"AQ MB Crossx","Atliq Exclusive",India,73
2021-06-01,"AQ MB Crossx","Atliq Exclusive",India,111
2021-06-01,"AQ MB Crossx 2","Atliq Exclusive",India,74
2021-06-01,"AQ MB Crossx 2","Atliq Exclusive",India,37
2021-06-01,"AQ MB Crossx 2","Atliq Exclusive",India,19
2021-06-01,"AQ MB Crossx 2","Atliq Exclusive",India,17
2021-06-01,"AQ MB Lito","Atliq Exclusive",India,53
2021-06-01,"AQ MB Lito","Atliq Exclusive",India,84
2021-06-01,"AQ MB Lito","Atliq Exclusive",India,137
2021-06-01,"AQ MB Lito","Atliq Exclusive",India,140
2021-06-01,"AQ MB Lito 2","Atliq Exclusive",India,94
2021-06-01,"AQ MB Lito 2","Atliq Exclusive",India,80
2021-06-01,"AQ MB Lito 2","Atliq Exclusive",India,73
2021-06-01,"AQ Master wired x1 Ms","Atliq Exclusive",India,503
2021-06-01,"AQ Master wired x1 Ms","Atliq Exclusive",India,116
2021-06-01,"AQ Master wired x1 Ms","Atliq Exclusive",India,790
2021-06-01,"AQ Master wired x1 Ms","Atliq Exclusive",India,493
2021-06-01,"AQ Master wired x1 Ms","Atliq Exclusive",India,495
2021-06-01,"AQ Master wired x1 Ms","Atliq Exclusive",India,474
2021-06-01,"AQ Master wireless x1 Ms","Atliq Exclusive",India,678
2021-06-01,"AQ Master wireless x1 Ms","Atliq Exclusive",India,366
2021-06-01,"AQ Master wireless x1 Ms","Atliq Exclusive",India,672
2021-06-01,"AQ Master wireless x1 Ms","Atliq Exclusive",India,788
2021-06-01,"AQ Master wireless x1 Ms","Atliq Exclusive",India,391
2021-06-01,"AQ Master wireless x1 Ms","Atliq Exclusive",India,252
2021-06-01,"AQ Gamers Ms","Atliq Exclusive",India,252
2021-06-01,"AQ Gamers Ms","Atliq Exclusive",India,562
2021-06-01,"AQ Gamers Ms","Atliq Exclusive",India,233
2021-06-01,"AQ Gamers Ms","Atliq Exclusive",India,959
2021-06-01,"AQ Gamers Ms","Atliq Exclusive",India,152
2021-06-01,"AQ Gamers Ms","Atliq Exclusive",India,395
2021-06-01,"AQ Lite Ms","Atliq Exclusive",India,516
2021-06-01,"AQ Lite Ms","Atliq Exclusive",India,366
2021-06-01,"AQ Lite Ms","Atliq Exclusive",India,158
2021-06-01,"AQ Lite Ms","Atliq Exclusive",India,672
2021-06-01,"AQ Lite Ms","Atliq Exclusive",India,300
2021-06-01,"AQ Lite Ms","Atliq Exclusive",India,761
2021-06-01,"AQ Maxima Ms","Atliq Exclusive",India,158
2021-06-01,"AQ Maxima Ms","Atliq Exclusive",India,605
2021-06-01,"AQ Maxima Ms","Atliq Exclusive",India,318
2021-06-01,"AQ Maxima Ms","Atliq Exclusive",India,857
2021-06-01,"AQ Maxima Ms","Atliq Exclusive",India,901
2021-06-01,"AQ Maxima Ms","Atliq Exclusive",India,312
2021-06-01,"AQ Qwerty Ms","Atliq Exclusive",India,959
2021-06-01,"AQ Qwerty Ms","Atliq Exclusive",India,270
2021-06-01,"AQ Qwerty Ms","Atliq Exclusive",India,364
2021-06-01,"AQ Qwerty Ms","Atliq Exclusive",India,422
2021-06-01,"AQ Qwerty Ms","Atliq Exclusive",India,252
2021-06-01,"AQ Qwerty Ms","Atliq Exclusive",India,193
2021-06-01,"AQ Trigger Ms","Atliq Exclusive",India,726
2021-06-01,"AQ Trigger Ms","Atliq Exclusive",India,909
2021-06-01,"AQ Trigger Ms","Atliq Exclusive",India,647
2021-06-01,"AQ Trigger Ms","Atliq Exclusive",India,936
2021-06-01,"AQ Trigger Ms","Atliq Exclusive",India,281
2021-06-01,"AQ Trigger Ms","Atliq Exclusive",India,699
2021-06-01,"AQ Lumina Ms","Atliq Exclusive",India,801
2021-06-01,"AQ Master wired x1","Atliq Exclusive",India,840
2021-06-01,"AQ Master wired x1","Atliq Exclusive",India,744
2021-06-01,"AQ Master wired x1","Atliq Exclusive",India,120
2021-06-01,"AQ Master wired x1","Atliq Exclusive",India,759
2021-06-01,"AQ Master wired x1","Atliq Exclusive",India,878
2021-06-01,"AQ Master wired x1","Atliq Exclusive",India,225
2021-06-01,"AQ Master wireless x1","Atliq Exclusive",India,215
2021-06-01,"AQ Master wireless x1","Atliq Exclusive",India,799
2021-06-01,"AQ Master wireless x1","Atliq Exclusive",India,463
2021-06-01,"AQ Master wireless x1","Atliq Exclusive",India,514
2021-06-01,"AQ Master wireless x1","Atliq Exclusive",India,848
2021-06-01,"AQ Master wireless x1","Atliq Exclusive",India,125
2021-06-01,"AQ Gamers ","Atliq Exclusive",India,148
2021-06-01,"AQ Gamers ","Atliq Exclusive",India,532
2021-06-01,"AQ Gamers ","Atliq Exclusive",India,847
2021-06-01,"AQ Gamers ","Atliq Exclusive",India,238
2021-06-01,"AQ Gamers ","Atliq Exclusive",India,422
2021-06-01,"AQ Gamers ","Atliq Exclusive",India,484
2021-06-01,"AQ Lite","Atliq Exclusive",India,523
2021-06-01,"AQ Lite","Atliq Exclusive",India,737
2021-06-01,"AQ Lite","Atliq Exclusive",India,776
2021-06-01,"AQ Lite","Atliq Exclusive",India,737
2021-06-01,"AQ Lite","Atliq Exclusive",India,111
2021-06-01,"AQ Lite","Atliq Exclusive",India,468
2021-06-01,"AQ Maxima","Atliq Exclusive",India,143
2021-06-01,"AQ Maxima","Atliq Exclusive",India,468
2021-06-01,"AQ Maxima","Atliq Exclusive",India,488
2021-06-01,"AQ Maxima","Atliq Exclusive",India,127
2021-06-01,"AQ Maxima","Atliq Exclusive",India,164
2021-06-01,"AQ Maxima","Atliq Exclusive",India,593
2021-06-01,"AQ Qwerty","Atliq Exclusive",India,436
2021-06-01,"AQ Qwerty","Atliq Exclusive",India,322
2021-06-01,"AQ Qwerty","Atliq Exclusive",India,734
2021-06-01,"AQ Qwerty","Atliq Exclusive",India,801
2021-06-01,"AQ Qwerty","Atliq Exclusive",India,720
2021-06-01,"AQ Qwerty","Atliq Exclusive",India,718
2021-06-01,"AQ Trigger","Atliq Exclusive",India,356
2021-06-01,"AQ Trigger","Atliq Exclusive",India,832
2021-06-01,"AQ Trigger","Atliq Exclusive",India,292
2021-06-01,"AQ Trigger","Atliq Exclusive",India,128
2021-06-01,"AQ Trigger","Atliq Exclusive",India,248
2021-06-01,"AQ LION x1","Atliq Exclusive",India,37
2021-06-01,"AQ LION x1","Atliq Exclusive",India,40
2021-06-01,"AQ LION x1","Atliq Exclusive",India,42
2021-06-01,"AQ LION x1","Atliq Exclusive",India,34
2021-06-01,"AQ LION x2","Atliq Exclusive",India,18
2021-06-01,"AQ LION x2","Atliq Exclusive",India,47
2021-06-01,"AQ LION x2","Atliq Exclusive",India,18
2021-06-01,"AQ LION x2","Atliq Exclusive",India,56
2021-06-01,"AQ LION x2","Atliq Exclusive",India,13
2021-06-01,"AQ LION x3","Atliq Exclusive",India,73
2021-06-01,"AQ LION x3","Atliq Exclusive",India,17
2021-06-01,"AQ LION x3","Atliq Exclusive",India,56
2021-06-01,"AQ LION x3","Atliq Exclusive",India,65
2021-06-01,"AQ LION x3","Atliq Exclusive",India,21
2021-06-01,"AQ Mx NB","Atliq Exclusive",India,60
2021-06-01,"AQ Mx NB","Atliq Exclusive",India,61
2021-06-01,"AQ Mx NB","Atliq Exclusive",India,13
2021-06-01,"AQ Mx NB","Atliq Exclusive",India,51
2021-06-01,"AQ Mx NB","Atliq Exclusive",India,87
2021-06-01,"AQ Aspiron","Atliq Exclusive",India,16
2021-06-01,"AQ Aspiron","Atliq Exclusive",India,26
2021-06-01,"AQ Aspiron","Atliq Exclusive",India,36
2021-06-01,"AQ Digit","Atliq Exclusive",India,29
2021-06-01,"AQ Digit","Atliq Exclusive",India,17
2021-06-01,"AQ Digit","Atliq Exclusive",India,7
2021-06-01,"AQ Digit","Atliq Exclusive",India,9
2021-06-01,"AQ Digit","Atliq Exclusive",India,22
2021-06-01,"AQ Digit","Atliq Exclusive",India,8
2021-06-01,"AQ Digit","Atliq Exclusive",India,33
2021-06-01,"AQ Digit","Atliq Exclusive",India,31
2021-06-01,"AQ Velocity","Atliq Exclusive",India,10
2021-06-01,"AQ Velocity","Atliq Exclusive",India,23
2021-06-01,"AQ Velocity","Atliq Exclusive",India,23
2021-06-01,"AQ Velocity","Atliq Exclusive",India,34
2021-06-01,"AQ Velocity","Atliq Exclusive",India,13
2021-06-01,"AQ Velocity","Atliq Exclusive",India,34
2021-06-01,"AQ Elite","Atliq Exclusive",India,18
2021-06-01,"AQ Elite","Atliq Exclusive",India,27
2021-06-01,"AQ Elite","Atliq Exclusive",India,40
2021-06-01,"AQ Elite","Atliq Exclusive",India,7
2021-06-01,"AQ Elite","Atliq Exclusive",India,30
2021-06-01,"AQ Elite","Atliq Exclusive",India,9
2021-06-01,"AQ Elite","Atliq Exclusive",India,34
2021-06-01,"AQ Elite","Atliq Exclusive",India,28
2021-06-01,"AQ Gen X","Atliq Exclusive",India,22
2021-06-01,"AQ Gen X","Atliq Exclusive",India,17
2021-06-01,"AQ Gen X","Atliq Exclusive",India,17
2021-06-01,"AQ Gen X","Atliq Exclusive",India,34
2021-06-01,"AQ Gen X","Atliq Exclusive",India,15
2021-06-01,"AQ Gen X","Atliq Exclusive",India,10
2021-06-01,"AQ Gen X","Atliq Exclusive",India,24
2021-06-01,"AQ Gen X","Atliq Exclusive",India,7
2021-06-01,"AQ Gen Y","Atliq Exclusive",India,39
2021-06-01,"AQ Gen Y","Atliq Exclusive",India,37
2021-06-01,"AQ Gen Y","Atliq Exclusive",India,9
2021-06-01,"AQ Gen Y","Atliq Exclusive",India,22
2021-06-01,"AQ Gen Y","Atliq Exclusive",India,17
2021-06-01,"AQ Gen Y","Atliq Exclusive",India,34
2021-06-01,"AQ Gen Y","Atliq Exclusive",India,34
2021-06-01,"AQ Gen Y","Atliq Exclusive",India,17
2021-06-01,"AQ GEN Z","Atliq Exclusive",India,28
2021-06-01,"AQ GEN Z","Atliq Exclusive",India,11
2021-06-01,"AQ GEN Z","Atliq Exclusive",India,21
2021-06-01,"AQ GEN Z","Atliq Exclusive",India,40
2021-06-01,"AQ GEN Z","Atliq Exclusive",India,24
2021-06-01,"AQ BZ 101","Atliq Exclusive",India,11
2021-06-01,"AQ BZ 101","Atliq Exclusive",India,18
2021-06-01,"AQ BZ 101","Atliq Exclusive",India,27
2021-06-01,"AQ BZ 101","Atliq Exclusive",India,15
2021-06-01,"AQ BZ Compact","Atliq Exclusive",India,22
2021-06-01,"AQ BZ Compact","Atliq Exclusive",India,8
2021-06-01,"AQ BZ Compact","Atliq Exclusive",India,10
2021-06-01,"AQ BZ Compact","Atliq Exclusive",India,10
2021-06-01,"AQ BZ Compact","Atliq Exclusive",India,24
2021-06-01,"AQ BZ Compact","Atliq Exclusive",India,15
2021-06-01,"AQ BZ Compact","Atliq Exclusive",India,7
2021-06-01,"AQ BZ Compact","Atliq Exclusive",India,15
2021-06-01,"AQ BZ Gen Y","Atliq Exclusive",India,6
2021-06-01,"AQ BZ Gen Y","Atliq Exclusive",India,8
2021-06-01,"AQ BZ Gen Y","Atliq Exclusive",India,20
2021-06-01,"AQ BZ Gen Y","Atliq Exclusive",India,19
2021-06-01,"AQ BZ Gen Y","Atliq Exclusive",India,22
2021-06-01,"AQ BZ Gen Y","Atliq Exclusive",India,16
2021-06-01,"AQ BZ Gen Y","Atliq Exclusive",India,5
2021-06-01,"AQ BZ Gen Z","Atliq Exclusive",India,6
2021-06-01,"AQ BZ Gen Z","Atliq Exclusive",India,17
2021-06-01,"AQ BZ Gen Z","Atliq Exclusive",India,7
2021-06-01,"AQ BZ Gen Z","Atliq Exclusive",India,16
2021-06-01,"AQ BZ Gen Z","Atliq Exclusive",India,6
2021-06-01,"AQ BZ Gen Z","Atliq Exclusive",India,6
2021-06-01,"AQ BZ Gen Z","Atliq Exclusive",India,23
2021-06-01,"AQ Gamer 1","Atliq Exclusive",India,17
2021-06-01,"AQ Gamer 1","Atliq Exclusive",India,11
2021-06-01,"AQ Gamer 1","Atliq Exclusive",India,10
2021-06-01,"AQ Gamer 1","Atliq Exclusive",India,15
2021-06-01,"AQ Gamer 1","Atliq Exclusive",India,16
2021-06-01,"AQ Gamer 1","Atliq Exclusive",India,3
2021-06-01,"AQ Gamer 2","Atliq Exclusive",India,15
2021-06-01,"AQ Gamer 2","Atliq Exclusive",India,7
2021-06-01,"AQ Gamer 2","Atliq Exclusive",India,8
2021-06-01,"AQ Gamer 2","Atliq Exclusive",India,12
2021-06-01,"AQ Gamer 2","Atliq Exclusive",India,11
2021-06-01,"AQ Gamer 2","Atliq Exclusive",India,10
2021-06-01,"AQ Gamer 2","Atliq Exclusive",India,10
2021-06-01,"AQ Gamer 2","Atliq Exclusive",India,7
2021-06-01,"AQ Gamer 3","Atliq Exclusive",India,4
2021-06-01,"AQ Gamer 3","Atliq Exclusive",India,14
2021-06-01,"AQ Gamer 3","Atliq Exclusive",India,13
2021-06-01,"AQ Gamer 3","Atliq Exclusive",India,6
2021-06-01,"AQ Gamer 3","Atliq Exclusive",India,16
2021-06-01,"AQ Gamer 3","Atliq Exclusive",India,7
2021-06-01,"AQ Gamer 3","Atliq Exclusive",India,16
2021-06-01,"AQ Gamer 3","Atliq Exclusive",India,9
2021-06-01,"AQ Smash 1","Atliq Exclusive",India,14
2021-06-01,"AQ Smash 1","Atliq Exclusive",India,7
2021-06-01,"AQ Smash 1","Atliq Exclusive",India,11
2021-06-01,"AQ Smash 1","Atliq Exclusive",India,16
2021-06-01,"AQ Smash 1","Atliq Exclusive",India,3
2021-06-01,"AQ Smash 1","Atliq Exclusive",India,16
2021-06-01,"AQ Smash 1","Atliq Exclusive",India,12
2021-06-01,"AQ Smash 1","Atliq Exclusive",India,14
2021-06-01,"AQ Smash 2","Atliq Exclusive",India,3
2021-06-01,"AQ Smash 2","Atliq Exclusive",India,11
2021-06-01,"AQ Smash 2","Atliq Exclusive",India,12
2021-06-01,"AQ Smash 2","Atliq Exclusive",India,7
2021-06-01,"AQ Smash 2","Atliq Exclusive",India,7
2021-06-01,"AQ Smash 2","Atliq Exclusive",India,12
2021-06-01,"AQ BZ Allin1","Atliq Exclusive",India,10
2021-06-01,"AQ BZ Allin1","Atliq Exclusive",India,10
2021-06-01,"AQ BZ Allin1","Atliq Exclusive",India,23
2021-06-01,"AQ BZ Allin1","Atliq Exclusive",India,19
2021-06-01,"AQ BZ Allin1","Atliq Exclusive",India,12
2021-06-01,"AQ BZ Allin1","Atliq Exclusive",India,13
2021-06-01,"AQ BZ Allin1","Atliq Exclusive",India,21
2021-06-01,"AQ BZ Allin1","Atliq Exclusive",India,6
2021-06-01,"AQ Home Allin1","Atliq Exclusive",India,4
2021-06-01,"AQ Home Allin1","Atliq Exclusive",India,3
2021-06-01,"AQ Home Allin1","Atliq Exclusive",India,4
2021-06-01,"AQ Home Allin1","Atliq Exclusive",India,2
2021-06-01,"AQ Home Allin1","Atliq Exclusive",India,4
2021-06-01,"AQ Home Allin1","Atliq Exclusive",India,3
2021-06-01,"AQ Home Allin1","Atliq Exclusive",India,3
2021-06-01,"AQ Home Allin1","Atliq Exclusive",India,3
2021-06-01,"AQ HOME Allin1 Gen 2","Atliq Exclusive",India,3
2021-06-01,"AQ HOME Allin1 Gen 2","Atliq Exclusive",India,5
2021-06-01,"AQ HOME Allin1 Gen 2","Atliq Exclusive",India,3
2021-06-01,"AQ HOME Allin1 Gen 2","Atliq Exclusive",India,2
2021-06-01,"AQ HOME Allin1 Gen 2","Atliq Exclusive",India,4
2021-06-01,"AQ HOME Allin1 Gen 2","Atliq Exclusive",India,1
2021-06-01,"AQ Digit SSD","Atliq Exclusive",India,1021
2021-06-01,"AQ Digit SSD","Atliq Exclusive",India,782
2021-06-01,"AQ Digit SSD","Atliq Exclusive",India,179
2021-06-01,"AQ Neuer SSD","Atliq Exclusive",India,152
2021-06-01,"AQ Neuer SSD","Atliq Exclusive",India,547
2021-06-01,"AQ Neuer SSD","Atliq Exclusive",India,189
2021-06-01,"AQ Clx1","Atliq Exclusive",India,505
2021-06-01,"AQ Clx1","Atliq Exclusive",India,557
2021-06-01,"AQ Clx1","Atliq Exclusive",India,183
2021-06-01,"AQ Clx2","Atliq Exclusive",India,225
2021-06-01,"AQ Clx2","Atliq Exclusive",India,628
2021-06-01,"AQ Clx2","Atliq Exclusive",India,587
2021-06-01,"AQ Clx3","Atliq Exclusive",India,670
2021-06-01,"AQ Pen Drive 2 IN 1","Atliq Exclusive",India,507
2021-06-01,"AQ Pen Drive DRC","Atliq Exclusive",India,334
2021-06-01,"AQ Pen Drive DRC","Atliq Exclusive",India,1243
2021-06-01,"AQ Pen Drive DRC","Atliq Exclusive",India,306
2021-06-01,"AQ Wi Power Dx1","Atliq Exclusive",India,199
2021-06-01,"AQ Wi Power Dx1","Atliq Exclusive",India,79
2021-06-01,"AQ Wi Power Dx1","Atliq Exclusive",India,471
2021-06-01,"AQ Wi Power Dx2","Atliq Exclusive",India,367
2021-06-01,"AQ Wi Power Dx2","Atliq Exclusive",India,415
2021-06-01,"AQ Wi Power Dx2","Atliq Exclusive",India,428
2021-06-01,"AQ Wi Power Dx3","Atliq Exclusive",India,605
2021-06-01,"AQ Wi Power Dx3","Atliq Exclusive",India,636
2021-06-01,"AQ Wi Power Dx3","Atliq Exclusive",India,441
2021-07-01,"AQ Dracula HDD – 3.5 Inch SATA 6 Gb/s 5400 RPM 256 MB Cache","Atliq Exclusive",India,181
2021-07-01,"AQ Dracula HDD – 3.5 Inch SATA 6 Gb/s 5400 RPM 256 MB Cache","Atliq Exclusive",India,39
2021-07-01,"AQ Dracula HDD – 3.5 Inch SATA 6 Gb/s 5400 RPM 256 MB Cache","Atliq Exclusive",India,244
2021-07-01,"AQ Dracula HDD – 3.5 Inch SATA 6 Gb/s 5400 RPM 256 MB Cache","Atliq Exclusive",India,206
2021-07-01,"AQ Dracula HDD – 3.5 Inch SATA 6 Gb/s 5400 RPM 256 MB Cache","Atliq Exclusive",India,47
2021-07-01,"AQ Dracula HDD – 3.5 Inch SATA 6 Gb/s 5400 RPM 256 MB Cache","Atliq Exclusive",India,201
2021-07-01,"AQ Dracula HDD – 3.5 Inch SATA 6 Gb/s 5400 RPM 256 MB Cache","Atliq Exclusive",India,183
2021-07-01,"AQ Dracula HDD – 3.5 Inch SATA 6 Gb/s 5400 RPM 256 MB Cache","Atliq Exclusive",India,25
2021-07-01,"AQ WereWolf NAS Internal Hard Drive HDD – 8.89 cm","Atliq Exclusive",India,182
2021-07-01,"AQ WereWolf NAS Internal Hard Drive HDD – 8.89 cm","Atliq Exclusive",India,45
2021-07-01,"AQ WereWolf NAS Internal Hard Drive HDD – 8.89 cm","Atliq Exclusive",India,98
2021-07-01,"AQ WereWolf NAS Internal Hard Drive HDD – 8.89 cm","Atliq Exclusive",India,48
2021-07-01,"AQ WereWolf NAS Internal Hard Drive HDD – 8.89 cm","Atliq Exclusive",India,173
2021-07-01,"AQ WereWolf NAS Internal Hard Drive HDD – 8.89 cm","Atliq Exclusive",India,181
2021-07-01,"AQ Zion Saga","Atliq Exclusive",India,29
2021-07-01,"AQ Zion Saga","Atliq Exclusive",India,146
2021-07-01,"AQ Zion Saga","Atliq Exclusive",India,208
2021-07-01,"AQ Zion Saga","Atliq Exclusive",India,59
2021-07-01,"AQ Zion Saga","Atliq Exclusive",India,153
2021-07-01,"AQ Zion Saga","Atliq Exclusive",India,84
2021-07-01,"AQ Mforce Gen X","Atliq Exclusive",India,114
2021-07-01,"AQ Mforce Gen X","Atliq Exclusive",India,129
2021-07-01,"AQ Mforce Gen X","Atliq Exclusive",India,71
2021-07-01,"AQ Mforce Gen X","Atliq Exclusive",India,152
2021-07-01,"AQ Mforce Gen X","Atliq Exclusive",India,96
2021-07-01,"AQ Mforce Gen X","Atliq Exclusive",India,142
2021-07-01,"AQ Mforce Gen X","Atliq Exclusive",India,26
2021-07-01,"AQ Mforce Gen X","Atliq Exclusive",India,54
2021-07-01,"AQ Mforce Gen Y","Atliq Exclusive",India,61
2021-07-01,"AQ Mforce Gen Y","Atliq Exclusive",India,40
2021-07-01,"AQ Mforce Gen Y","Atliq Exclusive",India,148
2021-07-01,"AQ Mforce Gen Y","Atliq Exclusive",India,89
2021-07-01,"AQ Mforce Gen Y","Atliq Exclusive",India,85
2021-07-01,"AQ Mforce Gen Y","Atliq Exclusive",India,154
2021-07-01,"AQ Mforce Gen Y","Atliq Exclusive",India,79
2021-07-01,"AQ Mforce Gen Y","Atliq Exclusive",India,30
2021-07-01,"AQ Mforce Gen Y","Atliq Exclusive",India,91
2021-07-01,"AQ Mforce Gen Y","Atliq Exclusive",India,137
2021-07-01,"AQ Mforce Gen Y","Atliq Exclusive",India,181
2021-07-01,"AQ Mforce Gen Y","Atliq Exclusive",India,196
2021-07-01,"AQ Mforce Gen Y","Atliq Exclusive",India,139
2021-07-01,"AQ Mforce Gen Y","Atliq Exclusive",India,86
2021-07-01,"AQ Mforce Gen Y","Atliq Exclusive",India,115
2021-07-01,"AQ Mforce Gen Y","Atliq Exclusive",India,68
2021-07-01,"AQ Mforce Gen Z","Atliq Exclusive",India,151
2021-07-01,"AQ Mforce Gen Z","Atliq Exclusive",India,187
2021-07-01,"AQ Mforce Gen Z","Atliq Exclusive",India,69
2021-07-01,"AQ Mforce Gen Z","Atliq Exclusive",India,166
2021-07-01,"AQ Mforce Gen Z","Atliq Exclusive",India,190
2021-07-01,"AQ Mforce Gen Z","Atliq Exclusive",India,36
2021-07-01,"AQ Mforce Gen Z","Atliq Exclusive",India,197
2021-07-01,"AQ Mforce Gen Z","Atliq Exclusive",India,179
2021-07-01,"AQ Mforce Gen Z","Atliq Exclusive",India,72
2021-07-01,"AQ Mforce Gen Z","Atliq Exclusive",India,139
2021-07-01,"AQ Mforce Gen Z","Atliq Exclusive",India,56
2021-07-01,"AQ Mforce Gen Z","Atliq Exclusive",India,35
2021-07-01,"AQ Mforce Gen Z","Atliq Exclusive",India,170
2021-07-01,"AQ Mforce Gen Z","Atliq Exclusive",India,146
2021-07-01,"AQ Mforce Gen Z","Atliq Exclusive",India,112
2021-07-01,"AQ Mforce Gen Z","Atliq Exclusive",India,54
2021-07-01,"AQ GT 21","Atliq Exclusive",India,161
2021-07-01,"AQ GT 21","Atliq Exclusive",India,196
2021-07-01,"AQ GT 21","Atliq Exclusive",India,35
2021-07-01,"AQ GT 21","Atliq Exclusive",India,30
2021-07-01,"AQ GT 21","Atliq Exclusive",India,143
2021-07-01,"AQ GT 21","Atliq Exclusive",India,156
2021-07-01,"AQ GT 21","Atliq Exclusive",India,141
2021-07-01,"AQ GT 21","Atliq Exclusive",India,160
2021-07-01,"AQ Marquee P3","Atliq Exclusive",India,128
2021-07-01,"AQ Marquee P3","Atliq Exclusive",India,166
2021-07-01,"AQ Marquee P3","Atliq Exclusive",India,119
2021-07-01,"AQ Marquee P3","Atliq Exclusive",India,186
2021-07-01,"AQ Marquee P3","Atliq Exclusive",India,82
2021-07-01,"AQ Marquee P3","Atliq Exclusive",India,140
2021-07-01,"AQ Marquee P3","Atliq Exclusive",India,63
2021-07-01,"AQ Marquee P3","Atliq Exclusive",India,151
2021-07-01,"AQ Marquee P4","Atliq Exclusive",India,120
2021-07-01,"AQ Marquee P4","Atliq Exclusive",India,197
2021-07-01,"AQ 5000 Series Electron 9 5900X Desktop Processor","Atliq Exclusive",India,165
2021-07-01,"AQ 5000 Series Electron 9 5900X Desktop Processor","Atliq Exclusive",India,155
2021-07-01,"AQ 5000 Series Electron 9 5900X Desktop Processor","Atliq Exclusive",India,93
2021-07-01,"AQ 5000 Series Electron 9 5900X Desktop Processor","Atliq Exclusive",India,165
2021-07-01,"AQ 5000 Series Electron 9 5900X Desktop Processor","Atliq Exclusive",India,147
2021-07-01,"AQ 5000 Series Electron 9 5900X Desktop Processor","Atliq Exclusive",India,59
2021-07-01,"AQ 5000 Series Electron 8 5900X Desktop Processor","Atliq Exclusive",India,69
2021-07-01,"AQ 5000 Series Electron 8 5900X Desktop Processor","Atliq Exclusive",India,83
2021-07-01,"AQ 5000 Series Electron 8 5900X Desktop Processor","Atliq Exclusive",India,54
2021-07-01,"AQ 5000 Series Electron 8 5900X Desktop Processor","Atliq Exclusive",India,94
2021-07-01,"AQ 5000 Series Electron 8 5900X Desktop Processor","Atliq Exclusive",India,205
2021-07-01,"AQ 5000 Series Electron 8 5900X Desktop Processor","Atliq Exclusive",India,185
2021-07-01,"AQ 5000 Series Ultron 8 5900X Desktop Processor","Atliq Exclusive",India,165
2021-07-01,"AQ 5000 Series Ultron 8 5900X Desktop Processor","Atliq Exclusive",India,102
2021-07-01,"AQ 5000 Series Ultron 8 5900X Desktop Processor","Atliq Exclusive",India,57
2021-07-01,"AQ 5000 Series Ultron 8 5900X Desktop Processor","Atliq Exclusive",India,82
2021-07-01,"AQ 5000 Series Ultron 8 5900X Desktop Processor","Atliq Exclusive",India,65
2021-07-01,"AQ 5000 Series Ultron 8 5900X Desktop Processor","Atliq Exclusive",India,124
2021-07-01,"AQ Electron 5 3600 Desktop Processor","Atliq Exclusive",India,50
2021-07-01,"AQ Electron 5 3600 Desktop Processor","Atliq Exclusive",India,37
2021-07-01,"AQ Electron 5 3600 Desktop Processor","Atliq Exclusive",India,97
2021-07-01,"AQ Electron 5 3600 Desktop Processor","Atliq Exclusive",India,32
2021-07-01,"AQ Electron 5 3600 Desktop Processor","Atliq Exclusive",India,191
2021-07-01,"AQ Electron 5 3600 Desktop Processor","Atliq Exclusive",India,188
2021-07-01,"AQ Electron 4 3600 Desktop Processor","Atliq Exclusive",India,31
2021-07-01,"AQ Electron 4 3600 Desktop Processor","Atliq Exclusive",India,75
2021-07-01,"AQ Electron 4 3600 Desktop Processor","Atliq Exclusive",India,35
2021-07-01,"AQ Electron 4 3600 Desktop Processor","Atliq Exclusive",India,46
2021-07-01,"AQ Electron 4 3600 Desktop Processor","Atliq Exclusive",India,156
2021-07-01,"AQ Electron 4 3600 Desktop Processor","Atliq Exclusive",India,200
2021-07-01,"AQ Electron 3 3600 Desktop Processor","Atliq Exclusive",India,89
2021-07-01,"AQ Electron 3 3600 Desktop Processor","Atliq Exclusive",India,54
2021-07-01,"AQ Electron 3 3600 Desktop Processor","Atliq Exclusive",India,158
2021-07-01,"AQ Electron 3 3600 Desktop Processor","Atliq Exclusive",India,62
2021-07-01,"AQ MB Elite","Atliq Exclusive",India,50
2021-07-01,"AQ MB Elite","Atliq Exclusive",India,97
2021-07-01,"AQ MB Elite","Atliq Exclusive",India,123
2021-07-01,"AQ MB Elite","Atliq Exclusive",India,58
2021-07-01,"AQ MB Elite","Atliq Exclusive",India,134
2021-07-01,"AQ MB Elite","Atliq Exclusive",India,125
2021-07-01,"AQ MB Elite","Atliq Exclusive",India,123
2021-07-01,"AQ MB Elite","Atliq Exclusive",India,22
2021-07-01,"AQ MB Crossx","Atliq Exclusive",India,115
2021-07-01,"AQ MB Crossx","Atliq Exclusive",India,44
2021-07-01,"AQ MB Crossx","Atliq Exclusive",India,79
2021-07-01,"AQ MB Crossx","Atliq Exclusive",India,77
2021-07-01,"AQ MB Crossx","Atliq Exclusive",India,83
2021-07-01,"AQ MB Crossx","Atliq Exclusive",India,50
2021-07-01,"AQ MB Crossx","Atliq Exclusive",India,45
2021-07-01,"AQ MB Crossx","Atliq Exclusive",India,59
2021-07-01,"AQ MB Crossx 2","Atliq Exclusive",India,42
2021-07-01,"AQ MB Crossx 2","Atliq Exclusive",India,98
2021-07-01,"AQ MB Crossx 2","Atliq Exclusive",India,69
2021-07-01,"AQ MB Crossx 2","Atliq Exclusive",India,81
2021-07-01,"AQ MB Crossx 2","Atliq Exclusive",India,102
2021-07-01,"AQ MB Crossx 2","Atliq Exclusive",India,16
2021-07-01,"AQ MB Crossx 2","Atliq Exclusive",India,35
2021-07-01,"AQ MB Crossx 2","Atliq Exclusive",India,30
2021-07-01,"AQ MB Lito","Atliq Exclusive",India,15
2021-07-01,"AQ MB Lito","Atliq Exclusive",India,99
2021-07-01,"AQ MB Lito","Atliq Exclusive",India,74
2021-07-01,"AQ MB Lito","Atliq Exclusive",India,111
2021-07-01,"AQ MB Lito","Atliq Exclusive",India,138
2021-07-01,"AQ MB Lito","Atliq Exclusive",India,40
2021-07-01,"AQ MB Lito","Atliq Exclusive",India,127
2021-07-01,"AQ MB Lito","Atliq Exclusive",India,81
2021-07-01,"AQ MB Lito 2","Atliq Exclusive",India,64
2021-07-01,"AQ MB Lito 2","Atliq Exclusive",India,114
2021-07-01,"AQ MB Lito 2","Atliq Exclusive",India,43
2021-07-01,"AQ MB Lito 2","Atliq Exclusive",India,92
2021-07-01,"AQ MB Lito 2","Atliq Exclusive",India,53
2021-07-01,"AQ MB Lito 2","Atliq Exclusive",India,24
2021-07-01,"AQ Master wired x1 Ms","Atliq Exclusive",India,198
2021-07-01,"AQ Master wired x1 Ms","Atliq Exclusive",India,882
2021-07-01,"AQ Master wired x1 Ms","Atliq Exclusive",India,443
2021-07-01,"AQ Master wired x1 Ms","Atliq Exclusive",India,279
2021-07-01,"AQ Master wired x1 Ms","Atliq Exclusive",India,543
2021-07-01,"AQ Master wired x1 Ms","Atliq Exclusive",India,838
2021-07-01,"AQ Master wired x1 Ms","Atliq Exclusive",India,503
2021-07-01,"AQ Master wired x1 Ms","Atliq Exclusive",India,907
2021-07-01,"AQ Master wired x1 Ms","Atliq Exclusive",India,738
2021-07-01,"AQ Master wired x1 Ms","Atliq Exclusive",India,946
2021-07-01,"AQ Master wired x1 Ms","Atliq Exclusive",India,878
2021-07-01,"AQ Master wired x1 Ms","Atliq Exclusive",India,179
2021-07-01,"AQ Master wireless x1 Ms","Atliq Exclusive",India,557
2021-07-01,"AQ Master wireless x1 Ms","Atliq Exclusive",India,543
2021-07-01,"AQ Master wireless x1 Ms","Atliq Exclusive",India,123
2021-07-01,"AQ Master wireless x1 Ms","Atliq Exclusive",India,761
2021-07-01,"AQ Master wireless x1 Ms","Atliq Exclusive",India,358
2021-07-01,"AQ Master wireless x1 Ms","Atliq Exclusive",India,753
2021-07-01,"AQ Master wireless x1 Ms","Atliq Exclusive",India,736
2021-07-01,"AQ Master wireless x1 Ms","Atliq Exclusive",India,508
2021-07-01,"AQ Master wireless x1 Ms","Atliq Exclusive",India,406
2021-07-01,"AQ Master wireless x1 Ms","Atliq Exclusive",India,998
2021-07-01,"AQ Master wireless x1 Ms","Atliq Exclusive",India,782
2021-07-01,"AQ Master wireless x1 Ms","Atliq Exclusive",India,749
2021-07-01,"AQ Gamers Ms","Atliq Exclusive",India,327
2021-07-01,"AQ Gamers Ms","Atliq Exclusive",India,593
2021-07-01,"AQ Gamers Ms","Atliq Exclusive",India,435
2021-07-01,"AQ Gamers Ms","Atliq Exclusive",India,322
2021-07-01,"AQ Gamers Ms","Atliq Exclusive",India,360
2021-07-01,"AQ Gamers Ms","Atliq Exclusive",India,705
2021-07-01,"AQ Gamers Ms","Atliq Exclusive",India,364
2021-07-01,"AQ Gamers Ms","Atliq Exclusive",India,718
2021-07-01,"AQ Gamers Ms","Atliq Exclusive",India,499
2021-07-01,"AQ Gamers Ms","Atliq Exclusive",India,433
2021-07-01,"AQ Gamers Ms","Atliq Exclusive",India,200
2021-07-01,"AQ Gamers Ms","Atliq Exclusive",India,919
2021-07-01,"AQ Lite Ms","Atliq Exclusive",India,189
2021-07-01,"AQ Lite Ms","Atliq Exclusive",India,499
2021-07-01,"AQ Lite Ms","Atliq Exclusive",India,406
2021-07-01,"AQ Lite Ms","Atliq Exclusive",India,967
2021-07-01,"AQ Lite Ms","Atliq Exclusive",India,485
2021-07-01,"AQ Lite Ms","Atliq Exclusive",India,501
2021-07-01,"AQ Lite Ms","Atliq Exclusive",India,880
2021-07-01,"AQ Lite Ms","Atliq Exclusive",India,951
2021-07-01,"AQ Lite Ms","Atliq Exclusive",India,241
2021-07-01,"AQ Lite Ms","Atliq Exclusive",India,784
2021-07-01,"AQ Lite Ms","Atliq Exclusive",India,838
2021-07-01,"AQ Lite Ms","Atliq Exclusive",India,426
2021-07-01,"AQ Maxima Ms","Atliq Exclusive",India,530
2021-07-01,"AQ Maxima Ms","Atliq Exclusive",India,757
2021-07-01,"AQ Maxima Ms","Atliq Exclusive",India,655
2021-07-01,"AQ Maxima Ms","Atliq Exclusive",India,574
2021-07-01,"AQ Maxima Ms","Atliq Exclusive",India,456
2021-07-01,"AQ Maxima Ms","Atliq Exclusive",India,934
2021-07-01,"AQ Maxima Ms","Atliq Exclusive",India,125
2021-07-01,"AQ Maxima Ms","Atliq Exclusive",India,428
2021-07-01,"AQ Maxima Ms","Atliq Exclusive",India,813
2021-07-01,"AQ Maxima Ms","Atliq Exclusive",India,327
2021-07-01,"AQ Maxima Ms","Atliq Exclusive",India,287
2021-07-01,"AQ Maxima Ms","Atliq Exclusive",India,510
2021-07-01,"AQ Qwerty Ms","Atliq Exclusive",India,605
2021-07-01,"AQ Qwerty Ms","Atliq Exclusive",India,196
2021-07-01,"AQ Qwerty Ms","Atliq Exclusive",India,376
2021-07-01,"AQ Qwerty Ms","Atliq Exclusive",India,458
2021-07-01,"AQ Qwerty Ms","Atliq Exclusive",India,570
2021-07-01,"AQ Qwerty Ms","Atliq Exclusive",India,505
2021-07-01,"AQ Qwerty Ms","Atliq Exclusive",India,628
2021-07-01,"AQ Qwerty Ms","Atliq Exclusive",India,470
2021-07-01,"AQ Qwerty Ms","Atliq Exclusive",India,104
2021-07-01,"AQ Qwerty Ms","Atliq Exclusive",India,458
2021-07-01,"AQ Qwerty Ms","Atliq Exclusive",India,383
2021-07-01,"AQ Qwerty Ms","Atliq Exclusive",India,395
2021-07-01,"AQ Trigger Ms","Atliq Exclusive",India,817
2021-07-01,"AQ Trigger Ms","Atliq Exclusive",India,487
2021-07-01,"AQ Trigger Ms","Atliq Exclusive",India,137
2021-07-01,"AQ Trigger Ms","Atliq Exclusive",India,674
2021-07-01,"AQ Trigger Ms","Atliq Exclusive",India,1013
2021-07-01,"AQ Trigger Ms","Atliq Exclusive",India,603
2021-07-01,"AQ Trigger Ms","Atliq Exclusive",India,618
2021-07-01,"AQ Trigger Ms","Atliq Exclusive",India,460
2021-07-01,"AQ Trigger Ms","Atliq Exclusive",India,166
2021-07-01,"AQ Trigger Ms","Atliq Exclusive",India,366
2021-07-01,"AQ Trigger Ms","Atliq Exclusive",India,961
2021-07-01,"AQ Trigger Ms","Atliq Exclusive",India,524
2021-07-01,"AQ Lumina Ms","Atliq Exclusive",India,697
2021-07-01,"AQ Lumina Ms","Atliq Exclusive",India,372
2021-07-01,"AQ Master wired x1","Atliq Exclusive",India,422
2021-07-01,"AQ Master wired x1","Atliq Exclusive",India,229
2021-07-01,"AQ Master wired x1","Atliq Exclusive",India,433
2021-07-01,"AQ Master wired x1","Atliq Exclusive",India,428
2021-07-01,"AQ Master wired x1","Atliq Exclusive",India,715
2021-07-01,"AQ Master wired x1","Atliq Exclusive",India,803
2021-07-01,"AQ Master wired x1","Atliq Exclusive",India,241
2021-07-01,"AQ Master wired x1","Atliq Exclusive",India,415
2021-07-01,"AQ Master wired x1","Atliq Exclusive",India,591
2021-07-01,"AQ Master wired x1","Atliq Exclusive",India,630
2021-07-01,"AQ Master wired x1","Atliq Exclusive",India,797
2021-07-01,"AQ Master wired x1","Atliq Exclusive",India,97
2021-07-01,"AQ Master wireless x1","Atliq Exclusive",India,151
2021-07-01,"AQ Master wireless x1","Atliq Exclusive",India,854
2021-07-01,"AQ Master wireless x1","Atliq Exclusive",India,744
2021-07-01,"AQ Master wireless x1","Atliq Exclusive",India,727
2021-07-01,"AQ Master wireless x1","Atliq Exclusive",India,774
2021-07-01,"AQ Master wireless x1","Atliq Exclusive",India,799
2021-07-01,"AQ Master wireless x1","Atliq Exclusive",India,549
2021-07-01,"AQ Master wireless x1","Atliq Exclusive",India,671
2021-07-01,"AQ Master wireless x1","Atliq Exclusive",India,665
2021-07-01,"AQ Master wireless x1","Atliq Exclusive",India,329
2021-07-01,"AQ Master wireless x1","Atliq Exclusive",India,387
2021-07-01,"AQ Master wireless x1","Atliq Exclusive",India,845
2021-07-01,"AQ Gamers ","Atliq Exclusive",India,778
2021-07-01,"AQ Gamers ","Atliq Exclusive",India,155
2021-07-01,"AQ Gamers ","Atliq Exclusive",India,716
2021-07-01,"AQ Gamers ","Atliq Exclusive",India,357
2021-07-01,"AQ Gamers ","Atliq Exclusive",India,269
2021-07-01,"AQ Gamers ","Atliq Exclusive",India,99
2021-07-01,"AQ Gamers ","Atliq Exclusive",India,709
2021-07-01,"AQ Gamers ","Atliq Exclusive",India,459
2021-07-01,"AQ Gamers ","Atliq Exclusive",India,436
2021-07-01,"AQ Gamers ","Atliq Exclusive",India,841
2021-07-01,"AQ Gamers ","Atliq Exclusive",India,273
2021-07-01,"AQ Gamers ","Atliq Exclusive",India,753
2021-07-01,"AQ Lite","Atliq Exclusive",India,290
2021-07-01,"AQ Lite","Atliq Exclusive",India,114
2021-07-01,"AQ Lite","Atliq Exclusive",India,114
2021-07-01,"AQ Lite","Atliq Exclusive",India,202
2021-07-01,"AQ Lite","Atliq Exclusive",India,834
2021-07-01,"AQ Lite","Atliq Exclusive",India,715
2021-07-01,"AQ Lite","Atliq Exclusive",India,741
2021-07-01,"AQ Lite","Atliq Exclusive",India,718
2021-07-01,"AQ Lite","Atliq Exclusive",India,118
2021-07-01,"AQ Lite","Atliq Exclusive",India,822
2021-07-01,"AQ Lite","Atliq Exclusive",India,310
2021-07-01,"AQ Lite","Atliq Exclusive",India,398
2021-07-01,"AQ Maxima","Atliq Exclusive",India,408
2021-07-01,"AQ Maxima","Atliq Exclusive",India,688
2021-07-01,"AQ Maxima","Atliq Exclusive",India,509
2021-07-01,"AQ Maxima","Atliq Exclusive",India,642
2021-07-01,"AQ Maxima","Atliq Exclusive",India,326
2021-07-01,"AQ Maxima","Atliq Exclusive",India,148
2021-07-01,"AQ Maxima","Atliq Exclusive",India,253
2021-07-01,"AQ Maxima","Atliq Exclusive",India,669
2021-07-01,"AQ Maxima","Atliq Exclusive",India,739
2021-07-01,"AQ Maxima","Atliq Exclusive",India,583
2021-07-01,"AQ Maxima","Atliq Exclusive",India,340
2021-07-01,"AQ Maxima","Atliq Exclusive",India,579
2021-07-01,"AQ Qwerty","Atliq Exclusive",India,581
2021-07-01,"AQ Qwerty","Atliq Exclusive",India,408
2021-07-01,"AQ Qwerty","Atliq Exclusive",India,139
2021-07-01,"AQ Qwerty","Atliq Exclusive",India,848
2021-07-01,"AQ Qwerty","Atliq Exclusive",India,676
2021-07-01,"AQ Qwerty","Atliq Exclusive",India,715
2021-07-01,"AQ Qwerty","Atliq Exclusive",India,685
2021-07-01,"AQ Qwerty","Atliq Exclusive",India,787
2021-07-01,"AQ Qwerty","Atliq Exclusive",India,509
2021-07-01,"AQ Qwerty","Atliq Exclusive",India,456
2021-07-01,"AQ Qwerty","Atliq Exclusive",India,607
2021-07-01,"AQ Qwerty","Atliq Exclusive",India,734
2021-07-01,"AQ Trigger","Atliq Exclusive",India,780
2021-07-01,"AQ Trigger","Atliq Exclusive",India,229
2021-07-01,"AQ Trigger","Atliq Exclusive",India,181
2021-07-01,"AQ Trigger","Atliq Exclusive",India,113
2021-07-01,"AQ Trigger","Atliq Exclusive",India,357
2021-07-01,"AQ Trigger","Atliq Exclusive",India,280
2021-07-01,"AQ Trigger","Atliq Exclusive",India,118
2021-07-01,"AQ Trigger","Atliq Exclusive",India,236
2021-07-01,"AQ Trigger","Atliq Exclusive",India,540
2021-07-01,"AQ Trigger","Atliq Exclusive",India,245
2021-07-01,"AQ LION x1","Atliq Exclusive",India,47
2021-07-01,"AQ LION x1","Atliq Exclusive",India,56
2021-07-01,"AQ LION x1","Atliq Exclusive",India,25
2021-07-01,"AQ LION x1","Atliq Exclusive",India,76
2021-07-01,"AQ LION x1","Atliq Exclusive",India,23
2021-07-01,"AQ LION x1","Atliq Exclusive",India,11
2021-07-01,"AQ LION x1","Atliq Exclusive",India,41
2021-07-01,"AQ LION x1","Atliq Exclusive",India,42
2021-07-01,"AQ LION x2","Atliq Exclusive",India,52
2021-07-01,"AQ LION x2","Atliq Exclusive",India,80
2021-07-01,"AQ LION x2","Atliq Exclusive",India,33
2021-07-01,"AQ LION x2","Atliq Exclusive",India,55
2021-07-01,"AQ LION x2","Atliq Exclusive",India,47
2021-07-01,"AQ LION x2","Atliq Exclusive",India,48
2021-07-01,"AQ LION x2","Atliq Exclusive",India,42
2021-07-01,"AQ LION x2","Atliq Exclusive",India,18
2021-07-01,"AQ LION x2","Atliq Exclusive",India,34
2021-07-01,"AQ LION x2","Atliq Exclusive",India,35
2021-07-01,"AQ LION x3","Atliq Exclusive",India,13
2021-07-01,"AQ LION x3","Atliq Exclusive",India,36
2021-07-01,"AQ LION x3","Atliq Exclusive",India,16
2021-07-01,"AQ LION x3","Atliq Exclusive",India,76
2021-07-01,"AQ LION x3","Atliq Exclusive",India,19
2021-07-01,"AQ LION x3","Atliq Exclusive",India,84
2021-07-01,"AQ LION x3","Atliq Exclusive",India,24
2021-07-01,"AQ LION x3","Atliq Exclusive",India,60
2021-07-01,"AQ LION x3","Atliq Exclusive",India,73
2021-07-01,"AQ LION x3","Atliq Exclusive",India,74
2021-07-01,"AQ Mx NB","Atliq Exclusive",India,82
2021-07-01,"AQ Mx NB","Atliq Exclusive",India,18
2021-07-01,"AQ Mx NB","Atliq Exclusive",India,21
2021-07-01,"AQ Mx NB","Atliq Exclusive",India,69
2021-07-01,"AQ Mx NB","Atliq Exclusive",India,16
2021-07-01,"AQ Mx NB","Atliq Exclusive",India,32
2021-07-01,"AQ Mx NB","Atliq Exclusive",India,81
2021-07-01,"AQ Mx NB","Atliq Exclusive",India,32
2021-07-01,"AQ Mx NB","Atliq Exclusive",India,11
2021-07-01,"AQ Mx NB","Atliq Exclusive",India,69
2021-07-01,"AQ Aspiron","Atliq Exclusive",India,8
2021-07-01,"AQ Aspiron","Atliq Exclusive",India,27
2021-07-01,"AQ Aspiron","Atliq Exclusive",India,35
2021-07-01,"AQ Aspiron","Atliq Exclusive",India,10
2021-07-01,"AQ Aspiron","Atliq Exclusive",India,8
2021-07-01,"AQ Aspiron","Atliq Exclusive",India,27
2021-07-01,"AQ Digit","Atliq Exclusive",India,11
2021-07-01,"AQ Digit","Atliq Exclusive",India,8
2021-07-01,"AQ Digit","Atliq Exclusive",India,40
2021-07-01,"AQ Digit","Atliq Exclusive",India,12
2021-07-01,"AQ Digit","Atliq Exclusive",India,32
2021-07-01,"AQ Digit","Atliq Exclusive",India,18
2021-07-01,"AQ Digit","Atliq Exclusive",India,13
2021-07-01,"AQ Digit","Atliq Exclusive",India,32
2021-07-01,"AQ Digit","Atliq Exclusive",India,40
2021-07-01,"AQ Digit","Atliq Exclusive",India,29
2021-07-01,"AQ Digit","Atliq Exclusive",India,32
2021-07-01,"AQ Digit","Atliq Exclusive",India,8
2021-07-01,"AQ Digit","Atliq Exclusive",India,7
2021-07-01,"AQ Digit","Atliq Exclusive",India,14
2021-07-01,"AQ Digit","Atliq Exclusive",India,23
2021-07-01,"AQ Digit","Atliq Exclusive",India,28
2021-07-01,"AQ Velocity","Atliq Exclusive",India,35
2021-07-01,"AQ Velocity","Atliq Exclusive",India,9
2021-07-01,"AQ Velocity","Atliq Exclusive",India,17
2021-07-01,"AQ Velocity","Atliq Exclusive",India,11
2021-07-01,"AQ Velocity","Atliq Exclusive",India,11
2021-07-01,"AQ Velocity","Atliq Exclusive",India,26
2021-07-01,"AQ Velocity","Atliq Exclusive",India,8
2021-07-01,"AQ Velocity","Atliq Exclusive",India,18
2021-07-01,"AQ Velocity","Atliq Exclusive",India,40
2021-07-01,"AQ Velocity","Atliq Exclusive",India,34
2021-07-01,"AQ Velocity","Atliq Exclusive",India,17
2021-07-01,"AQ Velocity","Atliq Exclusive",India,13
2021-07-01,"AQ Elite","Atliq Exclusive",India,17
2021-07-01,"AQ Elite","Atliq Exclusive",India,9
2021-07-01,"AQ Elite","Atliq Exclusive",India,16
2021-07-01,"AQ Elite","Atliq Exclusive",India,40
2021-07-01,"AQ Elite","Atliq Exclusive",India,34
2021-07-01,"AQ Elite","Atliq Exclusive",India,28
2021-07-01,"AQ Elite","Atliq Exclusive",India,13
2021-07-01,"AQ Elite","Atliq Exclusive",India,25
2021-07-01,"AQ Elite","Atliq Exclusive",India,36
2021-07-01,"AQ Elite","Atliq Exclusive",India,17
2021-07-01,"AQ Elite","Atliq Exclusive",India,37
2021-07-01,"AQ Elite","Atliq Exclusive",India,9
2021-07-01,"AQ Elite","Atliq Exclusive",India,24
2021-07-01,"AQ Elite","Atliq Exclusive",India,15
2021-07-01,"AQ Elite","Atliq Exclusive",India,22
2021-07-01,"AQ Elite","Atliq Exclusive",India,18
2021-07-01,"AQ Gen X","Atliq Exclusive",India,28
2021-07-01,"AQ Gen X","Atliq Exclusive",India,9
2021-07-01,"AQ Gen X","Atliq Exclusive",India,25
2021-07-01,"AQ Gen X","Atliq Exclusive",India,32
2021-07-01,"AQ Gen X","Atliq Exclusive",India,16
2021-07-01,"AQ Gen X","Atliq Exclusive",India,21
2021-07-01,"AQ Gen X","Atliq Exclusive",India,21
2021-07-01,"AQ Gen X","Atliq Exclusive",India,13
2021-07-01,"AQ Gen X","Atliq Exclusive",India,37
2021-07-01,"AQ Gen X","Atliq Exclusive",India,26
2021-07-01,"AQ Gen X","Atliq Exclusive",India,28
2021-07-01,"AQ Gen X","Atliq Exclusive",India,22
2021-07-01,"AQ Gen X","Atliq Exclusive",India,28
2021-07-01,"AQ Gen X","Atliq Exclusive",India,20
2021-07-01,"AQ Gen X","Atliq Exclusive",India,9
2021-07-01,"AQ Gen X","Atliq Exclusive",India,28
2021-07-01,"AQ Gen Y","Atliq Exclusive",India,36
2021-07-01,"AQ Gen Y","Atliq Exclusive",India,9
2021-07-01,"AQ Gen Y","Atliq Exclusive",India,38
2021-07-01,"AQ Gen Y","Atliq Exclusive",India,10
2021-07-01,"AQ Gen Y","Atliq Exclusive",India,26
2021-07-01,"AQ Gen Y","Atliq Exclusive",India,32
2021-07-01,"AQ Gen Y","Atliq Exclusive",India,36
2021-07-01,"AQ Gen Y","Atliq Exclusive",India,11
2021-07-01,"AQ Gen Y","Atliq Exclusive",India,10
2021-07-01,"AQ Gen Y","Atliq Exclusive",India,17
2021-07-01,"AQ Gen Y","Atliq Exclusive",India,28
2021-07-01,"AQ Gen Y","Atliq Exclusive",India,32
2021-07-01,"AQ Gen Y","Atliq Exclusive",India,35
2021-07-01,"AQ Gen Y","Atliq Exclusive",India,11
2021-07-01,"AQ Gen Y","Atliq Exclusive",India,13
2021-07-01,"AQ Gen Y","Atliq Exclusive",India,8
2021-07-01,"AQ GEN Z","Atliq Exclusive",India,30
2021-07-01,"AQ GEN Z","Atliq Exclusive",India,17
2021-07-01,"AQ GEN Z","Atliq Exclusive",India,35
2021-07-01,"AQ GEN Z","Atliq Exclusive",India,20
2021-07-01,"AQ GEN Z","Atliq Exclusive",India,32
2021-07-01,"AQ GEN Z","Atliq Exclusive",India,30
2021-07-01,"AQ GEN Z","Atliq Exclusive",India,26
2021-07-01,"AQ GEN Z","Atliq Exclusive",India,34
2021-07-01,"AQ GEN Z","Atliq Exclusive",India,28
2021-07-01,"AQ GEN Z","Atliq Exclusive",India,8
2021-07-01,"AQ BZ 101","Atliq Exclusive",India,19
2021-07-01,"AQ BZ 101","Atliq Exclusive",India,26
2021-07-01,"AQ BZ 101","Atliq Exclusive",India,17
2021-07-01,"AQ BZ 101","Atliq Exclusive",India,13
2021-07-01,"AQ BZ 101","Atliq Exclusive",India,21
2021-07-01,"AQ BZ 101","Atliq Exclusive",India,15
2021-07-01,"AQ BZ 101","Atliq Exclusive",India,25
2021-07-01,"AQ BZ 101","Atliq Exclusive",India,9
2021-07-01,"AQ BZ Compact","Atliq Exclusive",India,24
2021-07-01,"AQ BZ Compact","Atliq Exclusive",India,7
2021-07-01,"AQ BZ Compact","Atliq Exclusive",India,12
2021-07-01,"AQ BZ Compact","Atliq Exclusive",India,15
2021-07-01,"AQ BZ Compact","Atliq Exclusive",India,12
2021-07-01,"AQ BZ Compact","Atliq Exclusive",India,15
2021-07-01,"AQ BZ Compact","Atliq Exclusive",India,19
2021-07-01,"AQ BZ Compact","Atliq Exclusive",India,7
2021-07-01,"AQ BZ Compact","Atliq Exclusive",India,8
2021-07-01,"AQ BZ Compact","Atliq Exclusive",India,22
2021-07-01,"AQ BZ Compact","Atliq Exclusive",India,23
2021-07-01,"AQ BZ Compact","Atliq Exclusive",India,8
2021-07-01,"AQ BZ Compact","Atliq Exclusive",India,13
2021-07-01,"AQ BZ Compact","Atliq Exclusive",India,16
2021-07-01,"AQ BZ Compact","Atliq Exclusive",India,12
2021-07-01,"AQ BZ Compact","Atliq Exclusive",India,9
2021-07-01,"AQ BZ Gen Y","Atliq Exclusive",India,10
2021-07-01,"AQ BZ Gen Y","Atliq Exclusive",India,8
2021-07-01,"AQ BZ Gen Y","Atliq Exclusive",India,9
2021-07-01,"AQ BZ Gen Y","Atliq Exclusive",India,13
2021-07-01,"AQ BZ Gen Y","Atliq Exclusive",India,26
2021-07-01,"AQ BZ Gen Y","Atliq Exclusive",India,19
2021-07-01,"AQ BZ Gen Y","Atliq Exclusive",India,20
2021-07-01,"AQ BZ Gen Y","Atliq Exclusive",India,24
2021-07-01,"AQ BZ Gen Y","Atliq Exclusive",India,10
2021-07-01,"AQ BZ Gen Y","Atliq Exclusive",India,24
2021-07-01,"AQ BZ Gen Y","Atliq Exclusive",India,19
2021-07-01,"AQ BZ Gen Y","Atliq Exclusive",India,12
2021-07-01,"AQ BZ Gen Y","Atliq Exclusive",India,14
2021-07-01,"AQ BZ Gen Y","Atliq Exclusive",India,14
2021-07-01,"AQ BZ Gen Z","Atliq Exclusive",India,12
2021-07-01,"AQ BZ Gen Z","Atliq Exclusive",India,7
2021-07-01,"AQ BZ Gen Z","Atliq Exclusive",India,17
2021-07-01,"AQ BZ Gen Z","Atliq Exclusive",India,25
2021-07-01,"AQ BZ Gen Z","Atliq Exclusive",India,23
2021-07-01,"AQ BZ Gen Z","Atliq Exclusive",India,25
2021-07-01,"AQ BZ Gen Z","Atliq Exclusive",India,20
2021-07-01,"AQ BZ Gen Z","Atliq Exclusive",India,26
2021-07-01,"AQ BZ Gen Z","Atliq Exclusive",India,10
2021-07-01,"AQ BZ Gen Z","Atliq Exclusive",India,8
2021-07-01,"AQ BZ Gen Z","Atliq Exclusive",India,13
2021-07-01,"AQ BZ Gen Z","Atliq Exclusive",India,9
2021-07-01,"AQ BZ Gen Z","Atliq Exclusive",India,10
2021-07-01,"AQ BZ Gen Z","Atliq Exclusive",India,17
2021-07-01,"AQ Gamer 1","Atliq Exclusive",India,6
2021-07-01,"AQ Gamer 1","Atliq Exclusive",India,4
2021-07-01,"AQ Gamer 1","Atliq Exclusive",India,13
2021-07-01,"AQ Gamer 1","Atliq Exclusive",India,5
2021-07-01,"AQ Gamer 1","Atliq Exclusive",India,14
2021-07-01,"AQ Gamer 1","Atliq Exclusive",India,7
2021-07-01,"AQ Gamer 1","Atliq Exclusive",India,7
2021-07-01,"AQ Gamer 1","Atliq Exclusive",India,15
2021-07-01,"AQ Gamer 1","Atliq Exclusive",India,12
2021-07-01,"AQ Gamer 1","Atliq Exclusive",India,6
2021-07-01,"AQ Gamer 1","Atliq Exclusive",India,5
2021-07-01,"AQ Gamer 1","Atliq Exclusive",India,7
2021-07-01,"AQ Gamer 2","Atliq Exclusive",India,8
2021-07-01,"AQ Gamer 2","Atliq Exclusive",India,14
2021-07-01,"AQ Gamer 2","Atliq Exclusive",India,14
2021-07-01,"AQ Gamer 2","Atliq Exclusive",India,5
2021-07-01,"AQ Gamer 2","Atliq Exclusive",India,3
2021-07-01,"AQ Gamer 2","Atliq Exclusive",India,3
2021-07-01,"AQ Gamer 2","Atliq Exclusive",India,6
2021-07-01,"AQ Gamer 2","Atliq Exclusive",India,13
2021-07-01,"AQ Gamer 2","Atliq Exclusive",India,13
2021-07-01,"AQ Gamer 2","Atliq Exclusive",India,7
2021-07-01,"AQ Gamer 2","Atliq Exclusive",India,6
2021-07-01,"AQ Gamer 2","Atliq Exclusive",India,8
2021-07-01,"AQ Gamer 2","Atliq Exclusive",India,17
2021-07-01,"AQ Gamer 2","Atliq Exclusive",India,16
2021-07-01,"AQ Gamer 2","Atliq Exclusive",India,16
2021-07-01,"AQ Gamer 2","Atliq Exclusive",India,8
2021-07-01,"AQ Gamer 3","Atliq Exclusive",India,4
2021-07-01,"AQ Gamer 3","Atliq Exclusive",India,17
2021-07-01,"AQ Gamer 3","Atliq Exclusive",India,12
2021-07-01,"AQ Gamer 3","Atliq Exclusive",India,6
2021-07-01,"AQ Gamer 3","Atliq Exclusive",India,3
2021-07-01,"AQ Gamer 3","Atliq Exclusive",India,8
2021-07-01,"AQ Gamer 3","Atliq Exclusive",India,11
2021-07-01,"AQ Gamer 3","Atliq Exclusive",India,16
2021-07-01,"AQ Gamer 3","Atliq Exclusive",India,6
2021-07-01,"AQ Gamer 3","Atliq Exclusive",India,5
2021-07-01,"AQ Gamer 3","Atliq Exclusive",India,5
2021-07-01,"AQ Gamer 3","Atliq Exclusive",India,14
2021-07-01,"AQ Gamer 3","Atliq Exclusive",India,5
2021-07-01,"AQ Gamer 3","Atliq Exclusive",India,11
2021-07-01,"AQ Gamer 3","Atliq Exclusive",India,13
2021-07-01,"AQ Gamer 3","Atliq Exclusive",India,10
2021-07-01,"AQ Smash 1","Atliq Exclusive",India,10
2021-07-01,"AQ Smash 1","Atliq Exclusive",India,16
2021-07-01,"AQ Smash 1","Atliq Exclusive",India,15
2021-07-01,"AQ Smash 1","Atliq Exclusive",India,4
2021-07-01,"AQ Smash 1","Atliq Exclusive",India,11
2021-07-01,"AQ Smash 1","Atliq Exclusive",India,9
2021-07-01,"AQ Smash 1","Atliq Exclusive",India,14
2021-07-01,"AQ Smash 1","Atliq Exclusive",India,13
2021-07-01,"AQ Smash 1","Atliq Exclusive",India,9
2021-07-01,"AQ Smash 1","Atliq Exclusive",India,11
2021-07-01,"AQ Smash 1","Atliq Exclusive",India,5
2021-07-01,"AQ Smash 1","Atliq Exclusive",India,5
2021-07-01,"AQ Smash 1","Atliq Exclusive",India,15
2021-07-01,"AQ Smash 1","Atliq Exclusive",India,17
2021-07-01,"AQ Smash 1","Atliq Exclusive",India,15
2021-07-01,"AQ Smash 1","Atliq Exclusive",India,16
2021-07-01,"AQ Smash 2","Atliq Exclusive",India,6
2021-07-01,"AQ Smash 2","Atliq Exclusive",India,17
2021-07-01,"AQ Smash 2","Atliq Exclusive",India,4
2021-07-01,"AQ Smash 2","Atliq Exclusive",India,16
2021-07-01,"AQ Smash 2","Atliq Exclusive",India,16
2021-07-01,"AQ Smash 2","Atliq Exclusive",India,7
2021-07-01,"AQ Smash 2","Atliq Exclusive",India,16
2021-07-01,"AQ Smash 2","Atliq Exclusive",India,7
2021-07-01,"AQ Smash 2","Atliq Exclusive",India,5
2021-07-01,"AQ Smash 2","Atliq Exclusive",India,8
2021-07-01,"AQ Smash 2","Atliq Exclusive",India,4
2021-07-01,"AQ Smash 2","Atliq Exclusive",India,14
2021-07-01,"AQ BZ Allin1","Atliq Exclusive",India,17
2021-07-01,"AQ BZ Allin1","Atliq Exclusive",India,22
2021-07-01,"AQ BZ Allin1","Atliq Exclusive",India,22
2021-07-01,"AQ BZ Allin1","Atliq Exclusive",India,24
2021-07-01,"AQ BZ Allin1","Atliq Exclusive",India,22
2021-07-01,"AQ BZ Allin1","Atliq Exclusive",India,20
2021-07-01,"AQ BZ Allin1","Atliq Exclusive",India,22
2021-07-01,"AQ BZ Allin1","Atliq Exclusive",India,7
2021-07-01,"AQ BZ Allin1","Atliq Exclusive",India,15
2021-07-01,"AQ BZ Allin1","Atliq Exclusive",India,24
2021-07-01,"AQ BZ Allin1","Atliq Exclusive",India,19
2021-07-01,"AQ BZ Allin1","Atliq Exclusive",India,12
2021-07-01,"AQ BZ Allin1","Atliq Exclusive",India,22
2021-07-01,"AQ BZ Allin1","Atliq Exclusive",India,18
2021-07-01,"AQ BZ Allin1","Atliq Exclusive",India,23
2021-07-01,"AQ BZ Allin1","Atliq Exclusive",India,22
2021-07-01,"AQ Home Allin1","Atliq Exclusive",India,1
2021-07-01,"AQ Home Allin1","Atliq Exclusive",India,2
2021-07-01,"AQ Home Allin1","Atliq Exclusive",India,4
2021-07-01,"AQ Home Allin1","Atliq Exclusive",India,6
2021-07-01,"AQ Home Allin1","Atliq Exclusive",India,5
2021-07-01,"AQ Home Allin1","Atliq Exclusive",India,4
2021-07-01,"AQ Home Allin1","Atliq Exclusive",India,3
2021-07-01,"AQ Home Allin1","Atliq Exclusive",India,2
2021-07-01,"AQ Home Allin1","Atliq Exclusive",India,2
2021-07-01,"AQ Home Allin1","Atliq Exclusive",India,6
2021-07-01,"AQ Home Allin1","Atliq Exclusive",India,3
2021-07-01,"AQ Home Allin1","Atliq Exclusive",India,1
2021-07-01,"AQ Home Allin1","Atliq Exclusive",India,3
2021-07-01,"AQ Home Allin1","Atliq Exclusive",India,5
2021-07-01,"AQ Home Allin1","Atliq Exclusive",India,5
2021-07-01,"AQ Home Allin1","Atliq Exclusive",India,3
2021-07-01,"AQ HOME Allin1 Gen 2","Atliq Exclusive",India,4
2021-07-01,"AQ HOME Allin1 Gen 2","Atliq Exclusive",India,2
2021-07-01,"AQ HOME Allin1 Gen 2","Atliq Exclusive",India,2
2021-07-01,"AQ HOME Allin1 Gen 2","Atliq Exclusive",India,4
2021-07-01,"AQ HOME Allin1 Gen 2","Atliq Exclusive",India,2
2021-07-01,"AQ HOME Allin1 Gen 2","Atliq Exclusive",India,2
2021-07-01,"AQ HOME Allin1 Gen 2","Atliq Exclusive",India,3
2021-07-01,"AQ HOME Allin1 Gen 2","Atliq Exclusive",India,6
2021-07-01,"AQ HOME Allin1 Gen 2","Atliq Exclusive",India,2
2021-07-01,"AQ HOME Allin1 Gen 2","Atliq Exclusive",India,3
2021-07-01,"AQ HOME Allin1 Gen 2","Atliq Exclusive",India,5
2021-07-01,"AQ HOME Allin1 Gen 2","Atliq Exclusive",India,6
2021-07-01,"AQ Digit SSD","Atliq Exclusive",India,730
2021-07-01,"AQ Digit SSD","Atliq Exclusive",India,867
2021-07-01,"AQ Digit SSD","Atliq Exclusive",India,599
2021-07-01,"AQ Digit SSD","Atliq Exclusive",India,973
2021-07-01,"AQ Digit SSD","Atliq Exclusive",India,728
2021-07-01,"AQ Digit SSD","Atliq Exclusive",India,788
2021-07-01,"AQ Neuer SSD","Atliq Exclusive",India,293
2021-07-01,"AQ Neuer SSD","Atliq Exclusive",India,820
2021-07-01,"AQ Neuer SSD","Atliq Exclusive",India,445
2021-07-01,"AQ Neuer SSD","Atliq Exclusive",India,310
2021-07-01,"AQ Neuer SSD","Atliq Exclusive",India,401
2021-07-01,"AQ Neuer SSD","Atliq Exclusive",India,1005
2021-07-01,"AQ Clx1","Atliq Exclusive",India,840
2021-07-01,"AQ Clx1","Atliq Exclusive",India,803
2021-07-01,"AQ Clx1","Atliq Exclusive",India,200
2021-07-01,"AQ Clx1","Atliq Exclusive",India,227
2021-07-01,"AQ Clx1","Atliq Exclusive",India,1009
2021-07-01,"AQ Clx1","Atliq Exclusive",India,316
2021-07-01,"AQ Clx2","Atliq Exclusive",India,368
2021-07-01,"AQ Clx2","Atliq Exclusive",India,437
2021-07-01,"AQ Clx2","Atliq Exclusive",India,863
2021-07-01,"AQ Clx2","Atliq Exclusive",India,220
2021-07-01,"AQ Clx2","Atliq Exclusive",India,175
2021-07-01,"AQ Clx2","Atliq Exclusive",India,932
2021-07-01,"AQ Clx3","Atliq Exclusive",India,270
2021-07-01,"AQ Clx3","Atliq Exclusive",India,874
2021-07-01,"AQ Pen Drive 2 IN 1","Atliq Exclusive",India,190
2021-07-01,"AQ Pen Drive 2 IN 1","Atliq Exclusive",India,482
2021-07-01,"AQ Pen Drive DRC","Atliq Exclusive",India,708
2021-07-01,"AQ Pen Drive DRC","Atliq Exclusive",India,1176
2021-07-01,"AQ Pen Drive DRC","Atliq Exclusive",India,1397
2021-07-01,"AQ Pen Drive DRC","Atliq Exclusive",India,1162
2021-07-01,"AQ Pen Drive DRC","Atliq Exclusive",India,1690
2021-07-01,"AQ Pen Drive DRC","Atliq Exclusive",India,444
2021-07-01,"AQ Wi Power Dx1","Atliq Exclusive",India,415
2021-07-01,"AQ Wi Power Dx1","Atliq Exclusive",India,649
2021-07-01,"AQ Wi Power Dx1","Atliq Exclusive",India,197
2021-07-01,"AQ Wi Power Dx1","Atliq Exclusive",India,370
2021-07-01,"AQ Wi Power Dx1","Atliq Exclusive",India,615
2021-07-01,"AQ Wi Power Dx1","Atliq Exclusive",India,674
2021-07-01,"AQ Wi Power Dx2","Atliq Exclusive",India,491
2021-07-01,"AQ Wi Power Dx2","Atliq Exclusive",India,392
2021-07-01,"AQ Wi Power Dx2","Atliq Exclusive",India,181
2021-07-01,"AQ Wi Power Dx2","Atliq Exclusive",India,452
2021-07-01,"AQ Wi Power Dx2","Atliq Exclusive",India,467
2021-07-01,"AQ Wi Power Dx2","Atliq Exclusive",India,439
2021-07-01,"AQ Wi Power Dx3","Atliq Exclusive",India,495
2021-07-01,"AQ Wi Power Dx3","Atliq Exclusive",India,454
2021-07-01,"AQ Wi Power Dx3","Atliq Exclusive",India,156
2021-07-01,"AQ Wi Power Dx3","Atliq Exclusive",India,593
2021-07-01,"AQ Wi Power Dx3","Atliq Exclusive",India,590
2021-07-01,"AQ Wi Power Dx3","Atliq Exclusive",India,115
2021-08-01,"AQ Dracula HDD – 3.5 Inch SATA 6 Gb/s 5400 RPM 256 MB Cache","Atliq Exclusive",India,129
2021-08-01,"AQ Dracula HDD – 3.5 Inch SATA 6 Gb/s 5400 RPM 256 MB Cache","Atliq Exclusive",India,106
2021-08-01,"AQ Dracula HDD – 3.5 Inch SATA 6 Gb/s 5400 RPM 256 MB Cache","Atliq Exclusive",India,146
2021-08-01,"AQ Dracula HDD – 3.5 Inch SATA 6 Gb/s 5400 RPM 256 MB Cache","Atliq Exclusive",India,73
2021-08-01,"AQ WereWolf NAS Internal Hard Drive HDD – 8.89 cm","Atliq Exclusive",India,135
2021-08-01,"AQ WereWolf NAS Internal Hard Drive HDD – 8.89 cm","Atliq Exclusive",India,60
2021-08-01,"AQ WereWolf NAS Internal Hard Drive HDD – 8.89 cm","Atliq Exclusive",India,27
2021-08-01,"AQ Zion Saga","Atliq Exclusive",India,45
2021-08-01,"AQ Zion Saga","Atliq Exclusive",India,187
2021-08-01,"AQ Zion Saga","Atliq Exclusive",India,60
2021-08-01,"AQ Mforce Gen X","Atliq Exclusive",India,37
2021-08-01,"AQ Mforce Gen X","Atliq Exclusive",India,139
2021-08-01,"AQ Mforce Gen X","Atliq Exclusive",India,103
2021-08-01,"AQ Mforce Gen X","Atliq Exclusive",India,72
2021-08-01,"AQ Mforce Gen Y","Atliq Exclusive",India,43
2021-08-01,"AQ Mforce Gen Y","Atliq Exclusive",India,37
2021-08-01,"AQ Mforce Gen Y","Atliq Exclusive",India,193
2021-08-01,"AQ Mforce Gen Y","Atliq Exclusive",India,137
2021-08-01,"AQ Mforce Gen Y","Atliq Exclusive",India,63
2021-08-01,"AQ Mforce Gen Y","Atliq Exclusive",India,157
2021-08-01,"AQ Mforce Gen Y","Atliq Exclusive",India,190
2021-08-01,"AQ Mforce Gen Y","Atliq Exclusive",India,166
2021-08-01,"AQ Mforce Gen Z","Atliq Exclusive",India,37
2021-08-01,"AQ Mforce Gen Z","Atliq Exclusive",India,113
2021-08-01,"AQ Mforce Gen Z","Atliq Exclusive",India,41
2021-08-01,"AQ Mforce Gen Z","Atliq Exclusive",India,112
2021-08-01,"AQ Mforce Gen Z","Atliq Exclusive",India,84
2021-08-01,"AQ Mforce Gen Z","Atliq Exclusive",India,132
2021-08-01,"AQ Mforce Gen Z","Atliq Exclusive",India,38
2021-08-01,"AQ Mforce Gen Z","Atliq Exclusive",India,143
2021-08-01,"AQ GT 21","Atliq Exclusive",India,68
2021-08-01,"AQ GT 21","Atliq Exclusive",India,100
2021-08-01,"AQ GT 21","Atliq Exclusive",India,108
2021-08-01,"AQ GT 21","Atliq Exclusive",India,175
2021-08-01,"AQ Marquee P3","Atliq Exclusive",India,57
2021-08-01,"AQ Marquee P3","Atliq Exclusive",India,27
2021-08-01,"AQ Marquee P3","Atliq Exclusive",India,106
2021-08-01,"AQ Marquee P3","Atliq Exclusive",India,176
2021-08-01,"AQ Marquee P4","Atliq Exclusive",India,168
2021-08-01,"AQ 5000 Series Electron 9 5900X Desktop Processor","Atliq Exclusive",India,45
2021-08-01,"AQ 5000 Series Electron 9 5900X Desktop Processor","Atliq Exclusive",India,57
2021-08-01,"AQ 5000 Series Electron 9 5900X Desktop Processor","Atliq Exclusive",India,52
2021-08-01,"AQ 5000 Series Electron 8 5900X Desktop Processor","Atliq Exclusive",India,113
2021-08-01,"AQ 5000 Series Electron 8 5900X Desktop Processor","Atliq Exclusive",India,207
2021-08-01,"AQ 5000 Series Electron 8 5900X Desktop Processor","Atliq Exclusive",India,182
2021-08-01,"AQ 5000 Series Ultron 8 5900X Desktop Processor","Atliq Exclusive",India,72
2021-08-01,"AQ 5000 Series Ultron 8 5900X Desktop Processor","Atliq Exclusive",India,151
2021-08-01,"AQ 5000 Series Ultron 8 5900X Desktop Processor","Atliq Exclusive",India,103
2021-08-01,"AQ Electron 5 3600 Desktop Processor","Atliq Exclusive",India,77
2021-08-01,"AQ Electron 5 3600 Desktop Processor","Atliq Exclusive",India,130
2021-08-01,"AQ Electron 5 3600 Desktop Processor","Atliq Exclusive",India,64
2021-08-01,"AQ Electron 4 3600 Desktop Processor","Atliq Exclusive",India,67
2021-08-01,"AQ Electron 4 3600 Desktop Processor","Atliq Exclusive",India,190
2021-08-01,"AQ Electron 4 3600 Desktop Processor","Atliq Exclusive",India,103
2021-08-01,"AQ Electron 3 3600 Desktop Processor","Atliq Exclusive",India,45
2021-08-01,"AQ Electron 3 3600 Desktop Processor","Atliq Exclusive",India,80
2021-08-01,"AQ MB Elite","Atliq Exclusive",India,63
2021-08-01,"AQ MB Elite","Atliq Exclusive",India,109
2021-08-01,"AQ MB Elite","Atliq Exclusive",India,21
2021-08-01,"AQ MB Elite","Atliq Exclusive",India,67
2021-08-01,"AQ MB Crossx","Atliq Exclusive",India,109
2021-08-01,"AQ MB Crossx","Atliq Exclusive",India,135
2021-08-01,"AQ MB Crossx","Atliq Exclusive",India,117
2021-08-01,"AQ MB Crossx","Atliq Exclusive",India,109
2021-08-01,"AQ MB Crossx 2","Atliq Exclusive",India,45
2021-08-01,"AQ MB Crossx 2","Atliq Exclusive",India,26
2021-08-01,"AQ MB Crossx 2","Atliq Exclusive",India,47
2021-08-01,"AQ MB Crossx 2","Atliq Exclusive",India,132
2021-08-01,"AQ MB Lito","Atliq Exclusive",India,70
2021-08-01,"AQ MB Lito","Atliq Exclusive",India,26
2021-08-01,"AQ MB Lito","Atliq Exclusive",India,31
2021-08-01,"AQ MB Lito","Atliq Exclusive",India,128
2021-08-01,"AQ MB Lito 2","Atliq Exclusive",India,67
2021-08-01,"AQ MB Lito 2","Atliq Exclusive",India,94
2021-08-01,"AQ MB Lito 2","Atliq Exclusive",India,27
2021-08-01,"AQ Master wired x1 Ms","Atliq Exclusive",India,776
2021-08-01,"AQ Master wired x1 Ms","Atliq Exclusive",India,501
2021-08-01,"AQ Master wired x1 Ms","Atliq Exclusive",India,984
2021-08-01,"AQ Master wired x1 Ms","Atliq Exclusive",India,930
2021-08-01,"AQ Master wired x1 Ms","Atliq Exclusive",India,553
2021-08-01,"AQ Master wired x1 Ms","Atliq Exclusive",India,589
2021-08-01,"AQ Master wireless x1 Ms","Atliq Exclusive",India,399
2021-08-01,"AQ Master wireless x1 Ms","Atliq Exclusive",India,270
2021-08-01,"AQ Master wireless x1 Ms","Atliq Exclusive",India,624
2021-08-01,"AQ Master wireless x1 Ms","Atliq Exclusive",India,1038
2021-08-01,"AQ Master wireless x1 Ms","Atliq Exclusive",India,587
2021-08-01,"AQ Master wireless x1 Ms","Atliq Exclusive",India,643
2021-08-01,"AQ Gamers Ms","Atliq Exclusive",India,1030
2021-08-01,"AQ Gamers Ms","Atliq Exclusive",India,693
2021-08-01,"AQ Gamers Ms","Atliq Exclusive",India,410
2021-08-01,"AQ Gamers Ms","Atliq Exclusive",India,630
2021-08-01,"AQ Gamers Ms","Atliq Exclusive",India,930
2021-08-01,"AQ Gamers Ms","Atliq Exclusive",India,755
2021-08-01,"AQ Lite Ms","Atliq Exclusive",India,146
2021-08-01,"AQ Lite Ms","Atliq Exclusive",India,697
2021-08-01,"AQ Lite Ms","Atliq Exclusive",India,566
2021-08-01,"AQ Lite Ms","Atliq Exclusive",India,532
2021-08-01,"AQ Lite Ms","Atliq Exclusive",India,957
2021-08-01,"AQ Lite Ms","Atliq Exclusive",India,803
2021-08-01,"AQ Maxima Ms","Atliq Exclusive",India,551
2021-08-01,"AQ Maxima Ms","Atliq Exclusive",India,1019
2021-08-01,"AQ Maxima Ms","Atliq Exclusive",India,537
2021-08-01,"AQ Maxima Ms","Atliq Exclusive",India,254
2021-08-01,"AQ Maxima Ms","Atliq Exclusive",India,809
2021-08-01,"AQ Maxima Ms","Atliq Exclusive",India,932
2021-08-01,"AQ Qwerty Ms","Atliq Exclusive",India,965
2021-08-01,"AQ Qwerty Ms","Atliq Exclusive",India,905
2021-08-01,"AQ Qwerty Ms","Atliq Exclusive",India,106
2021-08-01,"AQ Qwerty Ms","Atliq Exclusive",India,986
2021-08-01,"AQ Qwerty Ms","Atliq Exclusive",India,776
2021-08-01,"AQ Qwerty Ms","Atliq Exclusive",India,526
2021-08-01,"AQ Trigger Ms","Atliq Exclusive",India,248
2021-08-01,"AQ Trigger Ms","Atliq Exclusive",India,451
2021-08-01,"AQ Trigger Ms","Atliq Exclusive",India,934
2021-08-01,"AQ Trigger Ms","Atliq Exclusive",India,347
2021-08-01,"AQ Trigger Ms","Atliq Exclusive",India,655
2021-08-01,"AQ Trigger Ms","Atliq Exclusive",India,907
2021-08-01,"AQ Lumina Ms","Atliq Exclusive",India,555
2021-08-01,"AQ Master wired x1","Atliq Exclusive",India,417
2021-08-01,"AQ Master wired x1","Atliq Exclusive",India,391
2021-08-01,"AQ Master wired x1","Atliq Exclusive",India,436
2021-08-01,"AQ Master wired x1","Atliq Exclusive",India,642
2021-08-01,"AQ Master wired x1","Atliq Exclusive",India,554
2021-08-01,"AQ Master wired x1","Atliq Exclusive",India,188
2021-08-01,"AQ Master wireless x1","Atliq Exclusive",India,417
2021-08-01,"AQ Master wireless x1","Atliq Exclusive",India,722
2021-08-01,"AQ Master wireless x1","Atliq Exclusive",India,392
2021-08-01,"AQ Master wireless x1","Atliq Exclusive",India,204
2021-08-01,"AQ Master wireless x1","Atliq Exclusive",India,873
2021-08-01,"AQ Master wireless x1","Atliq Exclusive",India,503
2021-08-01,"AQ Gamers ","Atliq Exclusive",India,495
2021-08-01,"AQ Gamers ","Atliq Exclusive",India,736
2021-08-01,"AQ Gamers ","Atliq Exclusive",India,148
2021-08-01,"AQ Gamers ","Atliq Exclusive",India,697
2021-08-01,"AQ Gamers ","Atliq Exclusive",India,410
2021-08-01,"AQ Gamers ","Atliq Exclusive",India,229
2021-08-01,"AQ Lite","Atliq Exclusive",India,452
2021-08-01,"AQ Lite","Atliq Exclusive",India,134
2021-08-01,"AQ Lite","Atliq Exclusive",India,495
2021-08-01,"AQ Lite","Atliq Exclusive",India,331
2021-08-01,"AQ Lite","Atliq Exclusive",India,516
2021-08-01,"AQ Lite","Atliq Exclusive",India,206
2021-08-01,"AQ Maxima","Atliq Exclusive",India,162
2021-08-01,"AQ Maxima","Atliq Exclusive",India,280
2021-08-01,"AQ Maxima","Atliq Exclusive",India,565
2021-08-01,"AQ Maxima","Atliq Exclusive",India,363
2021-08-01,"AQ Maxima","Atliq Exclusive",India,90
2021-08-01,"AQ Maxima","Atliq Exclusive",India,744
2021-08-01,"AQ Qwerty","Atliq Exclusive",India,95
2021-08-01,"AQ Qwerty","Atliq Exclusive",India,739
2021-08-01,"AQ Qwerty","Atliq Exclusive",India,151
2021-08-01,"AQ Qwerty","Atliq Exclusive",India,755
2021-08-01,"AQ Qwerty","Atliq Exclusive",India,648
2021-08-01,"AQ Qwerty","Atliq Exclusive",India,713
2021-08-01,"AQ Trigger","Atliq Exclusive",India,136
2021-08-01,"AQ Trigger","Atliq Exclusive",India,405
2021-08-01,"AQ Trigger","Atliq Exclusive",India,438
2021-08-01,"AQ Trigger","Atliq Exclusive",India,282
2021-08-01,"AQ Trigger","Atliq Exclusive",India,183
2021-08-01,"AQ LION x1","Atliq Exclusive",India,11
2021-08-01,"AQ LION x1","Atliq Exclusive",India,72
2021-08-01,"AQ LION x1","Atliq Exclusive",India,35
2021-08-01,"AQ LION x1","Atliq Exclusive",India,33
2021-08-01,"AQ LION x2","Atliq Exclusive",India,43
2021-08-01,"AQ LION x2","Atliq Exclusive",India,32
2021-08-01,"AQ LION x2","Atliq Exclusive",India,79
2021-08-01,"AQ LION x2","Atliq Exclusive",India,64
2021-08-01,"AQ LION x2","Atliq Exclusive",India,77
2021-08-01,"AQ LION x3","Atliq Exclusive",India,49
2021-08-01,"AQ LION x3","Atliq Exclusive",India,36
2021-08-01,"AQ LION x3","Atliq Exclusive",India,84
2021-08-01,"AQ LION x3","Atliq Exclusive",India,85
2021-08-01,"AQ LION x3","Atliq Exclusive",India,60
2021-08-01,"AQ Mx NB","Atliq Exclusive",India,29
2021-08-01,"AQ Mx NB","Atliq Exclusive",India,69
2021-08-01,"AQ Mx NB","Atliq Exclusive",India,41
2021-08-01,"AQ Mx NB","Atliq Exclusive",India,82
2021-08-01,"AQ Mx NB","Atliq Exclusive",India,61
2021-08-01,"AQ Aspiron","Atliq Exclusive",India,7
2021-08-01,"AQ Aspiron","Atliq Exclusive",India,24
2021-08-01,"AQ Aspiron","Atliq Exclusive",India,33
2021-08-01,"AQ Digit","Atliq Exclusive",India,32
2021-08-01,"AQ Digit","Atliq Exclusive",India,11
2021-08-01,"AQ Digit","Atliq Exclusive",India,37
2021-08-01,"AQ Digit","Atliq Exclusive",India,12
2021-08-01,"AQ Digit","Atliq Exclusive",India,37
2021-08-01,"AQ Digit","Atliq Exclusive",India,15
2021-08-01,"AQ Digit","Atliq Exclusive",India,19
2021-08-01,"AQ Digit","Atliq Exclusive",India,38
2021-08-01,"AQ Velocity","Atliq Exclusive",India,23
2021-08-01,"AQ Velocity","Atliq Exclusive",India,31
2021-08-01,"AQ Velocity","Atliq Exclusive",India,38
2021-08-01,"AQ Velocity","Atliq Exclusive",India,32
2021-08-01,"AQ Velocity","Atliq Exclusive",India,15
2021-08-01,"AQ Velocity","Atliq Exclusive",India,36
2021-08-01,"AQ Elite","Atliq Exclusive",India,37
2021-08-01,"AQ Elite","Atliq Exclusive",India,10
2021-08-01,"AQ Elite","Atliq Exclusive",India,24
2021-08-01,"AQ Elite","Atliq Exclusive",India,38
2021-08-01,"AQ Elite","Atliq Exclusive",India,13
2021-08-01,"AQ Elite","Atliq Exclusive",India,30
2021-08-01,"AQ Elite","Atliq Exclusive",India,29
2021-08-01,"AQ Elite","Atliq Exclusive",India,10
2021-08-01,"AQ Gen X","Atliq Exclusive",India,36
2021-08-01,"AQ Gen X","Atliq Exclusive",India,22
2021-08-01,"AQ Gen X","Atliq Exclusive",India,13
2021-08-01,"AQ Gen X","Atliq Exclusive",India,34
2021-08-01,"AQ Gen X","Atliq Exclusive",India,16
2021-08-01,"AQ Gen X","Atliq Exclusive",India,9
2021-08-01,"AQ Gen X","Atliq Exclusive",India,38
2021-08-01,"AQ Gen X","Atliq Exclusive",India,24
2021-08-01,"AQ Gen Y","Atliq Exclusive",India,13
2021-08-01,"AQ Gen Y","Atliq Exclusive",India,22
2021-08-01,"AQ Gen Y","Atliq Exclusive",India,36
2021-08-01,"AQ Gen Y","Atliq Exclusive",India,11
2021-08-01,"AQ Gen Y","Atliq Exclusive",India,28
2021-08-01,"AQ Gen Y","Atliq Exclusive",India,20
2021-08-01,"AQ Gen Y","Atliq Exclusive",India,11
2021-08-01,"AQ Gen Y","Atliq Exclusive",India,28
2021-08-01,"AQ GEN Z","Atliq Exclusive",India,28
2021-08-01,"AQ GEN Z","Atliq Exclusive",India,38
2021-08-01,"AQ GEN Z","Atliq Exclusive",India,15
2021-08-01,"AQ GEN Z","Atliq Exclusive",India,8
2021-08-01,"AQ GEN Z","Atliq Exclusive",India,11
2021-08-01,"AQ BZ 101","Atliq Exclusive",India,22
2021-08-01,"AQ BZ 101","Atliq Exclusive",India,5
2021-08-01,"AQ BZ 101","Atliq Exclusive",India,8
2021-08-01,"AQ BZ 101","Atliq Exclusive",India,15
2021-08-01,"AQ BZ Compact","Atliq Exclusive",India,27
2021-08-01,"AQ BZ Compact","Atliq Exclusive",India,10
2021-08-01,"AQ BZ Compact","Atliq Exclusive",India,11
2021-08-01,"AQ BZ Compact","Atliq Exclusive",India,27
2021-08-01,"AQ BZ Compact","Atliq Exclusive",India,7
2021-08-01,"AQ BZ Compact","Atliq Exclusive",India,19
2021-08-01,"AQ BZ Compact","Atliq Exclusive",India,27
2021-08-01,"AQ BZ Compact","Atliq Exclusive",India,20
2021-08-01,"AQ BZ Gen Y","Atliq Exclusive",India,11
2021-08-01,"AQ BZ Gen Y","Atliq Exclusive",India,24
2021-08-01,"AQ BZ Gen Y","Atliq Exclusive",India,18
2021-08-01,"AQ BZ Gen Y","Atliq Exclusive",India,11
2021-08-01,"AQ BZ Gen Y","Atliq Exclusive",India,13
2021-08-01,"AQ BZ Gen Y","Atliq Exclusive",India,17
2021-08-01,"AQ BZ Gen Y","Atliq Exclusive",India,10
2021-08-01,"AQ BZ Gen Z","Atliq Exclusive",India,19
2021-08-01,"AQ BZ Gen Z","Atliq Exclusive",India,15
2021-08-01,"AQ BZ Gen Z","Atliq Exclusive",India,15
2021-08-01,"AQ BZ Gen Z","Atliq Exclusive",India,28
2021-08-01,"AQ BZ Gen Z","Atliq Exclusive",India,18
2021-08-01,"AQ BZ Gen Z","Atliq Exclusive",India,17
2021-08-01,"AQ BZ Gen Z","Atliq Exclusive",India,12
2021-08-01,"AQ Gamer 1","Atliq Exclusive",India,11
2021-08-01,"AQ Gamer 1","Atliq Exclusive",India,11
2021-08-01,"AQ Gamer 1","Atliq Exclusive",India,6
2021-08-01,"AQ Gamer 1","Atliq Exclusive",India,11
2021-08-01,"AQ Gamer 1","Atliq Exclusive",India,7
2021-08-01,"AQ Gamer 1","Atliq Exclusive",India,16
2021-08-01,"AQ Gamer 2","Atliq Exclusive",India,7
2021-08-01,"AQ Gamer 2","Atliq Exclusive",India,15
2021-08-01,"AQ Gamer 2","Atliq Exclusive",India,3
2021-08-01,"AQ Gamer 2","Atliq Exclusive",India,5
2021-08-01,"AQ Gamer 2","Atliq Exclusive",India,6
2021-08-01,"AQ Gamer 2","Atliq Exclusive",India,15
2021-08-01,"AQ Gamer 2","Atliq Exclusive",India,12
2021-08-01,"AQ Gamer 2","Atliq Exclusive",India,14
2021-08-01,"AQ Gamer 3","Atliq Exclusive",India,6
2021-08-01,"AQ Gamer 3","Atliq Exclusive",India,12
2021-08-01,"AQ Gamer 3","Atliq Exclusive",India,3
2021-08-01,"AQ Gamer 3","Atliq Exclusive",India,3
2021-08-01,"AQ Gamer 3","Atliq Exclusive",India,7
2021-08-01,"AQ Gamer 3","Atliq Exclusive",India,7
2021-08-01,"AQ Gamer 3","Atliq Exclusive",India,13
2021-08-01,"AQ Gamer 3","Atliq Exclusive",India,16
2021-08-01,"AQ Smash 1","Atliq Exclusive",India,9
2021-08-01,"AQ Smash 1","Atliq Exclusive",India,13
2021-08-01,"AQ Smash 1","Atliq Exclusive",India,12
2021-08-01,"AQ Smash 1","Atliq Exclusive",India,12
2021-08-01,"AQ Smash 1","Atliq Exclusive",India,9
2021-08-01,"AQ Smash 1","Atliq Exclusive",India,15
2021-08-01,"AQ Smash 1","Atliq Exclusive",India,9
2021-08-01,"AQ Smash 1","Atliq Exclusive",India,13
2021-08-01,"AQ Smash 2","Atliq Exclusive",India,9
2021-08-01,"AQ Smash 2","Atliq Exclusive",India,16
2021-08-01,"AQ Smash 2","Atliq Exclusive",India,5
2021-08-01,"AQ Smash 2","Atliq Exclusive",India,15
2021-08-01,"AQ Smash 2","Atliq Exclusive",India,14
2021-08-01,"AQ Smash 2","Atliq Exclusive",India,7
2021-08-01,"AQ BZ Allin1","Atliq Exclusive",India,11
2021-08-01,"AQ BZ Allin1","Atliq Exclusive",India,16
2021-08-01,"AQ BZ Allin1","Atliq Exclusive",India,13
2021-08-01,"AQ BZ Allin1","Atliq Exclusive",India,18
2021-08-01,"AQ BZ Allin1","Atliq Exclusive",India,13
2021-08-01,"AQ BZ Allin1","Atliq Exclusive",India,24
2021-08-01,"AQ BZ Allin1","Atliq Exclusive",India,18
2021-08-01,"AQ BZ Allin1","Atliq Exclusive",India,20
2021-08-01,"AQ Home Allin1","Atliq Exclusive",India,3
2021-08-01,"AQ Home Allin1","Atliq Exclusive",India,3
2021-08-01,"AQ Home Allin1","Atliq Exclusive",India,4
2021-08-01,"AQ Home Allin1","Atliq Exclusive",India,4
2021-08-01,"AQ Home Allin1","Atliq Exclusive",India,4
2021-08-01,"AQ Home Allin1","Atliq Exclusive",India,5
2021-08-01,"AQ Home Allin1","Atliq Exclusive",India,3
2021-08-01,"AQ Home Allin1","Atliq Exclusive",India,5
2021-08-01,"AQ HOME Allin1 Gen 2","Atliq Exclusive",India,2
2021-08-01,"AQ HOME Allin1 Gen 2","Atliq Exclusive",India,2
2021-08-01,"AQ HOME Allin1 Gen 2","Atliq Exclusive",India,2
2021-08-01,"AQ HOME Allin1 Gen 2","Atliq Exclusive",India,4
2021-08-01,"AQ HOME Allin1 Gen 2","Atliq Exclusive",India,2
2021-08-01,"AQ HOME Allin1 Gen 2","Atliq Exclusive",India,3
2021-08-01,"AQ Digit SSD","Atliq Exclusive",India,206
2021-08-01,"AQ Digit SSD","Atliq Exclusive",India,435
2021-08-01,"AQ Digit SSD","Atliq Exclusive",India,1011
2021-08-01,"AQ Neuer SSD","Atliq Exclusive",India,370
2021-08-01,"AQ Neuer SSD","Atliq Exclusive",India,982
2021-08-01,"AQ Neuer SSD","Atliq Exclusive",India,670
2021-08-01,"AQ Clx1","Atliq Exclusive",India,711
2021-08-01,"AQ Clx1","Atliq Exclusive",India,824
2021-08-01,"AQ Clx1","Atliq Exclusive",India,241
2021-08-01,"AQ Clx2","Atliq Exclusive",India,998
2021-08-01,"AQ Clx2","Atliq Exclusive",India,160
2021-08-01,"AQ Clx2","Atliq Exclusive",India,268
2021-08-01,"AQ Clx3","Atliq Exclusive",India,772
2021-08-01,"AQ Pen Drive 2 IN 1","Atliq Exclusive",India,943
2021-08-01,"AQ Pen Drive DRC","Atliq Exclusive",India,546
2021-08-01,"AQ Pen Drive DRC","Atliq Exclusive",India,1485
2021-08-01,"AQ Pen Drive DRC","Atliq Exclusive",India,1661
2021-08-01,"AQ Wi Power Dx1","Atliq Exclusive",India,203
2021-08-01,"AQ Wi Power Dx1","Atliq Exclusive",India,245
2021-08-01,"AQ Wi Power Dx1","Atliq Exclusive",India,215
2021-08-01,"AQ Wi Power Dx2","Atliq Exclusive",India,380
2021-08-01,"AQ Wi Power Dx2","Atliq Exclusive",India,494
2021-08-01,"AQ Wi Power Dx2","Atliq Exclusive",India,206
2021-08-01,"AQ Wi Power Dx3","Atliq Exclusive",India,151
2021-08-01,"AQ Wi Power Dx3","Atliq Exclusive",India,503
2021-08-01,"AQ Wi Power Dx3","Atliq Exclusive",India,301
2021-09-01,"AQ Dracula HDD – 3.5 Inch SATA 6 Gb/s 5400 RPM 256 MB Cache","Atliq Exclusive",India,537
2021-09-01,"AQ Dracula HDD – 3.5 Inch SATA 6 Gb/s 5400 RPM 256 MB Cache","Atliq Exclusive",India,601
2021-09-01,"AQ Dracula HDD – 3.5 Inch SATA 6 Gb/s 5400 RPM 256 MB Cache","Atliq Exclusive",India,938
2021-09-01,"AQ Dracula HDD – 3.5 Inch SATA 6 Gb/s 5400 RPM 256 MB Cache","Atliq Exclusive",India,782
2021-09-01,"AQ WereWolf NAS Internal Hard Drive HDD – 8.89 cm","Atliq Exclusive",India,354
2021-09-01,"AQ WereWolf NAS Internal Hard Drive HDD – 8.89 cm","Atliq Exclusive",India,331
2021-09-01,"AQ WereWolf NAS Internal Hard Drive HDD – 8.89 cm","Atliq Exclusive",India,554
2021-09-01,"AQ WereWolf NAS Internal Hard Drive HDD – 8.89 cm","Atliq Exclusive",India,545
2021-09-01,"AQ WereWolf NAS Internal Hard Drive HDD – 8.89 cm","Atliq Exclusive",India,107
2021-09-01,"AQ WereWolf NAS Internal Hard Drive HDD – 8.89 cm","Atliq Exclusive",India,1017
2021-09-01,"AQ Zion Saga","Atliq Exclusive",India,463
2021-09-01,"AQ Zion Saga","Atliq Exclusive",India,609
2021-09-01,"AQ Zion Saga","Atliq Exclusive",India,311
2021-09-01,"AQ Zion Saga","Atliq Exclusive",India,311
2021-09-01,"AQ Zion Saga","Atliq Exclusive",India,798
2021-09-01,"AQ Zion Saga","Atliq Exclusive",India,599
2021-09-01,"AQ Mforce Gen X","Atliq Exclusive",India,753
2021-09-01,"AQ Mforce Gen X","Atliq Exclusive",India,1089
2021-09-01,"AQ Mforce Gen X","Atliq Exclusive",India,1187
2021-09-01,"AQ Mforce Gen X","Atliq Exclusive",India,1105
2021-09-01,"AQ Mforce Gen X","Atliq Exclusive",India,579
2021-09-01,"AQ Mforce Gen X","Atliq Exclusive",India,835
2021-09-01,"AQ Mforce Gen X","Atliq Exclusive",India,642
2021-09-01,"AQ Mforce Gen X","Atliq Exclusive",India,928
2021-09-01,"AQ Mforce Gen Y","Atliq Exclusive",India,1108
2021-09-01,"AQ Mforce Gen Y","Atliq Exclusive",India,653
2021-09-01,"AQ Mforce Gen Y","Atliq Exclusive",India,357
2021-09-01,"AQ Mforce Gen Y","Atliq Exclusive",India,383
2021-09-01,"AQ Mforce Gen Y","Atliq Exclusive",India,1197
2021-09-01,"AQ Mforce Gen Y","Atliq Exclusive",India,433
2021-09-01,"AQ Mforce Gen Y","Atliq Exclusive",India,690
2021-09-01,"AQ Mforce Gen Y","Atliq Exclusive",India,811
2021-09-01,"AQ Mforce Gen Y","Atliq Exclusive",India,1052
2021-09-01,"AQ Mforce Gen Y","Atliq Exclusive",India,957
2021-09-01,"AQ Mforce Gen Z","Atliq Exclusive",India,137
2021-09-01,"AQ Mforce Gen Z","Atliq Exclusive",India,243
2021-09-01,"AQ Mforce Gen Z","Atliq Exclusive",India,470
2021-09-01,"AQ Mforce Gen Z","Atliq Exclusive",India,663
2021-09-01,"AQ Mforce Gen Z","Atliq Exclusive",India,518
2021-09-01,"AQ Mforce Gen Z","Atliq Exclusive",India,785
2021-09-01,"AQ Mforce Gen Z","Atliq Exclusive",India,259
2021-09-01,"AQ Mforce Gen Z","Atliq Exclusive",India,669
2021-09-01,"AQ Mforce Gen Z","Atliq Exclusive",India,695
2021-09-01,"AQ Mforce Gen Z","Atliq Exclusive",India,1026
2021-09-01,"AQ Mforce Gen Z","Atliq Exclusive",India,753
2021-09-01,"AQ Mforce Gen Z","Atliq Exclusive",India,629
2021-09-01,"AQ Mforce Gen Z","Atliq Exclusive",India,986
2021-09-01,"AQ Mforce Gen Z","Atliq Exclusive",India,1068
2021-09-01,"AQ Mforce Gen Z","Atliq Exclusive",India,917
2021-09-01,"AQ Mforce Gen Z","Atliq Exclusive",India,137
2021-09-01,"AQ GT 21","Atliq Exclusive",India,875
2021-09-01,"AQ GT 21","Atliq Exclusive",India,626
2021-09-01,"AQ GT 21","Atliq Exclusive",India,1253
2021-09-01,"AQ GT 21","Atliq Exclusive",India,774
2021-09-01,"AQ GT 21","Atliq Exclusive",India,1287
2021-09-01,"AQ GT 21","Atliq Exclusive",India,293
2021-09-01,"AQ GT 21","Atliq Exclusive",India,1237
2021-09-01,"AQ GT 21","Atliq Exclusive",India,1300
2021-09-01,"AQ Marquee P3","Atliq Exclusive",India,867
2021-09-01,"AQ Marquee P3","Atliq Exclusive",India,468
2021-09-01,"AQ Marquee P3","Atliq Exclusive",India,1010
2021-09-01,"AQ Marquee P3","Atliq Exclusive",India,959
2021-09-01,"AQ Marquee P3","Atliq Exclusive",India,1020
2021-09-01,"AQ Marquee P3","Atliq Exclusive",India,1176
2021-09-01,"AQ Marquee P3","Atliq Exclusive",India,621
2021-09-01,"AQ Marquee P3","Atliq Exclusive",India,1240
2021-09-01,"AQ Marquee P4","Atliq Exclusive",India,539
2021-09-01,"AQ Marquee P4","Atliq Exclusive",India,1197
2021-09-01,"AQ Marquee P4","Atliq Exclusive",India,288
2021-09-01,"AQ Marquee P4","Atliq Exclusive",India,711
2021-09-01,"AQ Marquee P4","Atliq Exclusive",India,304
2021-09-01,"AQ Marquee P4","Atliq Exclusive",India,785
2021-09-01,"AQ Marquee P4","Atliq Exclusive",India,745
2021-09-01,"AQ Marquee P4","Atliq Exclusive",India,661
2021-09-01,"AQ 5000 Series Electron 8 5900X Desktop Processor","Atliq Exclusive",India,172
2021-09-01,"AQ 5000 Series Electron 8 5900X Desktop Processor","Atliq Exclusive",India,558
2021-09-01,"AQ 5000 Series Electron 8 5900X Desktop Processor","Atliq Exclusive",India,487
2021-09-01,"AQ 5000 Series Electron 8 5900X Desktop Processor","Atliq Exclusive",India,922
2021-09-01,"AQ 5000 Series Electron 8 5900X Desktop Processor","Atliq Exclusive",India,706
2021-09-01,"AQ 5000 Series Electron 8 5900X Desktop Processor","Atliq Exclusive",India,518
2021-09-01,"AQ 5000 Series Ultron 8 5900X Desktop Processor","Atliq Exclusive",India,862
2021-09-01,"AQ 5000 Series Ultron 8 5900X Desktop Processor","Atliq Exclusive",India,1107
2021-09-01,"AQ 5000 Series Ultron 8 5900X Desktop Processor","Atliq Exclusive",India,925
2021-09-01,"AQ 5000 Series Ultron 8 5900X Desktop Processor","Atliq Exclusive",India,406
2021-09-01,"AQ 5000 Series Ultron 8 5900X Desktop Processor","Atliq Exclusive",India,378
2021-09-01,"AQ 5000 Series Ultron 8 5900X Desktop Processor","Atliq Exclusive",India,604
2021-09-01,"AQ Electron 5 3600 Desktop Processor","Atliq Exclusive",India,511
2021-09-01,"AQ Electron 5 3600 Desktop Processor","Atliq Exclusive",India,1000
2021-09-01,"AQ Electron 5 3600 Desktop Processor","Atliq Exclusive",India,310
2021-09-01,"AQ Electron 5 3600 Desktop Processor","Atliq Exclusive",India,318
2021-09-01,"AQ Electron 5 3600 Desktop Processor","Atliq Exclusive",India,560
2021-09-01,"AQ Electron 5 3600 Desktop Processor","Atliq Exclusive",India,677
2021-09-01,"AQ Electron 4 3600 Desktop Processor","Atliq Exclusive",India,195
2021-09-01,"AQ Electron 4 3600 Desktop Processor","Atliq Exclusive",India,448
2021-09-01,"AQ Electron 4 3600 Desktop Processor","Atliq Exclusive",India,961
2021-09-01,"AQ Electron 4 3600 Desktop Processor","Atliq Exclusive",India,909
2021-09-01,"AQ Electron 4 3600 Desktop Processor","Atliq Exclusive",India,810
2021-09-01,"AQ Electron 4 3600 Desktop Processor","Atliq Exclusive",India,735
2021-09-01,"AQ Electron 3 3600 Desktop Processor","Atliq Exclusive",India,539
2021-09-01,"AQ Electron 3 3600 Desktop Processor","Atliq Exclusive",India,1230
2021-09-01,"AQ Electron 3 3600 Desktop Processor","Atliq Exclusive",India,1243
2021-09-01,"AQ Electron 3 3600 Desktop Processor","Atliq Exclusive",India,636
2021-09-01,"AQ Electron 3 3600 Desktop Processor","Atliq Exclusive",India,925
2021-09-01,"AQ Electron 3 3600 Desktop Processor","Atliq Exclusive",India,1185
2021-09-01,"AQ MB Crossx","Atliq Exclusive",India,342
2021-09-01,"AQ MB Crossx","Atliq Exclusive",India,111
2021-09-01,"AQ MB Crossx","Atliq Exclusive",India,261
2021-09-01,"AQ MB Crossx","Atliq Exclusive",India,263
2021-09-01,"AQ MB Crossx","Atliq Exclusive",India,770
2021-09-01,"AQ MB Crossx","Atliq Exclusive",India,521
2021-09-01,"AQ MB Crossx","Atliq Exclusive",India,940
2021-09-01,"AQ MB Crossx","Atliq Exclusive",India,776
2021-09-01,"AQ MB Crossx 2","Atliq Exclusive",India,282
2021-09-01,"AQ MB Crossx 2","Atliq Exclusive",India,827
2021-09-01,"AQ MB Crossx 2","Atliq Exclusive",India,525
2021-09-01,"AQ MB Crossx 2","Atliq Exclusive",India,593
2021-09-01,"AQ MB Crossx 2","Atliq Exclusive",India,148
2021-09-01,"AQ MB Crossx 2","Atliq Exclusive",India,255
2021-09-01,"AQ MB Crossx 2","Atliq Exclusive",India,768
2021-09-01,"AQ MB Crossx 2","Atliq Exclusive",India,605
2021-09-01,"AQ MB Lito","Atliq Exclusive",India,745
2021-09-01,"AQ MB Lito","Atliq Exclusive",India,903
2021-09-01,"AQ MB Lito","Atliq Exclusive",India,912
2021-09-01,"AQ MB Lito","Atliq Exclusive",India,117
2021-09-01,"AQ MB Lito","Atliq Exclusive",India,871
2021-09-01,"AQ MB Lito","Atliq Exclusive",India,706
2021-09-01,"AQ MB Lito","Atliq Exclusive",India,323
2021-09-01,"AQ MB Lito","Atliq Exclusive",India,414
2021-09-01,"AQ MB Lito 2","Atliq Exclusive",India,739
2021-09-01,"AQ MB Lito 2","Atliq Exclusive",India,148
2021-09-01,"AQ MB Lito 2","Atliq Exclusive",India,132
2021-09-01,"AQ MB Lito 2","Atliq Exclusive",India,656
2021-09-01,"AQ MB Lito 2","Atliq Exclusive",India,916
2021-09-01,"AQ MB Lito 2","Atliq Exclusive",India,305
2021-09-01,"AQ MB Lito 2","Atliq Exclusive",India,572
2021-09-01,"AQ MB Lito 2","Atliq Exclusive",India,949
2021-09-01,"AQ Master wired x1 Ms","Atliq Exclusive",India,783
2021-09-01,"AQ Master wired x1 Ms","Atliq Exclusive",India,236
2021-09-01,"AQ Master wired x1 Ms","Atliq Exclusive",India,152
2021-09-01,"AQ Master wired x1 Ms","Atliq Exclusive",India,1028
2021-09-01,"AQ Master wired x1 Ms","Atliq Exclusive",India,916
2021-09-01,"AQ Master wired x1 Ms","Atliq Exclusive",India,735
2021-09-01,"AQ Master wired x1 Ms","Atliq Exclusive",India,1080
2021-09-01,"AQ Master wired x1 Ms","Atliq Exclusive",India,159
2021-09-01,"AQ Master wireless x1 Ms","Atliq Exclusive",India,438
2021-09-01,"AQ Master wireless x1 Ms","Atliq Exclusive",India,364
2021-09-01,"AQ Master wireless x1 Ms","Atliq Exclusive",India,695
2021-09-01,"AQ Master wireless x1 Ms","Atliq Exclusive",India,576
2021-09-01,"AQ Master wireless x1 Ms","Atliq Exclusive",India,1073
2021-09-01,"AQ Master wireless x1 Ms","Atliq Exclusive",India,816
2021-09-01,"AQ Master wireless x1 Ms","Atliq Exclusive",India,516
2021-09-01,"AQ Master wireless x1 Ms","Atliq Exclusive",India,673
2021-09-01,"AQ Master wireless x1 Ms","Atliq Exclusive",India,859
2021-09-01,"AQ Master wireless x1 Ms","Atliq Exclusive",India,1006
2021-09-01,"AQ Master wireless x1 Ms","Atliq Exclusive",India,773
2021-09-01,"AQ Master wireless x1 Ms","Atliq Exclusive",India,771
2021-09-01,"AQ Gamers Ms","Atliq Exclusive",India,178
2021-09-01,"AQ Gamers Ms","Atliq Exclusive",India,431
2021-09-01,"AQ Gamers Ms","Atliq Exclusive",India,925
2021-09-01,"AQ Gamers Ms","Atliq Exclusive",India,288
2021-09-01,"AQ Gamers Ms","Atliq Exclusive",India,1006
2021-09-01,"AQ Gamers Ms","Atliq Exclusive",India,1147
2021-09-01,"AQ Gamers Ms","Atliq Exclusive",India,1147
2021-09-01,"AQ Gamers Ms","Atliq Exclusive",India,628
2021-09-01,"AQ Gamers Ms","Atliq Exclusive",India,1092
2021-09-01,"AQ Gamers Ms","Atliq Exclusive",India,825
2021-09-01,"AQ Gamers Ms","Atliq Exclusive",India,652
2021-09-01,"AQ Gamers Ms","Atliq Exclusive",India,954
2021-09-01,"AQ Lite Ms","Atliq Exclusive",India,745
2021-09-01,"AQ Lite Ms","Atliq Exclusive",India,255
2021-09-01,"AQ Lite Ms","Atliq Exclusive",India,257
2021-09-01,"AQ Lite Ms","Atliq Exclusive",India,300
2021-09-01,"AQ Lite Ms","Atliq Exclusive",India,609
2021-09-01,"AQ Lite Ms","Atliq Exclusive",India,162
2021-09-01,"AQ Lite Ms","Atliq Exclusive",India,1087
2021-09-01,"AQ Lite Ms","Atliq Exclusive",India,381
2021-09-01,"AQ Lite Ms","Atliq Exclusive",India,928
2021-09-01,"AQ Lite Ms","Atliq Exclusive",India,588
2021-09-01,"AQ Lite Ms","Atliq Exclusive",India,124
2021-09-01,"AQ Lite Ms","Atliq Exclusive",India,956
2021-09-01,"AQ Maxima Ms","Atliq Exclusive",India,373
2021-09-01,"AQ Maxima Ms","Atliq Exclusive",India,916
2021-09-01,"AQ Maxima Ms","Atliq Exclusive",India,1061
2021-09-01,"AQ Maxima Ms","Atliq Exclusive",India,1125
2021-09-01,"AQ Maxima Ms","Atliq Exclusive",India,728
2021-09-01,"AQ Maxima Ms","Atliq Exclusive",India,761
2021-09-01,"AQ Maxima Ms","Atliq Exclusive",India,388
2021-09-01,"AQ Maxima Ms","Atliq Exclusive",India,759
2021-09-01,"AQ Maxima Ms","Atliq Exclusive",India,1113
2021-09-01,"AQ Maxima Ms","Atliq Exclusive",India,954
2021-09-01,"AQ Maxima Ms","Atliq Exclusive",India,923
2021-09-01,"AQ Maxima Ms","Atliq Exclusive",India,393
2021-09-01,"AQ Qwerty Ms","Atliq Exclusive",India,1063
2021-09-01,"AQ Qwerty Ms","Atliq Exclusive",India,833
2021-09-01,"AQ Qwerty Ms","Atliq Exclusive",India,878
2021-09-01,"AQ Qwerty Ms","Atliq Exclusive",India,671
2021-09-01,"AQ Qwerty Ms","Atliq Exclusive",India,205
2021-09-01,"AQ Qwerty Ms","Atliq Exclusive",India,533
2021-09-01,"AQ Qwerty Ms","Atliq Exclusive",India,935
2021-09-01,"AQ Qwerty Ms","Atliq Exclusive",India,659
2021-09-01,"AQ Qwerty Ms","Atliq Exclusive",India,1011
2021-09-01,"AQ Qwerty Ms","Atliq Exclusive",India,209
2021-09-01,"AQ Qwerty Ms","Atliq Exclusive",India,1018
2021-09-01,"AQ Qwerty Ms","Atliq Exclusive",India,897
2021-09-01,"AQ Trigger Ms","Atliq Exclusive",India,1175
2021-09-01,"AQ Trigger Ms","Atliq Exclusive",India,835
2021-09-01,"AQ Trigger Ms","Atliq Exclusive",India,571
2021-09-01,"AQ Trigger Ms","Atliq Exclusive",India,264
2021-09-01,"AQ Trigger Ms","Atliq Exclusive",India,921
2021-09-01,"AQ Trigger Ms","Atliq Exclusive",India,823
2021-09-01,"AQ Trigger Ms","Atliq Exclusive",India,1047
2021-09-01,"AQ Trigger Ms","Atliq Exclusive",India,878
2021-09-01,"AQ Trigger Ms","Atliq Exclusive",India,559
2021-09-01,"AQ Trigger Ms","Atliq Exclusive",India,737
2021-09-01,"AQ Trigger Ms","Atliq Exclusive",India,1142
2021-09-01,"AQ Trigger Ms","Atliq Exclusive",India,143
2021-09-01,"AQ Lumina Ms","Atliq Exclusive",India,247
2021-09-01,"AQ Lumina Ms","Atliq Exclusive",India,476
2021-09-01,"AQ Lumina Ms","Atliq Exclusive",India,231
2021-09-01,"AQ Lumina Ms","Atliq Exclusive",India,331
2021-09-01,"AQ Lumina Ms","Atliq Exclusive",India,1040
2021-09-01,"AQ Lumina Ms","Atliq Exclusive",India,599
2021-09-01,"AQ Lumina Ms","Atliq Exclusive",India,890
2021-09-01,"AQ Lumina Ms","Atliq Exclusive",India,680
2021-09-01,"AQ Lumina Ms","Atliq Exclusive",India,1092
2021-09-01,"AQ Lumina Ms","Atliq Exclusive",India,623
2021-09-01,"AQ Lumina Ms","Atliq Exclusive",India,523
2021-09-01,"AQ Lumina Ms","Atliq Exclusive",India,607
2021-09-01,"AQ Master wired x1","Atliq Exclusive",India,269
2021-09-01,"AQ Master wired x1","Atliq Exclusive",India,833
2021-09-01,"AQ Master wired x1","Atliq Exclusive",India,710
2021-09-01,"AQ Master wired x1","Atliq Exclusive",India,649
2021-09-01,"AQ Master wired x1","Atliq Exclusive",India,761
2021-09-01,"AQ Master wired x1","Atliq Exclusive",India,347
2021-09-01,"AQ Master wireless x1","Atliq Exclusive",India,751
2021-09-01,"AQ Master wireless x1","Atliq Exclusive",India,383
2021-09-01,"AQ Master wireless x1","Atliq Exclusive",India,224
2021-09-01,"AQ Master wireless x1","Atliq Exclusive",India,960
2021-09-01,"AQ Master wireless x1","Atliq Exclusive",India,1038
2021-09-01,"AQ Master wireless x1","Atliq Exclusive",India,825
2021-09-01,"AQ Master wireless x1","Atliq Exclusive",India,370
2021-09-01,"AQ Master wireless x1","Atliq Exclusive",India,958
2021-09-01,"AQ Master wireless x1","Atliq Exclusive",India,990
2021-09-01,"AQ Master wireless x1","Atliq Exclusive",India,518
2021-09-01,"AQ Master wireless x1","Atliq Exclusive",India,260
2021-09-01,"AQ Master wireless x1","Atliq Exclusive",India,548
2021-09-01,"AQ Gamers ","Atliq Exclusive",India,630
2021-09-01,"AQ Gamers ","Atliq Exclusive",India,1038
2021-09-01,"AQ Gamers ","Atliq Exclusive",India,1021
2021-09-01,"AQ Gamers ","Atliq Exclusive",India,977
2021-09-01,"AQ Gamers ","Atliq Exclusive",India,379
2021-09-01,"AQ Gamers ","Atliq Exclusive",India,266
2021-09-01,"AQ Gamers ","Atliq Exclusive",India,1026
2021-09-01,"AQ Gamers ","Atliq Exclusive",India,529
2021-09-01,"AQ Gamers ","Atliq Exclusive",India,121
2021-09-01,"AQ Gamers ","Atliq Exclusive",India,791
2021-09-01,"AQ Gamers ","Atliq Exclusive",India,952
2021-09-01,"AQ Gamers ","Atliq Exclusive",India,617
2021-09-01,"AQ Lite","Atliq Exclusive",India,1009
2021-09-01,"AQ Lite","Atliq Exclusive",India,552
2021-09-01,"AQ Lite","Atliq Exclusive",India,696
2021-09-01,"AQ Lite","Atliq Exclusive",India,565
2021-09-01,"AQ Lite","Atliq Exclusive",India,897
2021-09-01,"AQ Lite","Atliq Exclusive",India,567
2021-09-01,"AQ Lite","Atliq Exclusive",India,146
2021-09-01,"AQ Lite","Atliq Exclusive",India,527
2021-09-01,"AQ Lite","Atliq Exclusive",India,169
2021-09-01,"AQ Lite","Atliq Exclusive",India,450
2021-09-01,"AQ Lite","Atliq Exclusive",India,127
2021-09-01,"AQ Lite","Atliq Exclusive",India,677
2021-09-01,"AQ Maxima","Atliq Exclusive",India,702
2021-09-01,"AQ Maxima","Atliq Exclusive",India,842
2021-09-01,"AQ Maxima","Atliq Exclusive",India,205
2021-09-01,"AQ Maxima","Atliq Exclusive",India,381
2021-09-01,"AQ Maxima","Atliq Exclusive",India,1013
2021-09-01,"AQ Maxima","Atliq Exclusive",India,173
2021-09-01,"AQ Maxima","Atliq Exclusive",India,865
2021-09-01,"AQ Maxima","Atliq Exclusive",India,952
2021-09-01,"AQ Maxima","Atliq Exclusive",India,801
2021-09-01,"AQ Maxima","Atliq Exclusive",India,529
2021-09-01,"AQ Maxima","Atliq Exclusive",India,298
2021-09-01,"AQ Maxima","Atliq Exclusive",India,440
2021-09-01,"AQ Qwerty","Atliq Exclusive",India,1011
2021-09-01,"AQ Qwerty","Atliq Exclusive",India,404
2021-09-01,"AQ Qwerty","Atliq Exclusive",India,1038
2021-09-01,"AQ Qwerty","Atliq Exclusive",India,772
2021-09-01,"AQ Qwerty","Atliq Exclusive",India,1026
2021-09-01,"AQ Qwerty","Atliq Exclusive",India,687
2021-09-01,"AQ Qwerty","Atliq Exclusive",India,901
2021-09-01,"AQ Qwerty","Atliq Exclusive",India,463
2021-09-01,"AQ Qwerty","Atliq Exclusive",India,317
2021-09-01,"AQ Qwerty","Atliq Exclusive",India,444
2021-09-01,"AQ Qwerty","Atliq Exclusive",India,374
2021-09-01,"AQ Qwerty","Atliq Exclusive",India,438
2021-09-01,"AQ Trigger","Atliq Exclusive",India,634
2021-09-01,"AQ Trigger","Atliq Exclusive",India,495
2021-09-01,"AQ Trigger","Atliq Exclusive",India,123
2021-09-01,"AQ Trigger","Atliq Exclusive",India,888
2021-09-01,"AQ Trigger","Atliq Exclusive",India,816
2021-09-01,"AQ Trigger","Atliq Exclusive",India,260
2021-09-01,"AQ Trigger","Atliq Exclusive",India,495
2021-09-01,"AQ Trigger","Atliq Exclusive",India,643
2021-09-01,"AQ Trigger","Atliq Exclusive",India,406
2021-09-01,"AQ Trigger","Atliq Exclusive",India,818
2021-09-01,"AQ Trigger","Atliq Exclusive",India,433
2021-09-01,"AQ Trigger","Atliq Exclusive",India,939
2021-09-01,"AQ Lumina","Atliq Exclusive",India,818
2021-09-01,"AQ Lumina","Atliq Exclusive",India,353
2021-09-01,"AQ Lumina","Atliq Exclusive",India,507
2021-09-01,"AQ Lumina","Atliq Exclusive",India,615
2021-09-01,"AQ Lumina","Atliq Exclusive",India,450
2021-09-01,"AQ Lumina","Atliq Exclusive",India,952
2021-09-01,"AQ Lumina","Atliq Exclusive",India,165
2021-09-01,"AQ Lumina","Atliq Exclusive",India,262
2021-09-01,"AQ Lumina","Atliq Exclusive",India,400
2021-09-01,"AQ Lumina","Atliq Exclusive",India,833
2021-09-01,"AQ Lumina","Atliq Exclusive",India,1042
2021-09-01,"AQ Lumina","Atliq Exclusive",India,400
2021-09-01,"AQ LION x1","Atliq Exclusive",India,407
2021-09-01,"AQ LION x1","Atliq Exclusive",India,556
2021-09-01,"AQ LION x1","Atliq Exclusive",India,497
2021-09-01,"AQ LION x1","Atliq Exclusive",India,710
2021-09-01,"AQ LION x1","Atliq Exclusive",India,874
2021-09-01,"AQ LION x1","Atliq Exclusive",India,769
2021-09-01,"AQ LION x1","Atliq Exclusive",India,171
2021-09-01,"AQ LION x1","Atliq Exclusive",India,1084
2021-09-01,"AQ LION x2","Atliq Exclusive",India,911
2021-09-01,"AQ LION x2","Atliq Exclusive",India,777
2021-09-01,"AQ LION x2","Atliq Exclusive",India,177
2021-09-01,"AQ LION x2","Atliq Exclusive",India,677
2021-09-01,"AQ LION x2","Atliq Exclusive",India,964
2021-09-01,"AQ LION x2","Atliq Exclusive",India,839
2021-09-01,"AQ LION x2","Atliq Exclusive",India,762
2021-09-01,"AQ LION x2","Atliq Exclusive",India,186
2021-09-01,"AQ LION x3","Atliq Exclusive",India,782
2021-09-01,"AQ LION x3","Atliq Exclusive",India,460
2021-09-01,"AQ LION x3","Atliq Exclusive",India,537
2021-09-01,"AQ LION x3","Atliq Exclusive",India,226
2021-09-01,"AQ LION x3","Atliq Exclusive",India,191
2021-09-01,"AQ LION x3","Atliq Exclusive",India,731
2021-09-01,"AQ LION x3","Atliq Exclusive",India,427
2021-09-01,"AQ LION x3","Atliq Exclusive",India,905
2021-09-01,"AQ Mx NB","Atliq Exclusive",India,517
2021-09-01,"AQ Mx NB","Atliq Exclusive",India,589
2021-09-01,"AQ Mx NB","Atliq Exclusive",India,1027
2021-09-01,"AQ Mx NB","Atliq Exclusive",India,1023
2021-09-01,"AQ Mx NB","Atliq Exclusive",India,972
2021-09-01,"AQ Mx NB","Atliq Exclusive",India,915
2021-09-01,"AQ Mx NB","Atliq Exclusive",India,1080
2021-09-01,"AQ Mx NB","Atliq Exclusive",India,937
2021-09-01,"AQ Mx NB","Atliq Exclusive",India,364
2021-09-01,"AQ Mx NB","Atliq Exclusive",India,569
2021-09-01,"AQ Aspiron","Atliq Exclusive",India,115
2021-09-01,"AQ Aspiron","Atliq Exclusive",India,35
2021-09-01,"AQ Aspiron","Atliq Exclusive",India,106
2021-09-01,"AQ Aspiron","Atliq Exclusive",India,52
2021-09-01,"AQ Aspiron","Atliq Exclusive",India,52
2021-09-01,"AQ Aspiron","Atliq Exclusive",India,56
2021-09-01,"AQ Digit","Atliq Exclusive",India,50
2021-09-01,"AQ Digit","Atliq Exclusive",India,59
2021-09-01,"AQ Digit","Atliq Exclusive",India,63
2021-09-01,"AQ Digit","Atliq Exclusive",India,26
2021-09-01,"AQ Digit","Atliq Exclusive",India,72
2021-09-01,"AQ Digit","Atliq Exclusive",India,39
2021-09-01,"AQ Digit","Atliq Exclusive",India,100
2021-09-01,"AQ Digit","Atliq Exclusive",India,96
2021-09-01,"AQ Digit","Atliq Exclusive",India,117
2021-09-01,"AQ Digit","Atliq Exclusive",India,130
2021-09-01,"AQ Digit","Atliq Exclusive",India,63
2021-09-01,"AQ Digit","Atliq Exclusive",India,102
2021-09-01,"AQ Digit","Atliq Exclusive",India,128
2021-09-01,"AQ Digit","Atliq Exclusive",India,63
2021-09-01,"AQ Digit","Atliq Exclusive",India,104
2021-09-01,"AQ Digit","Atliq Exclusive",India,78
2021-09-01,"AQ Velocity","Atliq Exclusive",India,91
2021-09-01,"AQ Velocity","Atliq Exclusive",India,93
2021-09-01,"AQ Velocity","Atliq Exclusive",India,41
2021-09-01,"AQ Velocity","Atliq Exclusive",India,63
2021-09-01,"AQ Velocity","Atliq Exclusive",India,87
2021-09-01,"AQ Velocity","Atliq Exclusive",India,69
2021-09-01,"AQ Velocity","Atliq Exclusive",India,43
2021-09-01,"AQ Velocity","Atliq Exclusive",India,124
2021-09-01,"AQ Velocity","Atliq Exclusive",India,59
2021-09-01,"AQ Velocity","Atliq Exclusive",India,63
2021-09-01,"AQ Velocity","Atliq Exclusive",India,122
2021-09-01,"AQ Velocity","Atliq Exclusive",India,100
2021-09-01,"AQ Elite","Atliq Exclusive",India,61
2021-09-01,"AQ Elite","Atliq Exclusive",India,41
2021-09-01,"AQ Elite","Atliq Exclusive",India,41
2021-09-01,"AQ Elite","Atliq Exclusive",India,91
2021-09-01,"AQ Elite","Atliq Exclusive",India,80
2021-09-01,"AQ Elite","Atliq Exclusive",India,83
2021-09-01,"AQ Elite","Atliq Exclusive",India,67
2021-09-01,"AQ Elite","Atliq Exclusive",India,102
2021-09-01,"AQ Elite","Atliq Exclusive",India,109
2021-09-01,"AQ Elite","Atliq Exclusive",India,113
2021-09-01,"AQ Elite","Atliq Exclusive",India,63
2021-09-01,"AQ Elite","Atliq Exclusive",India,76
2021-09-01,"AQ Elite","Atliq Exclusive",India,54
2021-09-01,"AQ Elite","Atliq Exclusive",India,48
2021-09-01,"AQ Elite","Atliq Exclusive",India,83
2021-09-01,"AQ Elite","Atliq Exclusive",India,80
2021-09-01,"AQ Gen X","Atliq Exclusive",India,41
2021-09-01,"AQ Gen X","Atliq Exclusive",India,65
2021-09-01,"AQ Gen X","Atliq Exclusive",India,59
2021-09-01,"AQ Gen X","Atliq Exclusive",India,91
2021-09-01,"AQ Gen X","Atliq Exclusive",India,30
2021-09-01,"AQ Gen X","Atliq Exclusive",India,83
2021-09-01,"AQ Gen X","Atliq Exclusive",India,24
2021-09-01,"AQ Gen X","Atliq Exclusive",India,37
2021-09-01,"AQ Gen X","Atliq Exclusive",India,69
2021-09-01,"AQ Gen X","Atliq Exclusive",India,74
2021-09-01,"AQ Gen X","Atliq Exclusive",India,128
2021-09-01,"AQ Gen X","Atliq Exclusive",India,128
2021-09-01,"AQ Gen X","Atliq Exclusive",India,33
2021-09-01,"AQ Gen X","Atliq Exclusive",India,87
2021-09-01,"AQ Gen X","Atliq Exclusive",India,33
2021-09-01,"AQ Gen X","Atliq Exclusive",India,113
2021-09-01,"AQ Gen Y","Atliq Exclusive",India,117
2021-09-01,"AQ Gen Y","Atliq Exclusive",India,126
2021-09-01,"AQ Gen Y","Atliq Exclusive",India,124
2021-09-01,"AQ Gen Y","Atliq Exclusive",India,37
2021-09-01,"AQ Gen Y","Atliq Exclusive",India,26
2021-09-01,"AQ Gen Y","Atliq Exclusive",India,56
2021-09-01,"AQ Gen Y","Atliq Exclusive",India,33
2021-09-01,"AQ Gen Y","Atliq Exclusive",India,89
2021-09-01,"AQ Gen Y","Atliq Exclusive",India,30
2021-09-01,"AQ Gen Y","Atliq Exclusive",India,128
2021-09-01,"AQ Gen Y","Atliq Exclusive",India,76
2021-09-01,"AQ Gen Y","Atliq Exclusive",India,28
2021-09-01,"AQ Gen Y","Atliq Exclusive",India,91
2021-09-01,"AQ Gen Y","Atliq Exclusive",India,35
2021-09-01,"AQ Gen Y","Atliq Exclusive",India,56
2021-09-01,"AQ Gen Y","Atliq Exclusive",India,33
2021-09-01,"AQ GEN Z","Atliq Exclusive",India,96
2021-09-01,"AQ GEN Z","Atliq Exclusive",India,76
2021-09-01,"AQ GEN Z","Atliq Exclusive",India,28
2021-09-01,"AQ GEN Z","Atliq Exclusive",India,54
2021-09-01,"AQ GEN Z","Atliq Exclusive",India,46
2021-09-01,"AQ GEN Z","Atliq Exclusive",India,39
2021-09-01,"AQ GEN Z","Atliq Exclusive",India,89
2021-09-01,"AQ GEN Z","Atliq Exclusive",India,56
2021-09-01,"AQ GEN Z","Atliq Exclusive",India,50
2021-09-01,"AQ GEN Z","Atliq Exclusive",India,96
2021-09-01,"AQ GEN Z","Atliq Exclusive",India,41
2021-09-01,"AQ GEN Z","Atliq Exclusive",India,104
2021-09-01,"AQ GEN Z","Atliq Exclusive",India,102
2021-09-01,"AQ GEN Z","Atliq Exclusive",India,76
2021-09-01,"AQ GEN Z","Atliq Exclusive",India,102
2021-09-01,"AQ GEN Z","Atliq Exclusive",India,122
2021-09-01,"AQ F16","Atliq Exclusive",India,74
2021-09-01,"AQ F16","Atliq Exclusive",India,61
2021-09-01,"AQ F16","Atliq Exclusive",India,69
2021-09-01,"AQ F16","Atliq Exclusive",India,37
2021-09-01,"AQ F16","Atliq Exclusive",India,89
2021-09-01,"AQ F16","Atliq Exclusive",India,65
2021-09-01,"AQ F16","Atliq Exclusive",India,106
2021-09-01,"AQ F16","Atliq Exclusive",India,52
2021-09-01,"AQ F16","Atliq Exclusive",India,87
2021-09-01,"AQ F16","Atliq Exclusive",India,26
2021-09-01,"AQ F16","Atliq Exclusive",India,52
2021-09-01,"AQ F16","Atliq Exclusive",India,69
2021-09-01,"AQ F16","Atliq Exclusive",India,78
2021-09-01,"AQ F16","Atliq Exclusive",India,43
2021-09-01,"AQ F16","Atliq Exclusive",India,72
2021-09-01,"AQ F16","Atliq Exclusive",India,91
2021-09-01,"AQ BZ 101","Atliq Exclusive",India,80
2021-09-01,"AQ BZ 101","Atliq Exclusive",India,128
2021-09-01,"AQ BZ 101","Atliq Exclusive",India,64
2021-09-01,"AQ BZ 101","Atliq Exclusive",India,54
2021-09-01,"AQ BZ 101","Atliq Exclusive",India,146
2021-09-01,"AQ BZ 101","Atliq Exclusive",India,141
2021-09-01,"AQ BZ 101","Atliq Exclusive",India,39
2021-09-01,"AQ BZ 101","Atliq Exclusive",India,139
2021-09-01,"AQ BZ Compact","Atliq Exclusive",India,49
2021-09-01,"AQ BZ Compact","Atliq Exclusive",India,39
2021-09-01,"AQ BZ Compact","Atliq Exclusive",India,44
2021-09-01,"AQ BZ Compact","Atliq Exclusive",India,31
2021-09-01,"AQ BZ Compact","Atliq Exclusive",India,134
2021-09-01,"AQ BZ Compact","Atliq Exclusive",India,121
2021-09-01,"AQ BZ Compact","Atliq Exclusive",India,39
2021-09-01,"AQ BZ Compact","Atliq Exclusive",India,72
2021-09-01,"AQ BZ Compact","Atliq Exclusive",India,80
2021-09-01,"AQ BZ Compact","Atliq Exclusive",India,110
2021-09-01,"AQ BZ Compact","Atliq Exclusive",India,95
2021-09-01,"AQ BZ Compact","Atliq Exclusive",India,31
2021-09-01,"AQ BZ Compact","Atliq Exclusive",India,69
2021-09-01,"AQ BZ Compact","Atliq Exclusive",India,46
2021-09-01,"AQ BZ Compact","Atliq Exclusive",India,85
2021-09-01,"AQ BZ Compact","Atliq Exclusive",India,69
2021-09-01,"AQ BZ Gen Y","Atliq Exclusive",India,154
2021-09-01,"AQ BZ Gen Y","Atliq Exclusive",India,51
2021-09-01,"AQ BZ Gen Y","Atliq Exclusive",India,77
2021-09-01,"AQ BZ Gen Y","Atliq Exclusive",India,126
2021-09-01,"AQ BZ Gen Y","Atliq Exclusive",India,36
2021-09-01,"AQ BZ Gen Y","Atliq Exclusive",India,98
2021-09-01,"AQ BZ Gen Y","Atliq Exclusive",India,87
2021-09-01,"AQ BZ Gen Y","Atliq Exclusive",India,80
2021-09-01,"AQ BZ Gen Y","Atliq Exclusive",India,144
2021-09-01,"AQ BZ Gen Y","Atliq Exclusive",India,62
2021-09-01,"AQ BZ Gen Y","Atliq Exclusive",India,54
2021-09-01,"AQ BZ Gen Y","Atliq Exclusive",India,100
2021-09-01,"AQ BZ Gen Y","Atliq Exclusive",India,149
2021-09-01,"AQ BZ Gen Y","Atliq Exclusive",India,103
2021-09-01,"AQ BZ Gen Z","Atliq Exclusive",India,95
2021-09-01,"AQ BZ Gen Z","Atliq Exclusive",India,62
2021-09-01,"AQ BZ Gen Z","Atliq Exclusive",India,92
2021-09-01,"AQ BZ Gen Z","Atliq Exclusive",India,146
2021-09-01,"AQ BZ Gen Z","Atliq Exclusive",India,69
2021-09-01,"AQ BZ Gen Z","Atliq Exclusive",India,59
2021-09-01,"AQ BZ Gen Z","Atliq Exclusive",India,77
2021-09-01,"AQ BZ Gen Z","Atliq Exclusive",India,85
2021-09-01,"AQ BZ Gen Z","Atliq Exclusive",India,105
2021-09-01,"AQ BZ Gen Z","Atliq Exclusive",India,74
2021-09-01,"AQ BZ Gen Z","Atliq Exclusive",India,56
2021-09-01,"AQ BZ Gen Z","Atliq Exclusive",India,74
2021-09-01,"AQ BZ Gen Z","Atliq Exclusive",India,131
2021-09-01,"AQ BZ Gen Z","Atliq Exclusive",India,134
2021-09-01,"AQ Gamer 1","Atliq Exclusive",India,136
2021-09-01,"AQ Gamer 1","Atliq Exclusive",India,48
2021-09-01,"AQ Gamer 1","Atliq Exclusive",India,138
2021-09-01,"AQ Gamer 1","Atliq Exclusive",India,60
2021-09-01,"AQ Gamer 1","Atliq Exclusive",India,108
2021-09-01,"AQ Gamer 1","Atliq Exclusive",India,116
2021-09-01,"AQ Gamer 1","Atliq Exclusive",India,63
2021-09-01,"AQ Gamer 1","Atliq Exclusive",India,35
2021-09-01,"AQ Gamer 1","Atliq Exclusive",India,48
2021-09-01,"AQ Gamer 1","Atliq Exclusive",India,151
2021-09-01,"AQ Gamer 1","Atliq Exclusive",India,126
2021-09-01,"AQ Gamer 1","Atliq Exclusive",India,103
2021-09-01,"AQ Gamer 2","Atliq Exclusive",India,75
2021-09-01,"AQ Gamer 2","Atliq Exclusive",India,78
2021-09-01,"AQ Gamer 2","Atliq Exclusive",India,113
2021-09-01,"AQ Gamer 2","Atliq Exclusive",India,53
2021-09-01,"AQ Gamer 2","Atliq Exclusive",India,113
2021-09-01,"AQ Gamer 2","Atliq Exclusive",India,90
2021-09-01,"AQ Gamer 2","Atliq Exclusive",India,136
2021-09-01,"AQ Gamer 2","Atliq Exclusive",India,58
2021-09-01,"AQ Gamer 2","Atliq Exclusive",India,45
2021-09-01,"AQ Gamer 2","Atliq Exclusive",India,121
2021-09-01,"AQ Gamer 2","Atliq Exclusive",India,78
2021-09-01,"AQ Gamer 2","Atliq Exclusive",India,35
2021-09-01,"AQ Gamer 2","Atliq Exclusive",India,123
2021-09-01,"AQ Gamer 2","Atliq Exclusive",India,40
2021-09-01,"AQ Gamer 2","Atliq Exclusive",India,33
2021-09-01,"AQ Gamer 2","Atliq Exclusive",India,85
2021-09-01,"AQ Gamer 3","Atliq Exclusive",India,138
2021-09-01,"AQ Gamer 3","Atliq Exclusive",India,38
2021-09-01,"AQ Gamer 3","Atliq Exclusive",India,85
2021-09-01,"AQ Gamer 3","Atliq Exclusive",India,40
2021-09-01,"AQ Gamer 3","Atliq Exclusive",India,70
2021-09-01,"AQ Gamer 3","Atliq Exclusive",India,73
2021-09-01,"AQ Gamer 3","Atliq Exclusive",India,50
2021-09-01,"AQ Gamer 3","Atliq Exclusive",India,141
2021-09-01,"AQ Gamer 3","Atliq Exclusive",India,33
2021-09-01,"AQ Gamer 3","Atliq Exclusive",India,113
2021-09-01,"AQ Smash 1","Atliq Exclusive",India,63
2021-09-01,"AQ Smash 1","Atliq Exclusive",India,116
2021-09-01,"AQ Smash 1","Atliq Exclusive",India,38
2021-09-01,"AQ Smash 1","Atliq Exclusive",India,38
2021-09-01,"AQ Smash 1","Atliq Exclusive",India,70
2021-09-01,"AQ Smash 1","Atliq Exclusive",India,105
2021-09-01,"AQ Smash 1","Atliq Exclusive",India,68
2021-09-01,"AQ Smash 1","Atliq Exclusive",India,68
2021-09-01,"AQ Smash 1","Atliq Exclusive",India,78
2021-09-01,"AQ Smash 1","Atliq Exclusive",India,50
2021-09-01,"AQ Smash 1","Atliq Exclusive",India,98
2021-09-01,"AQ Smash 1","Atliq Exclusive",India,68
2021-09-01,"AQ Smash 1","Atliq Exclusive",India,43
2021-09-01,"AQ Smash 1","Atliq Exclusive",India,78
2021-09-01,"AQ Smash 1","Atliq Exclusive",India,138
2021-09-01,"AQ Smash 1","Atliq Exclusive",India,126
2021-09-01,"AQ Smash 2","Atliq Exclusive",India,136
2021-09-01,"AQ Smash 2","Atliq Exclusive",India,118
2021-09-01,"AQ Smash 2","Atliq Exclusive",India,151
2021-09-01,"AQ Smash 2","Atliq Exclusive",India,148
2021-09-01,"AQ Smash 2","Atliq Exclusive",India,141
2021-09-01,"AQ Smash 2","Atliq Exclusive",India,110
2021-09-01,"AQ Smash 2","Atliq Exclusive",India,151
2021-09-01,"AQ Smash 2","Atliq Exclusive",India,65
2021-09-01,"AQ Smash 2","Atliq Exclusive",India,48
2021-09-01,"AQ Smash 2","Atliq Exclusive",India,38
2021-09-01,"AQ Smash 2","Atliq Exclusive",India,113
2021-09-01,"AQ Smash 2","Atliq Exclusive",India,28
2021-09-01,"AQ Smash 2","Atliq Exclusive",India,38
2021-09-01,"AQ Smash 2","Atliq Exclusive",India,136
2021-09-01,"AQ Smash 2","Atliq Exclusive",India,90
2021-09-01,"AQ Smash 2","Atliq Exclusive",India,128
2021-09-01,"AQ BZ Allin1","Atliq Exclusive",India,105
2021-09-01,"AQ BZ Allin1","Atliq Exclusive",India,151
2021-09-01,"AQ BZ Allin1","Atliq Exclusive",India,56
2021-09-01,"AQ BZ Allin1","Atliq Exclusive",India,105
2021-09-01,"AQ BZ Allin1","Atliq Exclusive",India,82
2021-09-01,"AQ BZ Allin1","Atliq Exclusive",India,39
2021-09-01,"AQ BZ Allin1","Atliq Exclusive",India,141
2021-09-01,"AQ BZ Allin1","Atliq Exclusive",India,69
2021-09-01,"AQ BZ Allin1","Atliq Exclusive",India,72
2021-09-01,"AQ BZ Allin1","Atliq Exclusive",India,110
2021-09-01,"AQ BZ Allin1","Atliq Exclusive",India,82
2021-09-01,"AQ BZ Allin1","Atliq Exclusive",India,105
2021-09-01,"AQ BZ Allin1 Gen 2","Atliq Exclusive",India,146
2021-09-01,"AQ BZ Allin1 Gen 2","Atliq Exclusive",India,146
2021-09-01,"AQ BZ Allin1 Gen 2","Atliq Exclusive",India,123
2021-09-01,"AQ BZ Allin1 Gen 2","Atliq Exclusive",India,134
2021-09-01,"AQ BZ Allin1 Gen 2","Atliq Exclusive",India,69
2021-09-01,"AQ BZ Allin1 Gen 2","Atliq Exclusive",India,54
2021-09-01,"AQ BZ Allin1 Gen 2","Atliq Exclusive",India,108
2021-09-01,"AQ BZ Allin1 Gen 2","Atliq Exclusive",India,113
2021-09-01,"AQ BZ Allin1 Gen 2","Atliq Exclusive",India,74
2021-09-01,"AQ BZ Allin1 Gen 2","Atliq Exclusive",India,103
2021-09-01,"AQ BZ Allin1 Gen 2","Atliq Exclusive",India,126
2021-09-01,"AQ BZ Allin1 Gen 2","Atliq Exclusive",India,72
2021-09-01,"AQ BZ Allin1 Gen 2","Atliq Exclusive",India,90
2021-09-01,"AQ BZ Allin1 Gen 2","Atliq Exclusive",India,49
2021-09-01,"AQ BZ Allin1 Gen 2","Atliq Exclusive",India,80
2021-09-01,"AQ BZ Allin1 Gen 2","Atliq Exclusive",India,31
2021-09-01,"AQ Home Allin1","Atliq Exclusive",India,105
2021-09-01,"AQ Home Allin1","Atliq Exclusive",India,46
2021-09-01,"AQ Home Allin1","Atliq Exclusive",India,132
2021-09-01,"AQ Home Allin1","Atliq Exclusive",India,27
2021-09-01,"AQ Home Allin1","Atliq Exclusive",India,43
2021-09-01,"AQ Home Allin1","Atliq Exclusive",India,135
2021-09-01,"AQ Home Allin1","Atliq Exclusive",India,91
2021-09-01,"AQ Home Allin1","Atliq Exclusive",India,96
2021-09-01,"AQ Home Allin1","Atliq Exclusive",India,50
2021-09-01,"AQ Home Allin1","Atliq Exclusive",India,37
2021-09-01,"AQ Home Allin1","Atliq Exclusive",India,43
2021-09-01,"AQ Home Allin1","Atliq Exclusive",India,25
2021-09-01,"AQ HOME Allin1 Gen 2","Atliq Exclusive",India,32
2021-09-01,"AQ HOME Allin1 Gen 2","Atliq Exclusive",India,110
2021-09-01,"AQ HOME Allin1 Gen 2","Atliq Exclusive",India,119
2021-09-01,"AQ HOME Allin1 Gen 2","Atliq Exclusive",India,32
2021-09-01,"AQ HOME Allin1 Gen 2","Atliq Exclusive",India,137
2021-09-01,"AQ HOME Allin1 Gen 2","Atliq Exclusive",India,66
2021-09-01,"AQ HOME Allin1 Gen 2","Atliq Exclusive",India,46
2021-09-01,"AQ HOME Allin1 Gen 2","Atliq Exclusive",India,112
2021-09-01,"AQ HOME Allin1 Gen 2","Atliq Exclusive",India,94
2021-09-01,"AQ HOME Allin1 Gen 2","Atliq Exclusive",India,101
2021-09-01,"AQ HOME Allin1 Gen 2","Atliq Exclusive",India,87
2021-09-01,"AQ HOME Allin1 Gen 2","Atliq Exclusive",India,82
2021-09-01,"AQ HOME Allin1 Gen 2","Atliq Exclusive",India,91
2021-09-01,"AQ HOME Allin1 Gen 2","Atliq Exclusive",India,66
2021-09-01,"AQ HOME Allin1 Gen 2","Atliq Exclusive",India,59
2021-09-01,"AQ HOME Allin1 Gen 2","Atliq Exclusive",India,80
2021-09-01,"AQ Digit SSD","Atliq Exclusive",India,956
2021-09-01,"AQ Digit SSD","Atliq Exclusive",India,679
2021-09-01,"AQ Neuer SSD","Atliq Exclusive",India,820
2021-09-01,"AQ Neuer SSD","Atliq Exclusive",India,1142
2021-09-01,"AQ Neuer SSD","Atliq Exclusive",India,221
2021-09-01,"AQ Neuer SSD","Atliq Exclusive",India,553
2021-09-01,"AQ Neuer SSD","Atliq Exclusive",India,933
2021-09-01,"AQ Neuer SSD","Atliq Exclusive",India,170
2021-09-01,"AQ Clx1","Atliq Exclusive",India,684
2021-09-01,"AQ Clx1","Atliq Exclusive",India,217
2021-09-01,"AQ Clx1","Atliq Exclusive",India,726
2021-09-01,"AQ Clx1","Atliq Exclusive",India,1018
2021-09-01,"AQ Clx1","Atliq Exclusive",India,484
2021-09-01,"AQ Clx1","Atliq Exclusive",India,714
2021-09-01,"AQ Clx2","Atliq Exclusive",India,316
2021-09-01,"AQ Clx2","Atliq Exclusive",India,385
2021-09-01,"AQ Clx2","Atliq Exclusive",India,785
2021-09-01,"AQ Clx2","Atliq Exclusive",India,336
2021-09-01,"AQ Clx2","Atliq Exclusive",India,587
2021-09-01,"AQ Clx2","Atliq Exclusive",India,843
2021-09-01,"AQ Clx3","Atliq Exclusive",India,518
2021-09-01,"AQ Clx3","Atliq Exclusive",India,829
2021-09-01,"AQ Clx3","Atliq Exclusive",India,127
2021-09-01,"AQ Clx3","Atliq Exclusive",India,217
2021-09-01,"AQ Clx3","Atliq Exclusive",India,700
2021-09-01,"AQ Clx3","Atliq Exclusive",India,647
2021-09-01,"AQ Pen Drive 2 IN 1","Atliq Exclusive",India,606
2021-09-01,"AQ Pen Drive 2 IN 1","Atliq Exclusive",India,671
2021-09-01,"AQ Pen Drive DRC","Atliq Exclusive",India,1016
2021-09-01,"AQ Pen Drive DRC","Atliq Exclusive",India,549
2021-09-01,"AQ Pen Drive DRC","Atliq Exclusive",India,213
2021-09-01,"AQ Pen Drive DRC","Atliq Exclusive",India,682
2021-09-01,"AQ Pen Drive DRC","Atliq Exclusive",India,402
2021-09-01,"AQ Pen Drive DRC","Atliq Exclusive",India,135
2021-09-01,"AQ Wi Power Dx2","Atliq Exclusive",India,680
2021-09-01,"AQ Wi Power Dx2","Atliq Exclusive",India,656
2021-09-01,"AQ Wi Power Dx2","Atliq Exclusive",India,165
2021-09-01,"AQ Wi Power Dx2","Atliq Exclusive",India,790
2021-09-01,"AQ Wi Power Dx2","Atliq Exclusive",India,157
2021-09-01,"AQ Wi Power Dx2","Atliq Exclusive",India,566
2021-09-01,"AQ Wi Power Dx3","Atliq Exclusive",India,478
2021-09-01,"AQ Wi Power Dx3","Atliq Exclusive",India,364
2021-09-01,"AQ Wi Power Dx3","Atliq Exclusive",India,624
2021-09-01,"AQ Wi Power Dx3","Atliq Exclusive",India,339
2021-09-01,"AQ Wi Power Dx3","Atliq Exclusive",India,266
2021-09-01,"AQ Wi Power Dx3","Atliq Exclusive",India,246
2021-10-01,"AQ Dracula HDD – 3.5 Inch SATA 6 Gb/s 5400 RPM 256 MB Cache","Atliq Exclusive",India,594
2021-10-01,"AQ Dracula HDD – 3.5 Inch SATA 6 Gb/s 5400 RPM 256 MB Cache","Atliq Exclusive",India,1292
2021-10-01,"AQ WereWolf NAS Internal Hard Drive HDD – 8.89 cm","Atliq Exclusive",India,1081
2021-10-01,"AQ WereWolf NAS Internal Hard Drive HDD – 8.89 cm","Atliq Exclusive",India,578
2021-10-01,"AQ WereWolf NAS Internal Hard Drive HDD – 8.89 cm","Atliq Exclusive",India,819
2021-10-01,"AQ Zion Saga","Atliq Exclusive",India,254
2021-10-01,"AQ Zion Saga","Atliq Exclusive",India,1244
2021-10-01,"AQ Zion Saga","Atliq Exclusive",India,1086
2021-10-01,"AQ Mforce Gen X","Atliq Exclusive",India,1117
2021-10-01,"AQ Mforce Gen X","Atliq Exclusive",India,1299
2021-10-01,"AQ Mforce Gen X","Atliq Exclusive",India,574
2021-10-01,"AQ Mforce Gen X","Atliq Exclusive",India,1543
2021-10-01,"AQ Mforce Gen Y","Atliq Exclusive",India,357
2021-10-01,"AQ Mforce Gen Y","Atliq Exclusive",India,381
2021-10-01,"AQ Mforce Gen Y","Atliq Exclusive",India,244
2021-10-01,"AQ Mforce Gen Y","Atliq Exclusive",India,1357
2021-10-01,"AQ Mforce Gen Y","Atliq Exclusive",India,1632
2021-10-01,"AQ Mforce Gen Z","Atliq Exclusive",India,983
2021-10-01,"AQ Mforce Gen Z","Atliq Exclusive",India,309
2021-10-01,"AQ Mforce Gen Z","Atliq Exclusive",India,316
2021-10-01,"AQ Mforce Gen Z","Atliq Exclusive",India,515
2021-10-01,"AQ Mforce Gen Z","Atliq Exclusive",India,876
2021-10-01,"AQ Mforce Gen Z","Atliq Exclusive",India,189
2021-10-01,"AQ Mforce Gen Z","Atliq Exclusive",India,1440
2021-10-01,"AQ Mforce Gen Z","Atliq Exclusive",India,883
2021-10-01,"AQ GT 21","Atliq Exclusive",India,1206
2021-10-01,"AQ GT 21","Atliq Exclusive",India,649
2021-10-01,"AQ GT 21","Atliq Exclusive",India,594
2021-10-01,"AQ GT 21","Atliq Exclusive",India,739
2021-10-01,"AQ Marquee P3","Atliq Exclusive",India,1237
2021-10-01,"AQ Marquee P3","Atliq Exclusive",India,680
2021-10-01,"AQ Marquee P3","Atliq Exclusive",India,1316
2021-10-01,"AQ Marquee P3","Atliq Exclusive",India,584
2021-10-01,"AQ Marquee P4","Atliq Exclusive",India,1536
2021-10-01,"AQ Marquee P4","Atliq Exclusive",India,443
2021-10-01,"AQ Marquee P4","Atliq Exclusive",India,735
2021-10-01,"AQ Marquee P4","Atliq Exclusive",India,1124
2021-10-01,"AQ 5000 Series Electron 8 5900X Desktop Processor","Atliq Exclusive",India,1318
2021-10-01,"AQ 5000 Series Electron 8 5900X Desktop Processor","Atliq Exclusive",India,186
2021-10-01,"AQ 5000 Series Electron 8 5900X Desktop Processor","Atliq Exclusive",India,1416
2021-10-01,"AQ 5000 Series Ultron 8 5900X Desktop Processor","Atliq Exclusive",India,562
2021-10-01,"AQ 5000 Series Ultron 8 5900X Desktop Processor","Atliq Exclusive",India,386
2021-10-01,"AQ 5000 Series Ultron 8 5900X Desktop Processor","Atliq Exclusive",India,616
2021-10-01,"AQ Electron 5 3600 Desktop Processor","Atliq Exclusive",India,830
2021-10-01,"AQ Electron 5 3600 Desktop Processor","Atliq Exclusive",India,1375
2021-10-01,"AQ Electron 5 3600 Desktop Processor","Atliq Exclusive",India,1436
2021-10-01,"AQ Electron 4 3600 Desktop Processor","Atliq Exclusive",India,616
2021-10-01,"AQ Electron 4 3600 Desktop Processor","Atliq Exclusive",India,1511
2021-10-01,"AQ Electron 4 3600 Desktop Processor","Atliq Exclusive",India,877
2021-10-01,"AQ Electron 3 3600 Desktop Processor","Atliq Exclusive",India,308
2021-10-01,"AQ Electron 3 3600 Desktop Processor","Atliq Exclusive",India,396
2021-10-01,"AQ Electron 3 3600 Desktop Processor","Atliq Exclusive",India,1582
2021-10-01,"AQ MB Crossx","Atliq Exclusive",India,688
2021-10-01,"AQ MB Crossx","Atliq Exclusive",India,1169
2021-10-01,"AQ MB Crossx","Atliq Exclusive",India,950
2021-10-01,"AQ MB Crossx","Atliq Exclusive",India,1281
2021-10-01,"AQ MB Crossx 2","Atliq Exclusive",India,1265
2021-10-01,"AQ MB Crossx 2","Atliq Exclusive",India,313
2021-10-01,"AQ MB Crossx 2","Atliq Exclusive",India,498
2021-10-01,"AQ MB Crossx 2","Atliq Exclusive",India,655
2021-10-01,"AQ MB Lito","Atliq Exclusive",India,214
2021-10-01,"AQ MB Lito","Atliq Exclusive",India,522
2021-10-01,"AQ MB Lito","Atliq Exclusive",India,530
2021-10-01,"AQ MB Lito","Atliq Exclusive",India,1319
2021-10-01,"AQ MB Lito 2","Atliq Exclusive",India,546
2021-10-01,"AQ MB Lito 2","Atliq Exclusive",India,698
2021-10-01,"AQ MB Lito 2","Atliq Exclusive",India,433
2021-10-01,"AQ MB Lito 2","Atliq Exclusive",India,784
2021-10-01,"AQ Master wired x1 Ms","Atliq Exclusive",India,875
2021-10-01,"AQ Master wired x1 Ms","Atliq Exclusive",India,996
2021-10-01,"AQ Master wired x1 Ms","Atliq Exclusive",India,1500
2021-10-01,"AQ Master wired x1 Ms","Atliq Exclusive",India,820
2021-10-01,"AQ Master wireless x1 Ms","Atliq Exclusive",India,501
2021-10-01,"AQ Master wireless x1 Ms","Atliq Exclusive",India,260
2021-10-01,"AQ Master wireless x1 Ms","Atliq Exclusive",India,1534
2021-10-01,"AQ Master wireless x1 Ms","Atliq Exclusive",India,195
2021-10-01,"AQ Master wireless x1 Ms","Atliq Exclusive",India,631
2021-10-01,"AQ Master wireless x1 Ms","Atliq Exclusive",India,1540
2021-10-01,"AQ Gamers Ms","Atliq Exclusive",India,1512
2021-10-01,"AQ Gamers Ms","Atliq Exclusive",India,1308
2021-10-01,"AQ Gamers Ms","Atliq Exclusive",India,631
2021-10-01,"AQ Gamers Ms","Atliq Exclusive",India,894
2021-10-01,"AQ Gamers Ms","Atliq Exclusive",India,498
2021-10-01,"AQ Gamers Ms","Atliq Exclusive",India,826
2021-10-01,"AQ Lite Ms","Atliq Exclusive",India,1481
2021-10-01,"AQ Lite Ms","Atliq Exclusive",India,591
2021-10-01,"AQ Lite Ms","Atliq Exclusive",India,1256
2021-10-01,"AQ Lite Ms","Atliq Exclusive",India,1092
2021-10-01,"AQ Lite Ms","Atliq Exclusive",India,1061
2021-10-01,"AQ Lite Ms","Atliq Exclusive",India,884
2021-10-01,"AQ Maxima Ms","Atliq Exclusive",India,566
2021-10-01,"AQ Maxima Ms","Atliq Exclusive",India,946
2021-10-01,"AQ Maxima Ms","Atliq Exclusive",India,186
2021-10-01,"AQ Maxima Ms","Atliq Exclusive",India,232
2021-10-01,"AQ Maxima Ms","Atliq Exclusive",India,953
2021-10-01,"AQ Maxima Ms","Atliq Exclusive",India,591
2021-10-01,"AQ Qwerty Ms","Atliq Exclusive",India,1129
2021-10-01,"AQ Qwerty Ms","Atliq Exclusive",India,1141
2021-10-01,"AQ Qwerty Ms","Atliq Exclusive",India,563
2021-10-01,"AQ Qwerty Ms","Atliq Exclusive",India,430
2021-10-01,"AQ Qwerty Ms","Atliq Exclusive",India,544
2021-10-01,"AQ Qwerty Ms","Atliq Exclusive",India,213
2021-10-01,"AQ Trigger Ms","Atliq Exclusive",India,173
2021-10-01,"AQ Trigger Ms","Atliq Exclusive",India,1336
2021-10-01,"AQ Trigger Ms","Atliq Exclusive",India,857
2021-10-01,"AQ Trigger Ms","Atliq Exclusive",India,1466
2021-10-01,"AQ Trigger Ms","Atliq Exclusive",India,597
2021-10-01,"AQ Trigger Ms","Atliq Exclusive",India,717
2021-10-01,"AQ Lumina Ms","Atliq Exclusive",India,1305
2021-10-01,"AQ Lumina Ms","Atliq Exclusive",India,1302
2021-10-01,"AQ Lumina Ms","Atliq Exclusive",India,996
2021-10-01,"AQ Lumina Ms","Atliq Exclusive",India,1518
2021-10-01,"AQ Lumina Ms","Atliq Exclusive",India,1132
2021-10-01,"AQ Lumina Ms","Atliq Exclusive",India,850
2021-10-01,"AQ Master wired x1","Atliq Exclusive",India,992
2021-10-01,"AQ Master wired x1","Atliq Exclusive",India,819
2021-10-01,"AQ Master wired x1","Atliq Exclusive",India,1347
2021-10-01,"AQ Master wireless x1","Atliq Exclusive",India,140
2021-10-01,"AQ Master wireless x1","Atliq Exclusive",India,970
2021-10-01,"AQ Master wireless x1","Atliq Exclusive",India,1025
2021-10-01,"AQ Master wireless x1","Atliq Exclusive",India,1152
2021-10-01,"AQ Master wireless x1","Atliq Exclusive",India,1372
2021-10-01,"AQ Master wireless x1","Atliq Exclusive",India,1091
2021-10-01,"AQ Gamers ","Atliq Exclusive",India,1144
2021-10-01,"AQ Gamers ","Atliq Exclusive",India,173
2021-10-01,"AQ Gamers ","Atliq Exclusive",India,690
2021-10-01,"AQ Gamers ","Atliq Exclusive",India,1336
2021-10-01,"AQ Gamers ","Atliq Exclusive",India,866
2021-10-01,"AQ Gamers ","Atliq Exclusive",India,1157
2021-10-01,"AQ Lite","Atliq Exclusive",India,836
2021-10-01,"AQ Lite","Atliq Exclusive",India,1160
2021-10-01,"AQ Lite","Atliq Exclusive",India,1254
2021-10-01,"AQ Lite","Atliq Exclusive",India,261
2021-10-01,"AQ Lite","Atliq Exclusive",India,1243
2021-10-01,"AQ Lite","Atliq Exclusive",India,1372
2021-10-01,"AQ Maxima","Atliq Exclusive",India,525
2021-10-01,"AQ Maxima","Atliq Exclusive",India,421
2021-10-01,"AQ Maxima","Atliq Exclusive",India,1270
2021-10-01,"AQ Maxima","Atliq Exclusive",India,687
2021-10-01,"AQ Maxima","Atliq Exclusive",India,970
2021-10-01,"AQ Maxima","Atliq Exclusive",India,1218
2021-10-01,"AQ Qwerty","Atliq Exclusive",India,926
2021-10-01,"AQ Qwerty","Atliq Exclusive",India,1204
2021-10-01,"AQ Qwerty","Atliq Exclusive",India,750
2021-10-01,"AQ Qwerty","Atliq Exclusive",India,935
2021-10-01,"AQ Qwerty","Atliq Exclusive",India,448
2021-10-01,"AQ Qwerty","Atliq Exclusive",India,544
2021-10-01,"AQ Trigger","Atliq Exclusive",India,635
2021-10-01,"AQ Trigger","Atliq Exclusive",India,1344
2021-10-01,"AQ Trigger","Atliq Exclusive",India,940
2021-10-01,"AQ Trigger","Atliq Exclusive",India,852
2021-10-01,"AQ Trigger","Atliq Exclusive",India,761
2021-10-01,"AQ Trigger","Atliq Exclusive",India,1267
2021-10-01,"AQ Lumina","Atliq Exclusive",India,1281
2021-10-01,"AQ Lumina","Atliq Exclusive",India,509
2021-10-01,"AQ Lumina","Atliq Exclusive",India,440
2021-10-01,"AQ Lumina","Atliq Exclusive",India,687
2021-10-01,"AQ Lumina","Atliq Exclusive",India,811
2021-10-01,"AQ Lumina","Atliq Exclusive",India,1369
2021-10-01,"AQ LION x1","Atliq Exclusive",India,510
2021-10-01,"AQ LION x1","Atliq Exclusive",India,991
2021-10-01,"AQ LION x1","Atliq Exclusive",India,1193
2021-10-01,"AQ LION x1","Atliq Exclusive",India,769
2021-10-01,"AQ LION x2","Atliq Exclusive",India,493
2021-10-01,"AQ LION x2","Atliq Exclusive",India,1361
2021-10-01,"AQ LION x2","Atliq Exclusive",India,447
2021-10-01,"AQ LION x2","Atliq Exclusive",India,652
2021-10-01,"AQ LION x3","Atliq Exclusive",India,797
2021-10-01,"AQ LION x3","Atliq Exclusive",India,1028
2021-10-01,"AQ LION x3","Atliq Exclusive",India,512
2021-10-01,"AQ LION x3","Atliq Exclusive",India,1133
2021-10-01,"AQ Mx NB","Atliq Exclusive",India,791
2021-10-01,"AQ Mx NB","Atliq Exclusive",India,1016
2021-10-01,"AQ Mx NB","Atliq Exclusive",India,396
2021-10-01,"AQ Mx NB","Atliq Exclusive",India,1079
2021-10-01,"AQ Mx NB","Atliq Exclusive",India,487
2021-10-01,"AQ Aspiron","Atliq Exclusive",India,99
2021-10-01,"AQ Aspiron","Atliq Exclusive",India,152
2021-10-01,"AQ Aspiron","Atliq Exclusive",India,138
2021-10-01,"AQ Digit","Atliq Exclusive",India,107
2021-10-01,"AQ Digit","Atliq Exclusive",India,158
2021-10-01,"AQ Digit","Atliq Exclusive",India,113
2021-10-01,"AQ Digit","Atliq Exclusive",India,76
2021-10-01,"AQ Digit","Atliq Exclusive",India,31
2021-10-01,"AQ Digit","Atliq Exclusive",India,161
2021-10-01,"AQ Digit","Atliq Exclusive",India,85
2021-10-01,"AQ Digit","Atliq Exclusive",India,68
2021-10-01,"AQ Velocity","Atliq Exclusive",India,161
2021-10-01,"AQ Velocity","Atliq Exclusive",India,113
2021-10-01,"AQ Velocity","Atliq Exclusive",India,73
2021-10-01,"AQ Velocity","Atliq Exclusive",India,65
2021-10-01,"AQ Velocity","Atliq Exclusive",India,99
2021-10-01,"AQ Velocity","Atliq Exclusive",India,107
2021-10-01,"AQ Elite","Atliq Exclusive",India,51
2021-10-01,"AQ Elite","Atliq Exclusive",India,37
2021-10-01,"AQ Elite","Atliq Exclusive",India,130
2021-10-01,"AQ Elite","Atliq Exclusive",India,73
2021-10-01,"AQ Elite","Atliq Exclusive",India,76
2021-10-01,"AQ Elite","Atliq Exclusive",India,155
2021-10-01,"AQ Elite","Atliq Exclusive",India,56
2021-10-01,"AQ Elite","Atliq Exclusive",India,135
2021-10-01,"AQ Gen X","Atliq Exclusive",India,62
2021-10-01,"AQ Gen X","Atliq Exclusive",India,40
2021-10-01,"AQ Gen X","Atliq Exclusive",India,147
2021-10-01,"AQ Gen X","Atliq Exclusive",India,65
2021-10-01,"AQ Gen X","Atliq Exclusive",India,167
2021-10-01,"AQ Gen X","Atliq Exclusive",India,104
2021-10-01,"AQ Gen X","Atliq Exclusive",India,31
2021-10-01,"AQ Gen X","Atliq Exclusive",India,59
2021-10-01,"AQ Gen Y","Atliq Exclusive",India,158
2021-10-01,"AQ Gen Y","Atliq Exclusive",India,93
2021-10-01,"AQ Gen Y","Atliq Exclusive",India,82
2021-10-01,"AQ Gen Y","Atliq Exclusive",India,121
2021-10-01,"AQ Gen Y","Atliq Exclusive",India,164
2021-10-01,"AQ Gen Y","Atliq Exclusive",India,167
2021-10-01,"AQ Gen Y","Atliq Exclusive",India,59
2021-10-01,"AQ Gen Y","Atliq Exclusive",India,56
2021-10-01,"AQ GEN Z","Atliq Exclusive",India,87
2021-10-01,"AQ GEN Z","Atliq Exclusive",India,150
2021-10-01,"AQ GEN Z","Atliq Exclusive",India,121
2021-10-01,"AQ GEN Z","Atliq Exclusive",India,48
2021-10-01,"AQ GEN Z","Atliq Exclusive",India,37
2021-10-01,"AQ GEN Z","Atliq Exclusive",India,90
2021-10-01,"AQ GEN Z","Atliq Exclusive",India,102
2021-10-01,"AQ GEN Z","Atliq Exclusive",India,102
2021-10-01,"AQ F16","Atliq Exclusive",India,167
2021-10-01,"AQ F16","Atliq Exclusive",India,141
2021-10-01,"AQ F16","Atliq Exclusive",India,62
2021-10-01,"AQ F16","Atliq Exclusive",India,119
2021-10-01,"AQ F16","Atliq Exclusive",India,65
2021-10-01,"AQ F16","Atliq Exclusive",India,45
2021-10-01,"AQ F16","Atliq Exclusive",India,93
2021-10-01,"AQ F16","Atliq Exclusive",India,164
2021-10-01,"AQ BZ 101","Atliq Exclusive",India,110
2021-10-01,"AQ BZ 101","Atliq Exclusive",India,137
2021-10-01,"AQ BZ 101","Atliq Exclusive",India,50
2021-10-01,"AQ BZ 101","Atliq Exclusive",India,187
2021-10-01,"AQ BZ Compact","Atliq Exclusive",India,190
2021-10-01,"AQ BZ Compact","Atliq Exclusive",India,73
2021-10-01,"AQ BZ Compact","Atliq Exclusive",India,67
2021-10-01,"AQ BZ Compact","Atliq Exclusive",India,177
2021-10-01,"AQ BZ Compact","Atliq Exclusive",India,90
2021-10-01,"AQ BZ Compact","Atliq Exclusive",India,93
2021-10-01,"AQ BZ Compact","Atliq Exclusive",India,167
2021-10-01,"AQ BZ Compact","Atliq Exclusive",India,53
2021-10-01,"AQ BZ Gen Y","Atliq Exclusive",India,83
2021-10-01,"AQ BZ Gen Y","Atliq Exclusive",India,140
2021-10-01,"AQ BZ Gen Y","Atliq Exclusive",India,37
2021-10-01,"AQ BZ Gen Y","Atliq Exclusive",India,33
2021-10-01,"AQ BZ Gen Y","Atliq Exclusive",India,137
2021-10-01,"AQ BZ Gen Y","Atliq Exclusive",India,57
2021-10-01,"AQ BZ Gen Y","Atliq Exclusive",India,144
2021-10-01,"AQ BZ Gen Z","Atliq Exclusive",India,120
2021-10-01,"AQ BZ Gen Z","Atliq Exclusive",India,177
2021-10-01,"AQ BZ Gen Z","Atliq Exclusive",India,83
2021-10-01,"AQ BZ Gen Z","Atliq Exclusive",India,167
2021-10-01,"AQ BZ Gen Z","Atliq Exclusive",India,150
2021-10-01,"AQ BZ Gen Z","Atliq Exclusive",India,57
2021-10-01,"AQ BZ Gen Z","Atliq Exclusive",India,53
2021-10-01,"AQ Gamer 1","Atliq Exclusive",India,170
2021-10-01,"AQ Gamer 1","Atliq Exclusive",India,49
2021-10-01,"AQ Gamer 1","Atliq Exclusive",India,160
2021-10-01,"AQ Gamer 1","Atliq Exclusive",India,124
2021-10-01,"AQ Gamer 1","Atliq Exclusive",India,111
2021-10-01,"AQ Gamer 1","Atliq Exclusive",India,85
2021-10-01,"AQ Gamer 2","Atliq Exclusive",India,137
2021-10-01,"AQ Gamer 2","Atliq Exclusive",India,95
2021-10-01,"AQ Gamer 2","Atliq Exclusive",India,180
2021-10-01,"AQ Gamer 2","Atliq Exclusive",India,183
2021-10-01,"AQ Gamer 2","Atliq Exclusive",India,55
2021-10-01,"AQ Gamer 2","Atliq Exclusive",India,140
2021-10-01,"AQ Gamer 2","Atliq Exclusive",India,104
2021-10-01,"AQ Gamer 2","Atliq Exclusive",India,144
2021-10-01,"AQ Gamer 3","Atliq Exclusive",India,91
2021-10-01,"AQ Gamer 3","Atliq Exclusive",India,78
2021-10-01,"AQ Gamer 3","Atliq Exclusive",India,180
2021-10-01,"AQ Gamer 3","Atliq Exclusive",India,69
2021-10-01,"AQ Gamer 3","Atliq Exclusive",India,88
2021-10-01,"AQ Smash 1","Atliq Exclusive",India,55
2021-10-01,"AQ Smash 1","Atliq Exclusive",India,137
2021-10-01,"AQ Smash 1","Atliq Exclusive",India,147
2021-10-01,"AQ Smash 1","Atliq Exclusive",India,144
2021-10-01,"AQ Smash 1","Atliq Exclusive",India,62
2021-10-01,"AQ Smash 1","Atliq Exclusive",India,140
2021-10-01,"AQ Smash 1","Atliq Exclusive",India,137
2021-10-01,"AQ Smash 1","Atliq Exclusive",India,124
2021-10-01,"AQ Smash 2","Atliq Exclusive",India,183
2021-10-01,"AQ Smash 2","Atliq Exclusive",India,55
2021-10-01,"AQ Smash 2","Atliq Exclusive",India,150
2021-10-01,"AQ Smash 2","Atliq Exclusive",India,144
2021-10-01,"AQ Smash 2","Atliq Exclusive",India,52
2021-10-01,"AQ Smash 2","Atliq Exclusive",India,124
2021-10-01,"AQ Smash 2","Atliq Exclusive",India,163
2021-10-01,"AQ Smash 2","Atliq Exclusive",India,59
2021-10-01,"AQ BZ Allin1","Atliq Exclusive",India,57
2021-10-01,"AQ BZ Allin1","Atliq Exclusive",India,170
2021-10-01,"AQ BZ Allin1","Atliq Exclusive",India,100
2021-10-01,"AQ BZ Allin1","Atliq Exclusive",India,47
2021-10-01,"AQ BZ Allin1","Atliq Exclusive",India,103
2021-10-01,"AQ BZ Allin1","Atliq Exclusive",India,154
2021-10-01,"AQ BZ Allin1 Gen 2","Atliq Exclusive",India,93
2021-10-01,"AQ BZ Allin1 Gen 2","Atliq Exclusive",India,124
2021-10-01,"AQ BZ Allin1 Gen 2","Atliq Exclusive",India,100
2021-10-01,"AQ BZ Allin1 Gen 2","Atliq Exclusive",India,170
2021-10-01,"AQ BZ Allin1 Gen 2","Atliq Exclusive",India,37
2021-10-01,"AQ BZ Allin1 Gen 2","Atliq Exclusive",India,194
2021-10-01,"AQ BZ Allin1 Gen 2","Atliq Exclusive",India,90
2021-10-01,"AQ BZ Allin1 Gen 2","Atliq Exclusive",India,113
2021-10-01,"AQ Home Allin1","Atliq Exclusive",India,178
2021-10-01,"AQ Home Allin1","Atliq Exclusive",India,83
2021-10-01,"AQ Home Allin1","Atliq Exclusive",India,128
2021-10-01,"AQ Home Allin1","Atliq Exclusive",India,160
2021-10-01,"AQ Home Allin1","Atliq Exclusive",India,45
2021-10-01,"AQ Home Allin1","Atliq Exclusive",India,80
2021-10-01,"AQ HOME Allin1 Gen 2","Atliq Exclusive",India,77
2021-10-01,"AQ HOME Allin1 Gen 2","Atliq Exclusive",India,140
2021-10-01,"AQ HOME Allin1 Gen 2","Atliq Exclusive",India,116
2021-10-01,"AQ HOME Allin1 Gen 2","Atliq Exclusive",India,33
2021-10-01,"AQ HOME Allin1 Gen 2","Atliq Exclusive",India,65
2021-10-01,"AQ HOME Allin1 Gen 2","Atliq Exclusive",India,128
2021-10-01,"AQ HOME Allin1 Gen 2","Atliq Exclusive",India,154
2021-10-01,"AQ HOME Allin1 Gen 2","Atliq Exclusive",India,116
2021-10-01,"AQ Digit SSD","Atliq Exclusive",India,1279
2021-10-01,"AQ Neuer SSD","Atliq Exclusive",India,344
2021-10-01,"AQ Neuer SSD","Atliq Exclusive",India,602
2021-10-01,"AQ Neuer SSD","Atliq Exclusive",India,377
2021-10-01,"AQ Clx1","Atliq Exclusive",India,455
2021-10-01,"AQ Clx1","Atliq Exclusive",India,967
2021-10-01,"AQ Clx1","Atliq Exclusive",India,1488
2021-10-01,"AQ Clx2","Atliq Exclusive",India,922
2021-10-01,"AQ Clx2","Atliq Exclusive",India,1120
2021-10-01,"AQ Clx2","Atliq Exclusive",India,898
2021-10-01,"AQ Clx3","Atliq Exclusive",India,425
2021-10-01,"AQ Clx3","Atliq Exclusive",India,533
2021-10-01,"AQ Clx3","Atliq Exclusive",India,494
2021-10-01,"AQ Pen Drive 2 IN 1","Atliq Exclusive",India,1033
2021-10-01,"AQ Pen Drive DRC","Atliq Exclusive",India,432
2021-10-01,"AQ Pen Drive DRC","Atliq Exclusive",India,632
2021-10-01,"AQ Pen Drive DRC","Atliq Exclusive",India,497
2021-10-01,"AQ Wi Power Dx2","Atliq Exclusive",India,684
2021-10-01,"AQ Wi Power Dx2","Atliq Exclusive",India,294
2021-10-01,"AQ Wi Power Dx2","Atliq Exclusive",India,244
2021-10-01,"AQ Wi Power Dx3","Atliq Exclusive",India,784
2021-10-01,"AQ Wi Power Dx3","Atliq Exclusive",India,438
2021-10-01,"AQ Wi Power Dx3","Atliq Exclusive",India,651
2021-11-01,"AQ Dracula HDD – 3.5 Inch SATA 6 Gb/s 5400 RPM 256 MB Cache","Atliq Exclusive",India,430
2021-11-01,"AQ Dracula HDD – 3.5 Inch SATA 6 Gb/s 5400 RPM 256 MB Cache","Atliq Exclusive",India,885
2021-11-01,"AQ Dracula HDD – 3.5 Inch SATA 6 Gb/s 5400 RPM 256 MB Cache","Atliq Exclusive",India,1312
2021-11-01,"AQ Dracula HDD – 3.5 Inch SATA 6 Gb/s 5400 RPM 256 MB Cache","Atliq Exclusive",India,1046
2021-11-01,"AQ WereWolf NAS Internal Hard Drive HDD – 8.89 cm","Atliq Exclusive",India,1343
2021-11-01,"AQ WereWolf NAS Internal Hard Drive HDD – 8.89 cm","Atliq Exclusive",India,1483
2021-11-01,"AQ WereWolf NAS Internal Hard Drive HDD – 8.89 cm","Atliq Exclusive",India,416
2021-11-01,"AQ WereWolf NAS Internal Hard Drive HDD – 8.89 cm","Atliq Exclusive",India,1697
2021-11-01,"AQ WereWolf NAS Internal Hard Drive HDD – 8.89 cm","Atliq Exclusive",India,878
2021-11-01,"AQ WereWolf NAS Internal Hard Drive HDD – 8.89 cm","Atliq Exclusive",India,721
2021-11-01,"AQ Zion Saga","Atliq Exclusive",India,444
2021-11-01,"AQ Zion Saga","Atliq Exclusive",India,1690
2021-11-01,"AQ Zion Saga","Atliq Exclusive",India,490
2021-11-01,"AQ Zion Saga","Atliq Exclusive",India,616
2021-11-01,"AQ Zion Saga","Atliq Exclusive",India,1480
2021-11-01,"AQ Zion Saga","Atliq Exclusive",India,346
2021-11-01,"AQ Mforce Gen X","Atliq Exclusive",India,732
2021-11-01,"AQ Mforce Gen X","Atliq Exclusive",India,1973
2021-11-01,"AQ Mforce Gen X","Atliq Exclusive",India,647
2021-11-01,"AQ Mforce Gen X","Atliq Exclusive",India,1950
2021-11-01,"AQ Mforce Gen X","Atliq Exclusive",India,1074
2021-11-01,"AQ Mforce Gen X","Atliq Exclusive",India,723
2021-11-01,"AQ Mforce Gen X","Atliq Exclusive",India,1932
2021-11-01,"AQ Mforce Gen X","Atliq Exclusive",India,2036
2021-11-01,"AQ Mforce Gen Y","Atliq Exclusive",India,243
2021-11-01,"AQ Mforce Gen Y","Atliq Exclusive",India,1878
2021-11-01,"AQ Mforce Gen Y","Atliq Exclusive",India,930
2021-11-01,"AQ Mforce Gen Y","Atliq Exclusive",India,1263
2021-11-01,"AQ Mforce Gen Y","Atliq Exclusive",India,800
2021-11-01,"AQ Mforce Gen Y","Atliq Exclusive",India,364
2021-11-01,"AQ Mforce Gen Y","Atliq Exclusive",India,1532
2021-11-01,"AQ Mforce Gen Y","Atliq Exclusive",India,795
2021-11-01,"AQ Mforce Gen Y","Atliq Exclusive",India,1447
2021-11-01,"AQ Mforce Gen Y","Atliq Exclusive",India,1492
2021-11-01,"AQ Mforce Gen Z","Atliq Exclusive",India,1901
2021-11-01,"AQ Mforce Gen Z","Atliq Exclusive",India,2161
2021-11-01,"AQ Mforce Gen Z","Atliq Exclusive",India,1914
2021-11-01,"AQ Mforce Gen Z","Atliq Exclusive",India,935
2021-11-01,"AQ Mforce Gen Z","Atliq Exclusive",India,1249
2021-11-01,"AQ Mforce Gen Z","Atliq Exclusive",India,1928
2021-11-01,"AQ Mforce Gen Z","Atliq Exclusive",India,863
2021-11-01,"AQ Mforce Gen Z","Atliq Exclusive",India,1541
2021-11-01,"AQ Mforce Gen Z","Atliq Exclusive",India,2175
2021-11-01,"AQ Mforce Gen Z","Atliq Exclusive",India,921
2021-11-01,"AQ Mforce Gen Z","Atliq Exclusive",India,1137
2021-11-01,"AQ Mforce Gen Z","Atliq Exclusive",India,2125
2021-11-01,"AQ Mforce Gen Z","Atliq Exclusive",India,337
2021-11-01,"AQ Mforce Gen Z","Atliq Exclusive",India,1779
2021-11-01,"AQ Mforce Gen Z","Atliq Exclusive",India,1141
2021-11-01,"AQ Mforce Gen Z","Atliq Exclusive",India,1460
2021-11-01,"AQ GT 21","Atliq Exclusive",India,1123
2021-11-01,"AQ GT 21","Atliq Exclusive",India,1182
2021-11-01,"AQ GT 21","Atliq Exclusive",India,1164
2021-11-01,"AQ GT 21","Atliq Exclusive",India,1007
2021-11-01,"AQ GT 21","Atliq Exclusive",India,526
2021-11-01,"AQ GT 21","Atliq Exclusive",India,921
2021-11-01,"AQ GT 21","Atliq Exclusive",India,2076
2021-11-01,"AQ GT 21","Atliq Exclusive",India,472
2021-11-01,"AQ Marquee P3","Atliq Exclusive",India,818
2021-11-01,"AQ Marquee P3","Atliq Exclusive",India,1793
2021-11-01,"AQ Marquee P3","Atliq Exclusive",India,1770
2021-11-01,"AQ Marquee P3","Atliq Exclusive",India,1379
2021-11-01,"AQ Marquee P3","Atliq Exclusive",India,454
2021-11-01,"AQ Marquee P3","Atliq Exclusive",India,2143
2021-11-01,"AQ Marquee P3","Atliq Exclusive",India,755
2021-11-01,"AQ Marquee P3","Atliq Exclusive",India,584
2021-11-01,"AQ Marquee P4","Atliq Exclusive",India,683
2021-11-01,"AQ Marquee P4","Atliq Exclusive",India,1523
2021-11-01,"AQ Marquee P4","Atliq Exclusive",India,1775
2021-11-01,"AQ Marquee P4","Atliq Exclusive",India,2009
2021-11-01,"AQ Marquee P4","Atliq Exclusive",India,319
2021-11-01,"AQ Marquee P4","Atliq Exclusive",India,966
2021-11-01,"AQ Marquee P4","Atliq Exclusive",India,1892
2021-11-01,"AQ Marquee P4","Atliq Exclusive",India,1465
2021-11-01,"AQ 5000 Series Electron 8 5900X Desktop Processor","Atliq Exclusive",India,1692
2021-11-01,"AQ 5000 Series Electron 8 5900X Desktop Processor","Atliq Exclusive",India,1165
2021-11-01,"AQ 5000 Series Electron 8 5900X Desktop Processor","Atliq Exclusive",India,2011
2021-11-01,"AQ 5000 Series Electron 8 5900X Desktop Processor","Atliq Exclusive",India,297
2021-11-01,"AQ 5000 Series Electron 8 5900X Desktop Processor","Atliq Exclusive",India,1085
2021-11-01,"AQ 5000 Series Electron 8 5900X Desktop Processor","Atliq Exclusive",India,602
2021-11-01,"AQ 5000 Series Ultron 8 5900X Desktop Processor","Atliq Exclusive",India,961
2021-11-01,"AQ 5000 Series Ultron 8 5900X Desktop Processor","Atliq Exclusive",India,1568
2021-11-01,"AQ 5000 Series Ultron 8 5900X Desktop Processor","Atliq Exclusive",India,1586
2021-11-01,"AQ 5000 Series Ultron 8 5900X Desktop Processor","Atliq Exclusive",India,1515
2021-11-01,"AQ 5000 Series Ultron 8 5900X Desktop Processor","Atliq Exclusive",India,585
2021-11-01,"AQ 5000 Series Ultron 8 5900X Desktop Processor","Atliq Exclusive",India,270
2021-11-01,"AQ Electron 5 3600 Desktop Processor","Atliq Exclusive",India,297
2021-11-01,"AQ Electron 5 3600 Desktop Processor","Atliq Exclusive",India,558
2021-11-01,"AQ Electron 5 3600 Desktop Processor","Atliq Exclusive",India,341
2021-11-01,"AQ Electron 5 3600 Desktop Processor","Atliq Exclusive",India,2082
2021-11-01,"AQ Electron 5 3600 Desktop Processor","Atliq Exclusive",India,2077
2021-11-01,"AQ Electron 5 3600 Desktop Processor","Atliq Exclusive",India,1626
2021-11-01,"AQ Electron 4 3600 Desktop Processor","Atliq Exclusive",India,726
2021-11-01,"AQ Electron 4 3600 Desktop Processor","Atliq Exclusive",India,2179
2021-11-01,"AQ Electron 4 3600 Desktop Processor","Atliq Exclusive",India,1803
2021-11-01,"AQ Electron 4 3600 Desktop Processor","Atliq Exclusive",India,1958
2021-11-01,"AQ Electron 4 3600 Desktop Processor","Atliq Exclusive",India,691
2021-11-01,"AQ Electron 4 3600 Desktop Processor","Atliq Exclusive",India,1851
2021-11-01,"AQ Electron 3 3600 Desktop Processor","Atliq Exclusive",India,1342
2021-11-01,"AQ Electron 3 3600 Desktop Processor","Atliq Exclusive",India,629
2021-11-01,"AQ Electron 3 3600 Desktop Processor","Atliq Exclusive",India,1457
2021-11-01,"AQ Electron 3 3600 Desktop Processor","Atliq Exclusive",India,2037
2021-11-01,"AQ Electron 3 3600 Desktop Processor","Atliq Exclusive",India,700
2021-11-01,"AQ Electron 3 3600 Desktop Processor","Atliq Exclusive",India,310
2021-11-01,"AQ MB Crossx","Atliq Exclusive",India,1305
2021-11-01,"AQ MB Crossx","Atliq Exclusive",India,1085
2021-11-01,"AQ MB Crossx","Atliq Exclusive",India,1693
2021-11-01,"AQ MB Crossx","Atliq Exclusive",India,1057
2021-11-01,"AQ MB Crossx","Atliq Exclusive",India,794
2021-11-01,"AQ MB Crossx","Atliq Exclusive",India,269
2021-11-01,"AQ MB Crossx","Atliq Exclusive",India,591
2021-11-01,"AQ MB Crossx","Atliq Exclusive",India,1319
2021-11-01,"AQ MB Crossx 2","Atliq Exclusive",India,843
2021-11-01,"AQ MB Crossx 2","Atliq Exclusive",India,1438
2021-11-01,"AQ MB Crossx 2","Atliq Exclusive",India,1078
2021-11-01,"AQ MB Crossx 2","Atliq Exclusive",India,1483
2021-11-01,"AQ MB Crossx 2","Atliq Exclusive",India,231
2021-11-01,"AQ MB Crossx 2","Atliq Exclusive",India,1623
2021-11-01,"AQ MB Crossx 2","Atliq Exclusive",India,315
2021-11-01,"AQ MB Crossx 2","Atliq Exclusive",India,434
2021-11-01,"AQ MB Lito","Atliq Exclusive",India,507
2021-11-01,"AQ MB Lito","Atliq Exclusive",India,392
2021-11-01,"AQ MB Lito","Atliq Exclusive",India,1487
2021-11-01,"AQ MB Lito","Atliq Exclusive",India,1385
2021-11-01,"AQ MB Lito","Atliq Exclusive",India,717
2021-11-01,"AQ MB Lito","Atliq Exclusive",India,745
2021-11-01,"AQ MB Lito","Atliq Exclusive",India,1071
2021-11-01,"AQ MB Lito","Atliq Exclusive",India,1599
2021-11-01,"AQ MB Lito 2","Atliq Exclusive",India,819
2021-11-01,"AQ MB Lito 2","Atliq Exclusive",India,1368
2021-11-01,"AQ MB Lito 2","Atliq Exclusive",India,675
2021-11-01,"AQ MB Lito 2","Atliq Exclusive",India,878
2021-11-01,"AQ MB Lito 2","Atliq Exclusive",India,798
2021-11-01,"AQ MB Lito 2","Atliq Exclusive",India,1291
2021-11-01,"AQ MB Lito 2","Atliq Exclusive",India,1588
2021-11-01,"AQ MB Lito 2","Atliq Exclusive",India,749
2021-11-01,"AQ Master wired x1 Ms","Atliq Exclusive",India,247
2021-11-01,"AQ Master wired x1 Ms","Atliq Exclusive",India,1468
2021-11-01,"AQ Master wired x1 Ms","Atliq Exclusive",India,696
2021-11-01,"AQ Master wired x1 Ms","Atliq Exclusive",India,546
2021-11-01,"AQ Master wired x1 Ms","Atliq Exclusive",India,1965
2021-11-01,"AQ Master wired x1 Ms","Atliq Exclusive",India,1112
2021-11-01,"AQ Master wired x1 Ms","Atliq Exclusive",India,1982
2021-11-01,"AQ Master wired x1 Ms","Atliq Exclusive",India,206
2021-11-01,"AQ Master wireless x1 Ms","Atliq Exclusive",India,704
2021-11-01,"AQ Master wireless x1 Ms","Atliq Exclusive",India,570
2021-11-01,"AQ Master wireless x1 Ms","Atliq Exclusive",India,1715
2021-11-01,"AQ Master wireless x1 Ms","Atliq Exclusive",India,1961
2021-11-01,"AQ Master wireless x1 Ms","Atliq Exclusive",India,789
2021-11-01,"AQ Master wireless x1 Ms","Atliq Exclusive",India,1015
2021-11-01,"AQ Master wireless x1 Ms","Atliq Exclusive",India,1294
2021-11-01,"AQ Master wireless x1 Ms","Atliq Exclusive",India,1512
2021-11-01,"AQ Master wireless x1 Ms","Atliq Exclusive",India,417
2021-11-01,"AQ Master wireless x1 Ms","Atliq Exclusive",India,1488
2021-11-01,"AQ Master wireless x1 Ms","Atliq Exclusive",India,797
2021-11-01,"AQ Master wireless x1 Ms","Atliq Exclusive",India,1359
2021-11-01,"AQ Gamers Ms","Atliq Exclusive",India,554
2021-11-01,"AQ Gamers Ms","Atliq Exclusive",India,1905
2021-11-01,"AQ Gamers Ms","Atliq Exclusive",India,1682
2021-11-01,"AQ Gamers Ms","Atliq Exclusive",India,1933
2021-11-01,"AQ Gamers Ms","Atliq Exclusive",India,1646
2021-11-01,"AQ Gamers Ms","Atliq Exclusive",India,1957
2021-11-01,"AQ Gamers Ms","Atliq Exclusive",India,1237
2021-11-01,"AQ Gamers Ms","Atliq Exclusive",India,2018
2021-11-01,"AQ Gamers Ms","Atliq Exclusive",India,506
2021-11-01,"AQ Gamers Ms","Atliq Exclusive",India,226
2021-11-01,"AQ Gamers Ms","Atliq Exclusive",India,1444
2021-11-01,"AQ Gamers Ms","Atliq Exclusive",India,1237
2021-11-01,"AQ Lite Ms","Atliq Exclusive",India,1682
2021-11-01,"AQ Lite Ms","Atliq Exclusive",India,627
2021-11-01,"AQ Lite Ms","Atliq Exclusive",India,732
2021-11-01,"AQ Lite Ms","Atliq Exclusive",India,1929
2021-11-01,"AQ Lite Ms","Atliq Exclusive",India,1124
2021-11-01,"AQ Lite Ms","Atliq Exclusive",India,1508
2021-11-01,"AQ Lite Ms","Atliq Exclusive",India,1517
2021-11-01,"AQ Lite Ms","Atliq Exclusive",India,1945
2021-11-01,"AQ Lite Ms","Atliq Exclusive",India,493
2021-11-01,"AQ Lite Ms","Atliq Exclusive",India,1634
2021-11-01,"AQ Lite Ms","Atliq Exclusive",India,728
2021-11-01,"AQ Lite Ms","Atliq Exclusive",India,987
2021-11-01,"AQ Maxima Ms","Atliq Exclusive",India,1974
2021-11-01,"AQ Maxima Ms","Atliq Exclusive",India,1864
2021-11-01,"AQ Maxima Ms","Atliq Exclusive",India,1318
2021-11-01,"AQ Maxima Ms","Atliq Exclusive",India,1739
2021-11-01,"AQ Maxima Ms","Atliq Exclusive",India,1003
2021-11-01,"AQ Maxima Ms","Atliq Exclusive",India,704
2021-11-01,"AQ Maxima Ms","Atliq Exclusive",India,1905
2021-11-01,"AQ Maxima Ms","Atliq Exclusive",India,1436
2021-11-01,"AQ Maxima Ms","Atliq Exclusive",India,837
2021-11-01,"AQ Maxima Ms","Atliq Exclusive",India,1116
2021-11-01,"AQ Maxima Ms","Atliq Exclusive",India,987
2021-11-01,"AQ Maxima Ms","Atliq Exclusive",India,647
2021-11-01,"AQ Qwerty Ms","Atliq Exclusive",India,797
2021-11-01,"AQ Qwerty Ms","Atliq Exclusive",India,380
2021-11-01,"AQ Qwerty Ms","Atliq Exclusive",India,639
2021-11-01,"AQ Qwerty Ms","Atliq Exclusive",India,655
2021-11-01,"AQ Qwerty Ms","Atliq Exclusive",India,894
2021-11-01,"AQ Qwerty Ms","Atliq Exclusive",India,210
2021-11-01,"AQ Qwerty Ms","Atliq Exclusive",India,975
2021-11-01,"AQ Qwerty Ms","Atliq Exclusive",India,1577
2021-11-01,"AQ Qwerty Ms","Atliq Exclusive",India,340
2021-11-01,"AQ Qwerty Ms","Atliq Exclusive",India,700
2021-11-01,"AQ Qwerty Ms","Atliq Exclusive",India,1961
2021-11-01,"AQ Qwerty Ms","Atliq Exclusive",India,1318
2021-11-01,"AQ Trigger Ms","Atliq Exclusive",India,1149
2021-11-01,"AQ Trigger Ms","Atliq Exclusive",India,231
2021-11-01,"AQ Trigger Ms","Atliq Exclusive",India,1448
2021-11-01,"AQ Trigger Ms","Atliq Exclusive",India,1727
2021-11-01,"AQ Trigger Ms","Atliq Exclusive",India,700
2021-11-01,"AQ Trigger Ms","Atliq Exclusive",India,586
2021-11-01,"AQ Trigger Ms","Atliq Exclusive",India,364
2021-11-01,"AQ Trigger Ms","Atliq Exclusive",India,1881
2021-11-01,"AQ Trigger Ms","Atliq Exclusive",India,1699
2021-11-01,"AQ Trigger Ms","Atliq Exclusive",India,1480
2021-11-01,"AQ Trigger Ms","Atliq Exclusive",India,1375
2021-11-01,"AQ Trigger Ms","Atliq Exclusive",India,1816
2021-11-01,"AQ Lumina Ms","Atliq Exclusive",India,1112
2021-11-01,"AQ Lumina Ms","Atliq Exclusive",India,1201
2021-11-01,"AQ Lumina Ms","Atliq Exclusive",India,679
2021-11-01,"AQ Lumina Ms","Atliq Exclusive",India,1161
2021-11-01,"AQ Lumina Ms","Atliq Exclusive",India,922
2021-11-01,"AQ Lumina Ms","Atliq Exclusive",India,623
2021-11-01,"AQ Lumina Ms","Atliq Exclusive",India,1112
2021-11-01,"AQ Lumina Ms","Atliq Exclusive",India,485
2021-11-01,"AQ Lumina Ms","Atliq Exclusive",India,1100
2021-11-01,"AQ Lumina Ms","Atliq Exclusive",India,736
2021-11-01,"AQ Lumina Ms","Atliq Exclusive",India,1517
2021-11-01,"AQ Lumina Ms","Atliq Exclusive",India,412
2021-11-01,"AQ Master wired x1","Atliq Exclusive",India,492
2021-11-01,"AQ Master wired x1","Atliq Exclusive",India,1528
2021-11-01,"AQ Master wired x1","Atliq Exclusive",India,467
2021-11-01,"AQ Master wired x1","Atliq Exclusive",India,1600
2021-11-01,"AQ Master wired x1","Atliq Exclusive",India,514
2021-11-01,"AQ Master wired x1","Atliq Exclusive",India,1060
2021-11-01,"AQ Master wireless x1","Atliq Exclusive",India,600
2021-11-01,"AQ Master wireless x1","Atliq Exclusive",India,618
2021-11-01,"AQ Master wireless x1","Atliq Exclusive",India,1071
2021-11-01,"AQ Master wireless x1","Atliq Exclusive",India,1787
2021-11-01,"AQ Master wireless x1","Atliq Exclusive",India,403
2021-11-01,"AQ Master wireless x1","Atliq Exclusive",India,758
2021-11-01,"AQ Master wireless x1","Atliq Exclusive",India,320
2021-11-01,"AQ Master wireless x1","Atliq Exclusive",India,625
2021-11-01,"AQ Master wireless x1","Atliq Exclusive",India,1416
2021-11-01,"AQ Master wireless x1","Atliq Exclusive",India,187
2021-11-01,"AQ Master wireless x1","Atliq Exclusive",India,1204
2021-11-01,"AQ Master wireless x1","Atliq Exclusive",India,1625
2021-11-01,"AQ Gamers ","Atliq Exclusive",India,406
2021-11-01,"AQ Gamers ","Atliq Exclusive",India,388
2021-11-01,"AQ Gamers ","Atliq Exclusive",India,298
2021-11-01,"AQ Gamers ","Atliq Exclusive",India,1790
2021-11-01,"AQ Gamers ","Atliq Exclusive",India,1603
2021-11-01,"AQ Gamers ","Atliq Exclusive",India,370
2021-11-01,"AQ Gamers ","Atliq Exclusive",India,866
2021-11-01,"AQ Gamers ","Atliq Exclusive",India,1553
2021-11-01,"AQ Gamers ","Atliq Exclusive",India,931
2021-11-01,"AQ Gamers ","Atliq Exclusive",India,1190
2021-11-01,"AQ Gamers ","Atliq Exclusive",India,820
2021-11-01,"AQ Gamers ","Atliq Exclusive",India,1046
2021-11-01,"AQ Lite","Atliq Exclusive",India,309
2021-11-01,"AQ Lite","Atliq Exclusive",India,877
2021-11-01,"AQ Lite","Atliq Exclusive",India,277
2021-11-01,"AQ Lite","Atliq Exclusive",India,1330
2021-11-01,"AQ Lite","Atliq Exclusive",India,316
2021-11-01,"AQ Lite","Atliq Exclusive",India,622
2021-11-01,"AQ Lite","Atliq Exclusive",India,579
2021-11-01,"AQ Lite","Atliq Exclusive",India,1718
2021-11-01,"AQ Lite","Atliq Exclusive",India,604
2021-11-01,"AQ Lite","Atliq Exclusive",India,302
2021-11-01,"AQ Lite","Atliq Exclusive",India,1348
2021-11-01,"AQ Lite","Atliq Exclusive",India,532
2021-11-01,"AQ Maxima","Atliq Exclusive",India,1042
2021-11-01,"AQ Maxima","Atliq Exclusive",India,1769
2021-11-01,"AQ Maxima","Atliq Exclusive",India,1053
2021-11-01,"AQ Maxima","Atliq Exclusive",India,719
2021-11-01,"AQ Maxima","Atliq Exclusive",India,439
2021-11-01,"AQ Maxima","Atliq Exclusive",India,507
2021-11-01,"AQ Maxima","Atliq Exclusive",India,1438
2021-11-01,"AQ Maxima","Atliq Exclusive",India,1301
2021-11-01,"AQ Maxima","Atliq Exclusive",India,1244
2021-11-01,"AQ Maxima","Atliq Exclusive",India,435
2021-11-01,"AQ Maxima","Atliq Exclusive",India,252
2021-11-01,"AQ Maxima","Atliq Exclusive",India,841
2021-11-01,"AQ Qwerty","Atliq Exclusive",India,877
2021-11-01,"AQ Qwerty","Atliq Exclusive",India,306
2021-11-01,"AQ Qwerty","Atliq Exclusive",India,1229
2021-11-01,"AQ Qwerty","Atliq Exclusive",India,374
2021-11-01,"AQ Qwerty","Atliq Exclusive",India,1772
2021-11-01,"AQ Qwerty","Atliq Exclusive",India,1082
2021-11-01,"AQ Qwerty","Atliq Exclusive",India,482
2021-11-01,"AQ Qwerty","Atliq Exclusive",India,1111
2021-11-01,"AQ Qwerty","Atliq Exclusive",India,1470
2021-11-01,"AQ Qwerty","Atliq Exclusive",India,568
2021-11-01,"AQ Qwerty","Atliq Exclusive",India,194
2021-11-01,"AQ Qwerty","Atliq Exclusive",India,1531
2021-11-01,"AQ Trigger","Atliq Exclusive",India,521
2021-11-01,"AQ Trigger","Atliq Exclusive",India,431
2021-11-01,"AQ Trigger","Atliq Exclusive",India,439
2021-11-01,"AQ Trigger","Atliq Exclusive",India,1790
2021-11-01,"AQ Trigger","Atliq Exclusive",India,1211
2021-11-01,"AQ Trigger","Atliq Exclusive",India,820
2021-11-01,"AQ Trigger","Atliq Exclusive",India,352
2021-11-01,"AQ Trigger","Atliq Exclusive",India,798
2021-11-01,"AQ Trigger","Atliq Exclusive",India,518
2021-11-01,"AQ Trigger","Atliq Exclusive",India,1352
2021-11-01,"AQ Trigger","Atliq Exclusive",India,1190
2021-11-01,"AQ Trigger","Atliq Exclusive",India,561
2021-11-01,"AQ Lumina","Atliq Exclusive",India,1326
2021-11-01,"AQ Lumina","Atliq Exclusive",India,1032
2021-11-01,"AQ Lumina","Atliq Exclusive",India,1294
2021-11-01,"AQ Lumina","Atliq Exclusive",India,654
2021-11-01,"AQ Lumina","Atliq Exclusive",India,507
2021-11-01,"AQ Lumina","Atliq Exclusive",India,1039
2021-11-01,"AQ Lumina","Atliq Exclusive",India,230
2021-11-01,"AQ Lumina","Atliq Exclusive",India,920
2021-11-01,"AQ Lumina","Atliq Exclusive",India,661
2021-11-01,"AQ Lumina","Atliq Exclusive",India,1445
2021-11-01,"AQ Lumina","Atliq Exclusive",India,1244
2021-11-01,"AQ Lumina","Atliq Exclusive",India,1733
2021-11-01,"AQ LION x1","Atliq Exclusive",India,283
2021-11-01,"AQ LION x1","Atliq Exclusive",India,715
2021-11-01,"AQ LION x1","Atliq Exclusive",India,242
2021-11-01,"AQ LION x1","Atliq Exclusive",India,1512
2021-11-01,"AQ LION x1","Atliq Exclusive",India,871
2021-11-01,"AQ LION x1","Atliq Exclusive",India,964
2021-11-01,"AQ LION x1","Atliq Exclusive",India,1459
2021-11-01,"AQ LION x1","Atliq Exclusive",India,424
2021-11-01,"AQ LION x2","Atliq Exclusive",India,782
2021-11-01,"AQ LION x2","Atliq Exclusive",India,1545
2021-11-01,"AQ LION x2","Atliq Exclusive",India,722
2021-11-01,"AQ LION x2","Atliq Exclusive",India,1016
2021-11-01,"AQ LION x2","Atliq Exclusive",India,1675
2021-11-01,"AQ LION x2","Atliq Exclusive",India,1348
2021-11-01,"AQ LION x2","Atliq Exclusive",India,1679
2021-11-01,"AQ LION x2","Atliq Exclusive",India,611
2021-11-01,"AQ LION x3","Atliq Exclusive",India,458
2021-11-01,"AQ LION x3","Atliq Exclusive",India,1489
2021-11-01,"AQ LION x3","Atliq Exclusive",India,704
2021-11-01,"AQ LION x3","Atliq Exclusive",India,815
2021-11-01,"AQ LION x3","Atliq Exclusive",India,566
2021-11-01,"AQ LION x3","Atliq Exclusive",India,640
2021-11-01,"AQ LION x3","Atliq Exclusive",India,1065
2021-11-01,"AQ LION x3","Atliq Exclusive",India,1314
2021-11-01,"AQ Mx NB","Atliq Exclusive",India,1459
2021-11-01,"AQ Mx NB","Atliq Exclusive",India,905
2021-11-01,"AQ Mx NB","Atliq Exclusive",India,566
2021-11-01,"AQ Mx NB","Atliq Exclusive",India,1642
2021-11-01,"AQ Mx NB","Atliq Exclusive",India,272
2021-11-01,"AQ Mx NB","Atliq Exclusive",India,890
2021-11-01,"AQ Mx NB","Atliq Exclusive",India,205
2021-11-01,"AQ Mx NB","Atliq Exclusive",India,1381
2021-11-01,"AQ Mx NB","Atliq Exclusive",India,663
2021-11-01,"AQ Mx NB","Atliq Exclusive",India,782
2021-11-01,"AQ Aspiron","Atliq Exclusive",India,89
2021-11-01,"AQ Aspiron","Atliq Exclusive",India,52
2021-11-01,"AQ Aspiron","Atliq Exclusive",India,181
2021-11-01,"AQ Aspiron","Atliq Exclusive",India,196
2021-11-01,"AQ Aspiron","Atliq Exclusive",India,52
2021-11-01,"AQ Aspiron","Atliq Exclusive",India,92
2021-11-01,"AQ Digit","Atliq Exclusive",India,78
2021-11-01,"AQ Digit","Atliq Exclusive",India,159
2021-11-01,"AQ Digit","Atliq Exclusive",India,214
2021-11-01,"AQ Digit","Atliq Exclusive",India,55
2021-11-01,"AQ Digit","Atliq Exclusive",India,185
2021-11-01,"AQ Digit","Atliq Exclusive",India,111
2021-11-01,"AQ Digit","Atliq Exclusive",India,55
2021-11-01,"AQ Digit","Atliq Exclusive",India,74
2021-11-01,"AQ Digit","Atliq Exclusive",India,74
2021-11-01,"AQ Digit","Atliq Exclusive",India,210
2021-11-01,"AQ Digit","Atliq Exclusive",India,78
2021-11-01,"AQ Digit","Atliq Exclusive",India,100
2021-11-01,"AQ Digit","Atliq Exclusive",India,89
2021-11-01,"AQ Digit","Atliq Exclusive",India,125
2021-11-01,"AQ Digit","Atliq Exclusive",India,111
2021-11-01,"AQ Digit","Atliq Exclusive",India,148
2021-11-01,"AQ Velocity","Atliq Exclusive",India,48
2021-11-01,"AQ Velocity","Atliq Exclusive",India,155
2021-11-01,"AQ Velocity","Atliq Exclusive",India,210
2021-11-01,"AQ Velocity","Atliq Exclusive",India,52
2021-11-01,"AQ Velocity","Atliq Exclusive",India,148
2021-11-01,"AQ Velocity","Atliq Exclusive",India,55
2021-11-01,"AQ Velocity","Atliq Exclusive",India,125
2021-11-01,"AQ Velocity","Atliq Exclusive",India,118
2021-11-01,"AQ Velocity","Atliq Exclusive",India,44
2021-11-01,"AQ Velocity","Atliq Exclusive",India,48
2021-11-01,"AQ Velocity","Atliq Exclusive",India,196
2021-11-01,"AQ Velocity","Atliq Exclusive",India,44
2021-11-01,"AQ Elite","Atliq Exclusive",India,59
2021-11-01,"AQ Elite","Atliq Exclusive",India,173
2021-11-01,"AQ Elite","Atliq Exclusive",India,140
2021-11-01,"AQ Elite","Atliq Exclusive",India,111
2021-11-01,"AQ Elite","Atliq Exclusive",India,52
2021-11-01,"AQ Elite","Atliq Exclusive",India,107
2021-11-01,"AQ Elite","Atliq Exclusive",India,210
2021-11-01,"AQ Elite","Atliq Exclusive",India,70
2021-11-01,"AQ Elite","Atliq Exclusive",India,203
2021-11-01,"AQ Elite","Atliq Exclusive",India,66
2021-11-01,"AQ Elite","Atliq Exclusive",India,218
2021-11-01,"AQ Elite","Atliq Exclusive",India,140
2021-11-01,"AQ Elite","Atliq Exclusive",India,148
2021-11-01,"AQ Elite","Atliq Exclusive",India,148
2021-11-01,"AQ Elite","Atliq Exclusive",India,70
2021-11-01,"AQ Elite","Atliq Exclusive",India,151
2021-11-01,"AQ Gen X","Atliq Exclusive",India,129
2021-11-01,"AQ Gen X","Atliq Exclusive",India,140
2021-11-01,"AQ Gen X","Atliq Exclusive",India,70
2021-11-01,"AQ Gen X","Atliq Exclusive",India,107
2021-11-01,"AQ Gen X","Atliq Exclusive",India,70
2021-11-01,"AQ Gen X","Atliq Exclusive",India,59
2021-11-01,"AQ Gen X","Atliq Exclusive",India,103
2021-11-01,"AQ Gen X","Atliq Exclusive",India,89
2021-11-01,"AQ Gen X","Atliq Exclusive",India,52
2021-11-01,"AQ Gen X","Atliq Exclusive",India,111
2021-11-01,"AQ Gen X","Atliq Exclusive",India,70
2021-11-01,"AQ Gen X","Atliq Exclusive",India,63
2021-11-01,"AQ Gen X","Atliq Exclusive",India,78
2021-11-01,"AQ Gen X","Atliq Exclusive",India,188
2021-11-01,"AQ Gen X","Atliq Exclusive",India,52
2021-11-01,"AQ Gen X","Atliq Exclusive",India,114
2021-11-01,"AQ Gen Y","Atliq Exclusive",India,210
2021-11-01,"AQ Gen Y","Atliq Exclusive",India,114
2021-11-01,"AQ Gen Y","Atliq Exclusive",India,144
2021-11-01,"AQ Gen Y","Atliq Exclusive",India,41
2021-11-01,"AQ Gen Y","Atliq Exclusive",India,89
2021-11-01,"AQ Gen Y","Atliq Exclusive",India,144
2021-11-01,"AQ Gen Y","Atliq Exclusive",India,177
2021-11-01,"AQ Gen Y","Atliq Exclusive",India,188
2021-11-01,"AQ Gen Y","Atliq Exclusive",India,89
2021-11-01,"AQ Gen Y","Atliq Exclusive",India,210
2021-11-01,"AQ Gen Y","Atliq Exclusive",India,129
2021-11-01,"AQ Gen Y","Atliq Exclusive",India,125
2021-11-01,"AQ Gen Y","Atliq Exclusive",India,96
2021-11-01,"AQ Gen Y","Atliq Exclusive",India,85
2021-11-01,"AQ Gen Y","Atliq Exclusive",India,125
2021-11-01,"AQ Gen Y","Atliq Exclusive",India,148
2021-11-01,"AQ GEN Z","Atliq Exclusive",India,151
2021-11-01,"AQ GEN Z","Atliq Exclusive",India,103
2021-11-01,"AQ GEN Z","Atliq Exclusive",India,210
2021-11-01,"AQ GEN Z","Atliq Exclusive",India,173
2021-11-01,"AQ GEN Z","Atliq Exclusive",India,107
2021-11-01,"AQ GEN Z","Atliq Exclusive",India,78
2021-11-01,"AQ GEN Z","Atliq Exclusive",India,173
2021-11-01,"AQ GEN Z","Atliq Exclusive",India,44
2021-11-01,"AQ GEN Z","Atliq Exclusive",India,41
2021-11-01,"AQ GEN Z","Atliq Exclusive",India,173
2021-11-01,"AQ GEN Z","Atliq Exclusive",India,144
2021-11-01,"AQ GEN Z","Atliq Exclusive",India,203
2021-11-01,"AQ GEN Z","Atliq Exclusive",India,118
2021-11-01,"AQ GEN Z","Atliq Exclusive",India,52
2021-11-01,"AQ GEN Z","Atliq Exclusive",India,155
2021-11-01,"AQ GEN Z","Atliq Exclusive",India,48
2021-11-01,"AQ F16","Atliq Exclusive",India,181
2021-11-01,"AQ F16","Atliq Exclusive",India,118
2021-11-01,"AQ F16","Atliq Exclusive",India,155
2021-11-01,"AQ F16","Atliq Exclusive",India,89
2021-11-01,"AQ F16","Atliq Exclusive",India,133
2021-11-01,"AQ F16","Atliq Exclusive",India,59
2021-11-01,"AQ F16","Atliq Exclusive",India,148
2021-11-01,"AQ F16","Atliq Exclusive",India,129
2021-11-01,"AQ F16","Atliq Exclusive",India,37
2021-11-01,"AQ F16","Atliq Exclusive",India,192
2021-11-01,"AQ F16","Atliq Exclusive",India,107
2021-11-01,"AQ F16","Atliq Exclusive",India,48
2021-11-01,"AQ F16","Atliq Exclusive",India,196
2021-11-01,"AQ F16","Atliq Exclusive",India,48
2021-11-01,"AQ F16","Atliq Exclusive",India,210
2021-11-01,"AQ F16","Atliq Exclusive",India,44
2021-11-01,"AQ BZ 101","Atliq Exclusive",India,258
2021-11-01,"AQ BZ 101","Atliq Exclusive",India,109
2021-11-01,"AQ BZ 101","Atliq Exclusive",India,218
2021-11-01,"AQ BZ 101","Atliq Exclusive",India,175
2021-11-01,"AQ BZ 101","Atliq Exclusive",India,162
2021-11-01,"AQ BZ 101","Atliq Exclusive",India,166
2021-11-01,"AQ BZ 101","Atliq Exclusive",India,183
2021-11-01,"AQ BZ 101","Atliq Exclusive",India,258
2021-11-01,"AQ BZ Compact","Atliq Exclusive",India,236
2021-11-01,"AQ BZ Compact","Atliq Exclusive",India,96
2021-11-01,"AQ BZ Compact","Atliq Exclusive",India,244
2021-11-01,"AQ BZ Compact","Atliq Exclusive",India,170
2021-11-01,"AQ BZ Compact","Atliq Exclusive",India,109
2021-11-01,"AQ BZ Compact","Atliq Exclusive",India,227
2021-11-01,"AQ BZ Compact","Atliq Exclusive",India,92
2021-11-01,"AQ BZ Compact","Atliq Exclusive",India,196
2021-11-01,"AQ BZ Compact","Atliq Exclusive",India,131
2021-11-01,"AQ BZ Compact","Atliq Exclusive",India,240
2021-11-01,"AQ BZ Compact","Atliq Exclusive",India,109
2021-11-01,"AQ BZ Compact","Atliq Exclusive",India,175
2021-11-01,"AQ BZ Compact","Atliq Exclusive",India,201
2021-11-01,"AQ BZ Compact","Atliq Exclusive",India,48
2021-11-01,"AQ BZ Compact","Atliq Exclusive",India,70
2021-11-01,"AQ BZ Compact","Atliq Exclusive",India,192
2021-11-01,"AQ BZ Gen Y","Atliq Exclusive",India,148
2021-11-01,"AQ BZ Gen Y","Atliq Exclusive",India,44
2021-11-01,"AQ BZ Gen Y","Atliq Exclusive",India,52
2021-11-01,"AQ BZ Gen Y","Atliq Exclusive",India,218
2021-11-01,"AQ BZ Gen Y","Atliq Exclusive",India,258
2021-11-01,"AQ BZ Gen Y","Atliq Exclusive",India,162
2021-11-01,"AQ BZ Gen Y","Atliq Exclusive",India,214
2021-11-01,"AQ BZ Gen Y","Atliq Exclusive",India,74
2021-11-01,"AQ BZ Gen Y","Atliq Exclusive",India,74
2021-11-01,"AQ BZ Gen Y","Atliq Exclusive",India,183
2021-11-01,"AQ BZ Gen Y","Atliq Exclusive",India,131
2021-11-01,"AQ BZ Gen Y","Atliq Exclusive",India,175
2021-11-01,"AQ BZ Gen Y","Atliq Exclusive",India,192
2021-11-01,"AQ BZ Gen Y","Atliq Exclusive",India,44
2021-11-01,"AQ BZ Gen Z","Atliq Exclusive",India,240
2021-11-01,"AQ BZ Gen Z","Atliq Exclusive",India,258
2021-11-01,"AQ BZ Gen Z","Atliq Exclusive",India,205
2021-11-01,"AQ BZ Gen Z","Atliq Exclusive",India,196
2021-11-01,"AQ BZ Gen Z","Atliq Exclusive",India,65
2021-11-01,"AQ BZ Gen Z","Atliq Exclusive",India,218
2021-11-01,"AQ BZ Gen Z","Atliq Exclusive",India,122
2021-11-01,"AQ BZ Gen Z","Atliq Exclusive",India,240
2021-11-01,"AQ BZ Gen Z","Atliq Exclusive",India,258
2021-11-01,"AQ BZ Gen Z","Atliq Exclusive",India,92
2021-11-01,"AQ BZ Gen Z","Atliq Exclusive",India,44
2021-11-01,"AQ BZ Gen Z","Atliq Exclusive",India,57
2021-11-01,"AQ BZ Gen Z","Atliq Exclusive",India,127
2021-11-01,"AQ BZ Gen Z","Atliq Exclusive",India,44
2021-11-01,"AQ Gamer 1","Atliq Exclusive",India,175
2021-11-01,"AQ Gamer 1","Atliq Exclusive",India,128
2021-11-01,"AQ Gamer 1","Atliq Exclusive",India,154
2021-11-01,"AQ Gamer 1","Atliq Exclusive",India,141
2021-11-01,"AQ Gamer 1","Atliq Exclusive",India,107
2021-11-01,"AQ Gamer 1","Atliq Exclusive",India,90
2021-11-01,"AQ Gamer 1","Atliq Exclusive",India,98
2021-11-01,"AQ Gamer 1","Atliq Exclusive",India,231
2021-11-01,"AQ Gamer 1","Atliq Exclusive",India,218
2021-11-01,"AQ Gamer 1","Atliq Exclusive",India,218
2021-11-01,"AQ Gamer 1","Atliq Exclusive",India,188
2021-11-01,"AQ Gamer 1","Atliq Exclusive",India,124
2021-11-01,"AQ Gamer 2","Atliq Exclusive",India,179
2021-11-01,"AQ Gamer 2","Atliq Exclusive",India,196
2021-11-01,"AQ Gamer 2","Atliq Exclusive",India,64
2021-11-01,"AQ Gamer 2","Atliq Exclusive",India,248
2021-11-01,"AQ Gamer 2","Atliq Exclusive",India,98
2021-11-01,"AQ Gamer 2","Atliq Exclusive",India,51
2021-11-01,"AQ Gamer 2","Atliq Exclusive",India,141
2021-11-01,"AQ Gamer 2","Atliq Exclusive",India,85
2021-11-01,"AQ Gamer 2","Atliq Exclusive",India,115
2021-11-01,"AQ Gamer 2","Atliq Exclusive",India,154
2021-11-01,"AQ Gamer 2","Atliq Exclusive",India,149
2021-11-01,"AQ Gamer 2","Atliq Exclusive",India,188
2021-11-01,"AQ Gamer 2","Atliq Exclusive",India,248
2021-11-01,"AQ Gamer 2","Atliq Exclusive",India,213
2021-11-01,"AQ Gamer 2","Atliq Exclusive",India,85
2021-11-01,"AQ Gamer 2","Atliq Exclusive",India,222
2021-11-01,"AQ Gamer 3","Atliq Exclusive",India,77
2021-11-01,"AQ Gamer 3","Atliq Exclusive",India,128
2021-11-01,"AQ Gamer 3","Atliq Exclusive",India,85
2021-11-01,"AQ Gamer 3","Atliq Exclusive",India,120
2021-11-01,"AQ Gamer 3","Atliq Exclusive",India,239
2021-11-01,"AQ Gamer 3","Atliq Exclusive",India,209
2021-11-01,"AQ Gamer 3","Atliq Exclusive",India,239
2021-11-01,"AQ Gamer 3","Atliq Exclusive",India,145
2021-11-01,"AQ Gamer 3","Atliq Exclusive",India,162
2021-11-01,"AQ Gamer 3","Atliq Exclusive",India,90
2021-11-01,"AQ Smash 1","Atliq Exclusive",India,239
2021-11-01,"AQ Smash 1","Atliq Exclusive",India,55
2021-11-01,"AQ Smash 1","Atliq Exclusive",India,154
2021-11-01,"AQ Smash 1","Atliq Exclusive",India,222
2021-11-01,"AQ Smash 1","Atliq Exclusive",India,209
2021-11-01,"AQ Smash 1","Atliq Exclusive",India,115
2021-11-01,"AQ Smash 1","Atliq Exclusive",India,166
2021-11-01,"AQ Smash 1","Atliq Exclusive",India,226
2021-11-01,"AQ Smash 1","Atliq Exclusive",India,162
2021-11-01,"AQ Smash 1","Atliq Exclusive",India,243
2021-11-01,"AQ Smash 1","Atliq Exclusive",India,201
2021-11-01,"AQ Smash 1","Atliq Exclusive",India,51
2021-11-01,"AQ Smash 1","Atliq Exclusive",India,226
2021-11-01,"AQ Smash 1","Atliq Exclusive",India,137
2021-11-01,"AQ Smash 1","Atliq Exclusive",India,132
2021-11-01,"AQ Smash 1","Atliq Exclusive",India,226
2021-11-01,"AQ Smash 2","Atliq Exclusive",India,166
2021-11-01,"AQ Smash 2","Atliq Exclusive",India,51
2021-11-01,"AQ Smash 2","Atliq Exclusive",India,81
2021-11-01,"AQ Smash 2","Atliq Exclusive",India,252
2021-11-01,"AQ Smash 2","Atliq Exclusive",India,222
2021-11-01,"AQ Smash 2","Atliq Exclusive",India,188
2021-11-01,"AQ Smash 2","Atliq Exclusive",India,243
2021-11-01,"AQ Smash 2","Atliq Exclusive",India,132
2021-11-01,"AQ Smash 2","Atliq Exclusive",India,128
2021-11-01,"AQ Smash 2","Atliq Exclusive",India,209
2021-11-01,"AQ Smash 2","Atliq Exclusive",India,196
2021-11-01,"AQ Smash 2","Atliq Exclusive",India,149
2021-11-01,"AQ Smash 2","Atliq Exclusive",India,90
2021-11-01,"AQ Smash 2","Atliq Exclusive",India,175
2021-11-01,"AQ Smash 2","Atliq Exclusive",India,47
2021-11-01,"AQ Smash 2","Atliq Exclusive",India,73
2021-11-01,"AQ BZ Allin1","Atliq Exclusive",India,214
2021-11-01,"AQ BZ Allin1","Atliq Exclusive",India,105
2021-11-01,"AQ BZ Allin1","Atliq Exclusive",India,70
2021-11-01,"AQ BZ Allin1","Atliq Exclusive",India,44
2021-11-01,"AQ BZ Allin1","Atliq Exclusive",India,162
2021-11-01,"AQ BZ Allin1","Atliq Exclusive",India,188
2021-11-01,"AQ BZ Allin1","Atliq Exclusive",India,127
2021-11-01,"AQ BZ Allin1","Atliq Exclusive",India,57
2021-11-01,"AQ BZ Allin1","Atliq Exclusive",India,61
2021-11-01,"AQ BZ Allin1","Atliq Exclusive",India,70
2021-11-01,"AQ BZ Allin1","Atliq Exclusive",India,96
2021-11-01,"AQ BZ Allin1","Atliq Exclusive",India,153
2021-11-01,"AQ BZ Allin1 Gen 2","Atliq Exclusive",India,57
2021-11-01,"AQ BZ Allin1 Gen 2","Atliq Exclusive",India,109
2021-11-01,"AQ BZ Allin1 Gen 2","Atliq Exclusive",India,144
2021-11-01,"AQ BZ Allin1 Gen 2","Atliq Exclusive",India,157
2021-11-01,"AQ BZ Allin1 Gen 2","Atliq Exclusive",India,105
2021-11-01,"AQ BZ Allin1 Gen 2","Atliq Exclusive",India,148
2021-11-01,"AQ BZ Allin1 Gen 2","Atliq Exclusive",India,249
2021-11-01,"AQ BZ Allin1 Gen 2","Atliq Exclusive",India,240
2021-11-01,"AQ BZ Allin1 Gen 2","Atliq Exclusive",India,65
2021-11-01,"AQ BZ Allin1 Gen 2","Atliq Exclusive",India,113
2021-11-01,"AQ BZ Allin1 Gen 2","Atliq Exclusive",India,79
2021-11-01,"AQ BZ Allin1 Gen 2","Atliq Exclusive",India,262
2021-11-01,"AQ BZ Allin1 Gen 2","Atliq Exclusive",India,118
2021-11-01,"AQ BZ Allin1 Gen 2","Atliq Exclusive",India,57
2021-11-01,"AQ BZ Allin1 Gen 2","Atliq Exclusive",India,61
2021-11-01,"AQ BZ Allin1 Gen 2","Atliq Exclusive",India,135
2021-11-01,"AQ Home Allin1","Atliq Exclusive",India,85
2021-11-01,"AQ Home Allin1","Atliq Exclusive",India,93
2021-11-01,"AQ Home Allin1","Atliq Exclusive",India,113
2021-11-01,"AQ Home Allin1","Atliq Exclusive",India,136
2021-11-01,"AQ Home Allin1","Atliq Exclusive",India,93
2021-11-01,"AQ Home Allin1","Atliq Exclusive",India,89
2021-11-01,"AQ Home Allin1","Atliq Exclusive",India,190
2021-11-01,"AQ Home Allin1","Atliq Exclusive",India,128
2021-11-01,"AQ Home Allin1","Atliq Exclusive",India,89
2021-11-01,"AQ Home Allin1","Atliq Exclusive",India,144
2021-11-01,"AQ Home Allin1","Atliq Exclusive",India,206
2021-11-01,"AQ Home Allin1","Atliq Exclusive",India,140
2021-11-01,"AQ HOME Allin1 Gen 2","Atliq Exclusive",India,229
2021-11-01,"AQ HOME Allin1 Gen 2","Atliq Exclusive",India,202
2021-11-01,"AQ HOME Allin1 Gen 2","Atliq Exclusive",India,105
2021-11-01,"AQ HOME Allin1 Gen 2","Atliq Exclusive",India,109
2021-11-01,"AQ HOME Allin1 Gen 2","Atliq Exclusive",India,167
2021-11-01,"AQ HOME Allin1 Gen 2","Atliq Exclusive",India,190
2021-11-01,"AQ HOME Allin1 Gen 2","Atliq Exclusive",India,39
2021-11-01,"AQ HOME Allin1 Gen 2","Atliq Exclusive",India,93
2021-11-01,"AQ HOME Allin1 Gen 2","Atliq Exclusive",India,151
2021-11-01,"AQ HOME Allin1 Gen 2","Atliq Exclusive",India,97
2021-11-01,"AQ HOME Allin1 Gen 2","Atliq Exclusive",India,97
2021-11-01,"AQ HOME Allin1 Gen 2","Atliq Exclusive",India,179
2021-11-01,"AQ HOME Allin1 Gen 2","Atliq Exclusive",India,78
2021-11-01,"AQ HOME Allin1 Gen 2","Atliq Exclusive",India,66
2021-11-01,"AQ HOME Allin1 Gen 2","Atliq Exclusive",India,62
2021-11-01,"AQ HOME Allin1 Gen 2","Atliq Exclusive",India,78
2021-11-01,"AQ Digit SSD","Atliq Exclusive",India,1002
2021-11-01,"AQ Digit SSD","Atliq Exclusive",India,701
2021-11-01,"AQ Neuer SSD","Atliq Exclusive",India,1492
2021-11-01,"AQ Neuer SSD","Atliq Exclusive",India,1523
2021-11-01,"AQ Neuer SSD","Atliq Exclusive",India,1484
2021-11-01,"AQ Neuer SSD","Atliq Exclusive",India,509
2021-11-01,"AQ Neuer SSD","Atliq Exclusive",India,552
2021-11-01,"AQ Neuer SSD","Atliq Exclusive",India,591
2021-11-01,"AQ Clx1","Atliq Exclusive",India,1265
2021-11-01,"AQ Clx1","Atliq Exclusive",India,611
2021-11-01,"AQ Clx1","Atliq Exclusive",India,458
2021-11-01,"AQ Clx1","Atliq Exclusive",India,1261
2021-11-01,"AQ Clx1","Atliq Exclusive",India,674
2021-11-01,"AQ Clx1","Atliq Exclusive",India,1457
2021-11-01,"AQ Clx2","Atliq Exclusive",India,744
2021-11-01,"AQ Clx2","Atliq Exclusive",India,901
2021-11-01,"AQ Clx2","Atliq Exclusive",India,1429
2021-11-01,"AQ Clx2","Atliq Exclusive",India,987
2021-11-01,"AQ Clx2","Atliq Exclusive",India,278
2021-11-01,"AQ Clx2","Atliq Exclusive",India,352
2021-11-01,"AQ Clx3","Atliq Exclusive",India,1112
2021-11-01,"AQ Clx3","Atliq Exclusive",India,1355
2021-11-01,"AQ Clx3","Atliq Exclusive",India,1374
2021-11-01,"AQ Clx3","Atliq Exclusive",India,501
2021-11-01,"AQ Clx3","Atliq Exclusive",India,756
2021-11-01,"AQ Clx3","Atliq Exclusive",India,1864
2021-11-01,"AQ Pen Drive 2 IN 1","Atliq Exclusive",India,461
2021-11-01,"AQ Pen Drive 2 IN 1","Atliq Exclusive",India,472
2021-11-01,"AQ Pen Drive DRC","Atliq Exclusive",India,447
2021-11-01,"AQ Pen Drive DRC","Atliq Exclusive",India,1255
2021-11-01,"AQ Pen Drive DRC","Atliq Exclusive",India,214
2021-11-01,"AQ Pen Drive DRC","Atliq Exclusive",India,746
2021-11-01,"AQ Pen Drive DRC","Atliq Exclusive",India,1163
2021-11-01,"AQ Pen Drive DRC","Atliq Exclusive",India,1783
2021-11-01,"AQ Wi Power Dx2","Atliq Exclusive",India,1113
2021-11-01,"AQ Wi Power Dx2","Atliq Exclusive",India,513
2021-11-01,"AQ Wi Power Dx2","Atliq Exclusive",India,497
2021-11-01,"AQ Wi Power Dx2","Atliq Exclusive",India,445
2021-11-01,"AQ Wi Power Dx2","Atliq Exclusive",India,169
2021-11-01,"AQ Wi Power Dx2","Atliq Exclusive",India,589
2021-11-01,"AQ Wi Power Dx3","Atliq Exclusive",India,355
2021-11-01,"AQ Wi Power Dx3","Atliq Exclusive",India,1129
2021-11-01,"AQ Wi Power Dx3","Atliq Exclusive",India,944
2021-11-01,"AQ Wi Power Dx3","Atliq Exclusive",India,1059
2021-11-01,"AQ Wi Power Dx3","Atliq Exclusive",India,687
2021-11-01,"AQ Wi Power Dx3","Atliq Exclusive",India,1312
2021-12-01,"AQ Dracula HDD – 3.5 Inch SATA 6 Gb/s 5400 RPM 256 MB Cache","Atliq Exclusive",India,830
2021-12-01,"AQ Dracula HDD – 3.5 Inch SATA 6 Gb/s 5400 RPM 256 MB Cache","Atliq Exclusive",India,619
2021-12-01,"AQ WereWolf NAS Internal Hard Drive HDD – 8.89 cm","Atliq Exclusive",India,670
2021-12-01,"AQ WereWolf NAS Internal Hard Drive HDD – 8.89 cm","Atliq Exclusive",India,1593
2021-12-01,"AQ WereWolf NAS Internal Hard Drive HDD – 8.89 cm","Atliq Exclusive",India,922
2021-12-01,"AQ Zion Saga","Atliq Exclusive",India,359
2021-12-01,"AQ Zion Saga","Atliq Exclusive",India,252
2021-12-01,"AQ Zion Saga","Atliq Exclusive",India,463
2021-12-01,"AQ Mforce Gen X","Atliq Exclusive",India,1461
2021-12-01,"AQ Mforce Gen X","Atliq Exclusive",India,2079
2021-12-01,"AQ Mforce Gen X","Atliq Exclusive",India,2246
2021-12-01,"AQ Mforce Gen X","Atliq Exclusive",India,1356
2021-12-01,"AQ Mforce Gen Y","Atliq Exclusive",India,2336
2021-12-01,"AQ Mforce Gen Y","Atliq Exclusive",India,1775
2021-12-01,"AQ Mforce Gen Y","Atliq Exclusive",India,366
2021-12-01,"AQ Mforce Gen Y","Atliq Exclusive",India,2022
2021-12-01,"AQ Mforce Gen Y","Atliq Exclusive",India,1094
2021-12-01,"AQ Mforce Gen Z","Atliq Exclusive",India,1470
2021-12-01,"AQ Mforce Gen Z","Atliq Exclusive",India,2369
2021-12-01,"AQ Mforce Gen Z","Atliq Exclusive",India,390
2021-12-01,"AQ Mforce Gen Z","Atliq Exclusive",India,1565
2021-12-01,"AQ Mforce Gen Z","Atliq Exclusive",India,728
2021-12-01,"AQ Mforce Gen Z","Atliq Exclusive",India,243
2021-12-01,"AQ Mforce Gen Z","Atliq Exclusive",India,1266
2021-12-01,"AQ Mforce Gen Z","Atliq Exclusive",India,481
2021-12-01,"AQ GT 21","Atliq Exclusive",India,276
2021-12-01,"AQ GT 21","Atliq Exclusive",India,1737
2021-12-01,"AQ GT 21","Atliq Exclusive",India,790
2021-12-01,"AQ GT 21","Atliq Exclusive",India,1085
2021-12-01,"AQ Marquee P3","Atliq Exclusive",India,347
2021-12-01,"AQ Marquee P3","Atliq Exclusive",India,381
2021-12-01,"AQ Marquee P3","Atliq Exclusive",India,1456
2021-12-01,"AQ Marquee P3","Atliq Exclusive",India,1960
2021-12-01,"AQ Marquee P4","Atliq Exclusive",India,457
2021-12-01,"AQ Marquee P4","Atliq Exclusive",India,1889
2021-12-01,"AQ Marquee P4","Atliq Exclusive",India,847
2021-12-01,"AQ Marquee P4","Atliq Exclusive",India,680
2021-12-01,"AQ 5000 Series Electron 8 5900X Desktop Processor","Atliq Exclusive",India,1693
2021-12-01,"AQ 5000 Series Electron 8 5900X Desktop Processor","Atliq Exclusive",India,1398
2021-12-01,"AQ 5000 Series Electron 8 5900X Desktop Processor","Atliq Exclusive",India,849
2021-12-01,"AQ 5000 Series Ultron 8 5900X Desktop Processor","Atliq Exclusive",India,1684
2021-12-01,"AQ 5000 Series Ultron 8 5900X Desktop Processor","Atliq Exclusive",India,478
2021-12-01,"AQ 5000 Series Ultron 8 5900X Desktop Processor","Atliq Exclusive",India,2087
2021-12-01,"AQ Electron 5 3600 Desktop Processor","Atliq Exclusive",India,666
2021-12-01,"AQ Electron 5 3600 Desktop Processor","Atliq Exclusive",India,291
2021-12-01,"AQ Electron 5 3600 Desktop Processor","Atliq Exclusive",India,446
2021-12-01,"AQ Electron 4 3600 Desktop Processor","Atliq Exclusive",India,310
2021-12-01,"AQ Electron 4 3600 Desktop Processor","Atliq Exclusive",India,1187
2021-12-01,"AQ Electron 4 3600 Desktop Processor","Atliq Exclusive",India,1346
2021-12-01,"AQ Electron 3 3600 Desktop Processor","Atliq Exclusive",India,1215
2021-12-01,"AQ Electron 3 3600 Desktop Processor","Atliq Exclusive",India,1459
2021-12-01,"AQ Electron 3 3600 Desktop Processor","Atliq Exclusive",India,1632
2021-12-01,"AQ MB Crossx","Atliq Exclusive",India,415
2021-12-01,"AQ MB Crossx","Atliq Exclusive",India,1245
2021-12-01,"AQ MB Crossx","Atliq Exclusive",India,519
2021-12-01,"AQ MB Crossx","Atliq Exclusive",India,519
2021-12-01,"AQ MB Crossx 2","Atliq Exclusive",India,1826
2021-12-01,"AQ MB Crossx 2","Atliq Exclusive",India,933
2021-12-01,"AQ MB Crossx 2","Atliq Exclusive",India,204
2021-12-01,"AQ MB Crossx 2","Atliq Exclusive",India,289
2021-12-01,"AQ MB Lito","Atliq Exclusive",India,989
2021-12-01,"AQ MB Lito","Atliq Exclusive",India,1278
2021-12-01,"AQ MB Lito","Atliq Exclusive",India,678
2021-12-01,"AQ MB Lito","Atliq Exclusive",India,1011
2021-12-01,"AQ MB Lito 2","Atliq Exclusive",India,1845
2021-12-01,"AQ MB Lito 2","Atliq Exclusive",India,1704
2021-12-01,"AQ MB Lito 2","Atliq Exclusive",India,1271
2021-12-01,"AQ MB Lito 2","Atliq Exclusive",India,1708
2021-12-01,"AQ Master wired x1 Ms","Atliq Exclusive",India,1901
2021-12-01,"AQ Master wired x1 Ms","Atliq Exclusive",India,1542
2021-12-01,"AQ Master wired x1 Ms","Atliq Exclusive",India,647
2021-12-01,"AQ Master wired x1 Ms","Atliq Exclusive",India,749
2021-12-01,"AQ Master wireless x1 Ms","Atliq Exclusive",India,304
2021-12-01,"AQ Master wireless x1 Ms","Atliq Exclusive",India,788
2021-12-01,"AQ Master wireless x1 Ms","Atliq Exclusive",India,2124
2021-12-01,"AQ Master wireless x1 Ms","Atliq Exclusive",India,1666
2021-12-01,"AQ Master wireless x1 Ms","Atliq Exclusive",India,1833
2021-12-01,"AQ Master wireless x1 Ms","Atliq Exclusive",India,355
2021-12-01,"AQ Gamers Ms","Atliq Exclusive",India,236
2021-12-01,"AQ Gamers Ms","Atliq Exclusive",India,869
2021-12-01,"AQ Gamers Ms","Atliq Exclusive",India,1563
2021-12-01,"AQ Gamers Ms","Atliq Exclusive",India,1469
2021-12-01,"AQ Gamers Ms","Atliq Exclusive",India,1657
2021-12-01,"AQ Gamers Ms","Atliq Exclusive",India,462
2021-12-01,"AQ Lite Ms","Atliq Exclusive",India,724
2021-12-01,"AQ Lite Ms","Atliq Exclusive",India,265
2021-12-01,"AQ Lite Ms","Atliq Exclusive",India,1833
2021-12-01,"AQ Lite Ms","Atliq Exclusive",India,1088
2021-12-01,"AQ Lite Ms","Atliq Exclusive",India,655
2021-12-01,"AQ Lite Ms","Atliq Exclusive",India,1225
2021-12-01,"AQ Maxima Ms","Atliq Exclusive",India,347
2021-12-01,"AQ Maxima Ms","Atliq Exclusive",India,1404
2021-12-01,"AQ Maxima Ms","Atliq Exclusive",India,1041
2021-12-01,"AQ Maxima Ms","Atliq Exclusive",India,582
2021-12-01,"AQ Maxima Ms","Atliq Exclusive",India,355
2021-12-01,"AQ Maxima Ms","Atliq Exclusive",India,1850
2021-12-01,"AQ Qwerty Ms","Atliq Exclusive",India,1696
2021-12-01,"AQ Qwerty Ms","Atliq Exclusive",India,1332
2021-12-01,"AQ Qwerty Ms","Atliq Exclusive",India,1058
2021-12-01,"AQ Qwerty Ms","Atliq Exclusive",India,291
2021-12-01,"AQ Qwerty Ms","Atliq Exclusive",India,1811
2021-12-01,"AQ Qwerty Ms","Atliq Exclusive",India,745
2021-12-01,"AQ Trigger Ms","Atliq Exclusive",India,1781
2021-12-01,"AQ Trigger Ms","Atliq Exclusive",India,724
2021-12-01,"AQ Trigger Ms","Atliq Exclusive",India,1700
2021-12-01,"AQ Trigger Ms","Atliq Exclusive",India,1165
2021-12-01,"AQ Trigger Ms","Atliq Exclusive",India,467
2021-12-01,"AQ Trigger Ms","Atliq Exclusive",India,1631
2021-12-01,"AQ Lumina Ms","Atliq Exclusive",India,1589
2021-12-01,"AQ Lumina Ms","Atliq Exclusive",India,1315
2021-12-01,"AQ Lumina Ms","Atliq Exclusive",India,1036
2021-12-01,"AQ Lumina Ms","Atliq Exclusive",India,1935
2021-12-01,"AQ Lumina Ms","Atliq Exclusive",India,2025
2021-12-01,"AQ Lumina Ms","Atliq Exclusive",India,1965
2021-12-01,"AQ Master wired x1","Atliq Exclusive",India,1031
2021-12-01,"AQ Master wired x1","Atliq Exclusive",India,1625
2021-12-01,"AQ Master wired x1","Atliq Exclusive",India,438
2021-12-01,"AQ Master wireless x1","Atliq Exclusive",India,422
2021-12-01,"AQ Master wireless x1","Atliq Exclusive",India,662
2021-12-01,"AQ Master wireless x1","Atliq Exclusive",India,769
2021-12-01,"AQ Master wireless x1","Atliq Exclusive",India,377
2021-12-01,"AQ Master wireless x1","Atliq Exclusive",India,495
2021-12-01,"AQ Master wireless x1","Atliq Exclusive",India,582
2021-12-01,"AQ Gamers ","Atliq Exclusive",India,449
2021-12-01,"AQ Gamers ","Atliq Exclusive",India,1290
2021-12-01,"AQ Gamers ","Atliq Exclusive",India,525
2021-12-01,"AQ Gamers ","Atliq Exclusive",India,940
2021-12-01,"AQ Gamers ","Atliq Exclusive",India,971
2021-12-01,"AQ Gamers ","Atliq Exclusive",India,350
2021-12-01,"AQ Lite","Atliq Exclusive",India,1797
2021-12-01,"AQ Lite","Atliq Exclusive",India,1667
2021-12-01,"AQ Lite","Atliq Exclusive",India,1831
2021-12-01,"AQ Lite","Atliq Exclusive",India,1698
2021-12-01,"AQ Lite","Atliq Exclusive",India,190
2021-12-01,"AQ Lite","Atliq Exclusive",India,1819
2021-12-01,"AQ Maxima","Atliq Exclusive",India,468
2021-12-01,"AQ Maxima","Atliq Exclusive",India,1671
2021-12-01,"AQ Maxima","Atliq Exclusive",India,571
2021-12-01,"AQ Maxima","Atliq Exclusive",India,674
2021-12-01,"AQ Maxima","Atliq Exclusive",India,1100
2021-12-01,"AQ Maxima","Atliq Exclusive",India,1081
2021-12-01,"AQ Qwerty","Atliq Exclusive",India,887
2021-12-01,"AQ Qwerty","Atliq Exclusive",India,1576
2021-12-01,"AQ Qwerty","Atliq Exclusive",India,830
2021-12-01,"AQ Qwerty","Atliq Exclusive",India,297
2021-12-01,"AQ Qwerty","Atliq Exclusive",India,1610
2021-12-01,"AQ Qwerty","Atliq Exclusive",India,1195
2021-12-01,"AQ Trigger","Atliq Exclusive",India,1850
2021-12-01,"AQ Trigger","Atliq Exclusive",India,415
2021-12-01,"AQ Trigger","Atliq Exclusive",India,1054
2021-12-01,"AQ Trigger","Atliq Exclusive",India,845
2021-12-01,"AQ Trigger","Atliq Exclusive",India,194
2021-12-01,"AQ Trigger","Atliq Exclusive",India,1035
2021-12-01,"AQ Lumina","Atliq Exclusive",India,1134
2021-12-01,"AQ Lumina","Atliq Exclusive",India,666
2021-12-01,"AQ Lumina","Atliq Exclusive",India,373
2021-12-01,"AQ Lumina","Atliq Exclusive",India,750
2021-12-01,"AQ Lumina","Atliq Exclusive",India,868
2021-12-01,"AQ Lumina","Atliq Exclusive",India,567
2021-12-01,"AQ LION x1","Atliq Exclusive",India,926
2021-12-01,"AQ LION x1","Atliq Exclusive",India,1238
2021-12-01,"AQ LION x1","Atliq Exclusive",India,1419
2021-12-01,"AQ LION x1","Atliq Exclusive",India,453
2021-12-01,"AQ LION x2","Atliq Exclusive",India,804
2021-12-01,"AQ LION x2","Atliq Exclusive",India,1443
2021-12-01,"AQ LION x2","Atliq Exclusive",India,1821
2021-12-01,"AQ LION x2","Atliq Exclusive",India,248
2021-12-01,"AQ LION x3","Atliq Exclusive",India,1301
2021-12-01,"AQ LION x3","Atliq Exclusive",India,1880
2021-12-01,"AQ LION x3","Atliq Exclusive",India,1695
2021-12-01,"AQ LION x3","Atliq Exclusive",India,836
2021-12-01,"AQ Mx NB","Atliq Exclusive",India,1750
2021-12-01,"AQ Mx NB","Atliq Exclusive",India,848
2021-12-01,"AQ Mx NB","Atliq Exclusive",India,989
2021-12-01,"AQ Mx NB","Atliq Exclusive",India,1936
2021-12-01,"AQ Mx NB","Atliq Exclusive",India,907
2021-12-01,"AQ Aspiron","Atliq Exclusive",India,203
2021-12-01,"AQ Aspiron","Atliq Exclusive",India,156
2021-12-01,"AQ Aspiron","Atliq Exclusive",India,94
2021-12-01,"AQ Digit","Atliq Exclusive",India,141
2021-12-01,"AQ Digit","Atliq Exclusive",India,176
2021-12-01,"AQ Digit","Atliq Exclusive",India,176
2021-12-01,"AQ Digit","Atliq Exclusive",India,199
2021-12-01,"AQ Digit","Atliq Exclusive",India,63
2021-12-01,"AQ Digit","Atliq Exclusive",India,74
2021-12-01,"AQ Digit","Atliq Exclusive",India,51
2021-12-01,"AQ Digit","Atliq Exclusive",India,164
2021-12-01,"AQ Velocity","Atliq Exclusive",India,113
2021-12-01,"AQ Velocity","Atliq Exclusive",India,223
2021-12-01,"AQ Velocity","Atliq Exclusive",India,102
2021-12-01,"AQ Velocity","Atliq Exclusive",India,86
2021-12-01,"AQ Velocity","Atliq Exclusive",India,74
2021-12-01,"AQ Velocity","Atliq Exclusive",India,106
2021-12-01,"AQ Elite","Atliq Exclusive",India,195
2021-12-01,"AQ Elite","Atliq Exclusive",India,74
2021-12-01,"AQ Elite","Atliq Exclusive",India,156
2021-12-01,"AQ Elite","Atliq Exclusive",India,149
2021-12-01,"AQ Elite","Atliq Exclusive",India,191
2021-12-01,"AQ Elite","Atliq Exclusive",India,59
2021-12-01,"AQ Elite","Atliq Exclusive",India,164
2021-12-01,"AQ Elite","Atliq Exclusive",India,176
2021-12-01,"AQ Gen X","Atliq Exclusive",India,102
2021-12-01,"AQ Gen X","Atliq Exclusive",India,180
2021-12-01,"AQ Gen X","Atliq Exclusive",India,47
2021-12-01,"AQ Gen X","Atliq Exclusive",India,94
2021-12-01,"AQ Gen X","Atliq Exclusive",India,223
2021-12-01,"AQ Gen X","Atliq Exclusive",India,137
2021-12-01,"AQ Gen X","Atliq Exclusive",India,86
2021-12-01,"AQ Gen X","Atliq Exclusive",India,82
2021-12-01,"AQ Gen Y","Atliq Exclusive",India,106
2021-12-01,"AQ Gen Y","Atliq Exclusive",India,145
2021-12-01,"AQ Gen Y","Atliq Exclusive",India,215
2021-12-01,"AQ Gen Y","Atliq Exclusive",India,203
2021-12-01,"AQ Gen Y","Atliq Exclusive",India,66
2021-12-01,"AQ Gen Y","Atliq Exclusive",India,184
2021-12-01,"AQ Gen Y","Atliq Exclusive",India,164
2021-12-01,"AQ Gen Y","Atliq Exclusive",India,82
2021-12-01,"AQ GEN Z","Atliq Exclusive",India,43
2021-12-01,"AQ GEN Z","Atliq Exclusive",India,141
2021-12-01,"AQ GEN Z","Atliq Exclusive",India,160
2021-12-01,"AQ GEN Z","Atliq Exclusive",India,51
2021-12-01,"AQ GEN Z","Atliq Exclusive",India,86
2021-12-01,"AQ GEN Z","Atliq Exclusive",India,223
2021-12-01,"AQ GEN Z","Atliq Exclusive",India,223
2021-12-01,"AQ GEN Z","Atliq Exclusive",India,102
2021-12-01,"AQ F16","Atliq Exclusive",India,141
2021-12-01,"AQ F16","Atliq Exclusive",India,78
2021-12-01,"AQ F16","Atliq Exclusive",India,223
2021-12-01,"AQ F16","Atliq Exclusive",India,70
2021-12-01,"AQ F16","Atliq Exclusive",India,223
2021-12-01,"AQ F16","Atliq Exclusive",India,149
2021-12-01,"AQ F16","Atliq Exclusive",India,199
2021-12-01,"AQ F16","Atliq Exclusive",India,113
2021-12-01,"AQ BZ 101","Atliq Exclusive",India,180
2021-12-01,"AQ BZ 101","Atliq Exclusive",India,65
2021-12-01,"AQ BZ 101","Atliq Exclusive",India,157
2021-12-01,"AQ BZ 101","Atliq Exclusive",India,134
2021-12-01,"AQ BZ Compact","Atliq Exclusive",India,162
2021-12-01,"AQ BZ Compact","Atliq Exclusive",India,162
2021-12-01,"AQ BZ Compact","Atliq Exclusive",India,263
2021-12-01,"AQ BZ Compact","Atliq Exclusive",India,120
2021-12-01,"AQ BZ Compact","Atliq Exclusive",India,102
2021-12-01,"AQ BZ Compact","Atliq Exclusive",India,134
2021-12-01,"AQ BZ Compact","Atliq Exclusive",India,134
2021-12-01,"AQ BZ Compact","Atliq Exclusive",India,116
2021-12-01,"AQ BZ Gen Y","Atliq Exclusive",India,46
2021-12-01,"AQ BZ Gen Y","Atliq Exclusive",India,254
2021-12-01,"AQ BZ Gen Y","Atliq Exclusive",India,213
2021-12-01,"AQ BZ Gen Y","Atliq Exclusive",India,226
2021-12-01,"AQ BZ Gen Y","Atliq Exclusive",India,139
2021-12-01,"AQ BZ Gen Y","Atliq Exclusive",India,203
2021-12-01,"AQ BZ Gen Y","Atliq Exclusive",India,157
2021-12-01,"AQ BZ Gen Z","Atliq Exclusive",India,250
2021-12-01,"AQ BZ Gen Z","Atliq Exclusive",India,213
2021-12-01,"AQ BZ Gen Z","Atliq Exclusive",India,106
2021-12-01,"AQ BZ Gen Z","Atliq Exclusive",India,226
2021-12-01,"AQ BZ Gen Z","Atliq Exclusive",India,157
2021-12-01,"AQ BZ Gen Z","Atliq Exclusive",India,129
2021-12-01,"AQ BZ Gen Z","Atliq Exclusive",India,79
2021-12-01,"AQ Gamer 1","Atliq Exclusive",India,271
2021-12-01,"AQ Gamer 1","Atliq Exclusive",India,163
2021-12-01,"AQ Gamer 1","Atliq Exclusive",India,231
2021-12-01,"AQ Gamer 1","Atliq Exclusive",India,81
2021-12-01,"AQ Gamer 1","Atliq Exclusive",India,72
2021-12-01,"AQ Gamer 1","Atliq Exclusive",India,154
2021-12-01,"AQ Gamer 2","Atliq Exclusive",India,77
2021-12-01,"AQ Gamer 2","Atliq Exclusive",India,253
2021-12-01,"AQ Gamer 2","Atliq Exclusive",India,149
2021-12-01,"AQ Gamer 2","Atliq Exclusive",India,95
2021-12-01,"AQ Gamer 2","Atliq Exclusive",India,221
2021-12-01,"AQ Gamer 2","Atliq Exclusive",India,59
2021-12-01,"AQ Gamer 2","Atliq Exclusive",India,262
2021-12-01,"AQ Gamer 2","Atliq Exclusive",India,185
2021-12-01,"AQ Gamer 3","Atliq Exclusive",India,167
2021-12-01,"AQ Gamer 3","Atliq Exclusive",India,176
2021-12-01,"AQ Gamer 3","Atliq Exclusive",India,118
2021-12-01,"AQ Gamer 3","Atliq Exclusive",India,176
2021-12-01,"AQ Gamer 3","Atliq Exclusive",India,262
2021-12-01,"AQ Smash 1","Atliq Exclusive",India,190
2021-12-01,"AQ Smash 1","Atliq Exclusive",India,258
2021-12-01,"AQ Smash 1","Atliq Exclusive",India,99
2021-12-01,"AQ Smash 1","Atliq Exclusive",India,99
2021-12-01,"AQ Smash 1","Atliq Exclusive",India,145
2021-12-01,"AQ Smash 1","Atliq Exclusive",India,244
2021-12-01,"AQ Smash 1","Atliq Exclusive",India,181
2021-12-01,"AQ Smash 1","Atliq Exclusive",India,122
2021-12-01,"AQ Smash 2","Atliq Exclusive",India,217
2021-12-01,"AQ Smash 2","Atliq Exclusive",India,122
2021-12-01,"AQ Smash 2","Atliq Exclusive",India,271
2021-12-01,"AQ Smash 2","Atliq Exclusive",India,154
2021-12-01,"AQ Smash 2","Atliq Exclusive",India,108
2021-12-01,"AQ Smash 2","Atliq Exclusive",India,212
2021-12-01,"AQ Smash 2","Atliq Exclusive",India,244
2021-12-01,"AQ Smash 2","Atliq Exclusive",India,199
2021-12-01,"AQ BZ Allin1","Atliq Exclusive",India,157
2021-12-01,"AQ BZ Allin1","Atliq Exclusive",India,162
2021-12-01,"AQ BZ Allin1","Atliq Exclusive",India,129
2021-12-01,"AQ BZ Allin1","Atliq Exclusive",India,226
2021-12-01,"AQ BZ Allin1","Atliq Exclusive",India,79
2021-12-01,"AQ BZ Allin1","Atliq Exclusive",India,240
2021-12-01,"AQ BZ Allin1 Gen 2","Atliq Exclusive",India,60
2021-12-01,"AQ BZ Allin1 Gen 2","Atliq Exclusive",India,111
2021-12-01,"AQ BZ Allin1 Gen 2","Atliq Exclusive",India,194
2021-12-01,"AQ BZ Allin1 Gen 2","Atliq Exclusive",India,226
2021-12-01,"AQ BZ Allin1 Gen 2","Atliq Exclusive",India,254
2021-12-01,"AQ BZ Allin1 Gen 2","Atliq Exclusive",India,51
2021-12-01,"AQ BZ Allin1 Gen 2","Atliq Exclusive",India,51
2021-12-01,"AQ BZ Allin1 Gen 2","Atliq Exclusive",India,134
2021-12-01,"AQ Home Allin1","Atliq Exclusive",India,99
2021-12-01,"AQ Home Allin1","Atliq Exclusive",India,201
2021-12-01,"AQ Home Allin1","Atliq Exclusive",India,230
2021-12-01,"AQ Home Allin1","Atliq Exclusive",India,222
2021-12-01,"AQ Home Allin1","Atliq Exclusive",India,136
2021-12-01,"AQ Home Allin1","Atliq Exclusive",India,90
2021-12-01,"AQ HOME Allin1 Gen 2","Atliq Exclusive",India,185
2021-12-01,"AQ HOME Allin1 Gen 2","Atliq Exclusive",India,218
2021-12-01,"AQ HOME Allin1 Gen 2","Atliq Exclusive",India,177
2021-12-01,"AQ HOME Allin1 Gen 2","Atliq Exclusive",India,214
2021-12-01,"AQ HOME Allin1 Gen 2","Atliq Exclusive",India,177
2021-12-01,"AQ HOME Allin1 Gen 2","Atliq Exclusive",India,132
2021-12-01,"AQ HOME Allin1 Gen 2","Atliq Exclusive",India,119
2021-12-01,"AQ HOME Allin1 Gen 2","Atliq Exclusive",India,53
2021-12-01,"AQ Digit SSD","Atliq Exclusive",India,1600
2021-12-01,"AQ Neuer SSD","Atliq Exclusive",India,1845
2021-12-01,"AQ Neuer SSD","Atliq Exclusive",India,995
2021-12-01,"AQ Neuer SSD","Atliq Exclusive",India,1070
2021-12-01,"AQ Clx1","Atliq Exclusive",India,1791
2021-12-01,"AQ Clx1","Atliq Exclusive",India,1215
2021-12-01,"AQ Clx1","Atliq Exclusive",India,535
2021-12-01,"AQ Clx2","Atliq Exclusive",India,755
2021-12-01,"AQ Clx2","Atliq Exclusive",India,1932
2021-12-01,"AQ Clx2","Atliq Exclusive",India,344
2021-12-01,"AQ Clx3","Atliq Exclusive",India,896
2021-12-01,"AQ Clx3","Atliq Exclusive",India,1422
2021-12-01,"AQ Clx3","Atliq Exclusive",India,668
2021-12-01,"AQ Pen Drive 2 IN 1","Atliq Exclusive",India,1063
2021-12-01,"AQ Pen Drive DRC","Atliq Exclusive",India,1802
2021-12-01,"AQ Pen Drive DRC","Atliq Exclusive",India,489
2021-12-01,"AQ Pen Drive DRC","Atliq Exclusive",India,1110
2021-12-01,"AQ Wi Power Dx2","Atliq Exclusive",India,713
2021-12-01,"AQ Wi Power Dx2","Atliq Exclusive",India,1381
2021-12-01,"AQ Wi Power Dx2","Atliq Exclusive",India,777
2021-12-01,"AQ Wi Power Dx3","Atliq Exclusive",India,829
2021-12-01,"AQ Wi Power Dx3","Atliq Exclusive",India,1283
2021-12-01,"AQ Wi Power Dx3","Atliq Exclusive",India,1366
